// Auto-generated by Schematik image embed — do not edit by hand.
// The pixel data is compiled into the firmware; no filesystem upload is
// needed. Draw it with Arduino_GFX:
//   lock_wallpaper: gfx->draw16bitRGBBitmap(x, y, LOCK_WALLPAPER_DATA, LOCK_WALLPAPER_WIDTH, LOCK_WALLPAPER_HEIGHT);
#pragma once
#include <Arduino.h>

#define LOCK_WALLPAPER_WIDTH  320
#define LOCK_WALLPAPER_HEIGHT 240

// 153600 bytes (320x240 RGB565)
const uint16_t LOCK_WALLPAPER_DATA[] PROGMEM = {
  0xE632, 0xDE32, 0xDE32, 0xD611, 0xD611, 0xD612, 0xCDF1, 0xCDD1, 0xD5F1, 0xD5F1, 0xD5F1, 0xCDD1,
  0xCDD1, 0xD5D1, 0xCDB1, 0xCDB0, 0xCDB0, 0xCDB0, 0xCDB0, 0xCDB1, 0xCDB0, 0xC58F, 0xC56F, 0xC56F,
  0xC56F, 0xBD2E, 0xBD2E, 0xBD0D, 0xB4ED, 0xB4ED, 0xACED, 0xACCD, 0xA4CD, 0xA4CD, 0xA4AD, 0xA4AD,
  0xA4CE, 0xA4AE, 0xA4AD, 0xA4AD, 0x9CAD, 0xA4CD, 0xACCE, 0xACCE, 0xACEE, 0xAD0F, 0xBD70, 0xC5F3,
  0xC614, 0xC5F4, 0xC614, 0xC5F4, 0xC5D4, 0xC5B3, 0xC5D3, 0xC5D3, 0xC5B3, 0xC5B3, 0xC5D3, 0xCDF4,
  0xD614, 0xD635, 0xD635, 0xDE34, 0xEE74, 0xF6D6, 0xFEF6, 0xF694, 0xDE12, 0xCDB0, 0xC56F, 0xBD4E,
  0xBD2E, 0xB50E, 0xB50E, 0xB50E, 0xB50F, 0xB52F, 0xB52F, 0xB50F, 0xB50F, 0xB50F, 0xB50F, 0xB52F,
  0xB52F, 0xB50E, 0xACEE, 0xACEF, 0xACCF, 0xACEF, 0xACCE, 0xA4AE, 0xA4AE, 0xA4AE, 0x9C8D, 0x946D,
  0x8C4D, 0x8C2D, 0x8C2D, 0x8C0D, 0x8C0D, 0x840D, 0x83ED, 0x83ED, 0x83ED, 0x83ED, 0x7BCD, 0x7BED,
  0x7BEE, 0x7BCD, 0x7BCD, 0x7C0E, 0x7C0E, 0x7C0E, 0x842E, 0x8C4F, 0x8C6F, 0x94B0, 0x9CD1, 0x9CB1,
  0x9CB0, 0xA4D0, 0xA4CF, 0xA4CF, 0xACF0, 0xAD11, 0xA4D1, 0x9CF1, 0xA531, 0xC5B3, 0xE696, 0xF717,
  0xF6D6, 0xE674, 0xD613, 0xCDD3, 0xC5B3, 0xCDD3, 0xD5F3, 0xD5F3, 0xCDB2, 0xC592, 0xBD51, 0xB550,
  0xBD50, 0xC591, 0xCD92, 0xC571, 0xBD51, 0xB551, 0xAD10, 0xACF0, 0xA4D0, 0xA4D0, 0x9CAF, 0x9CAF,
  0x948F, 0x8C4E, 0x8C2E, 0x8C2E, 0x8C2E, 0x8C0E, 0x8C2E, 0x840E, 0x840E, 0x842E, 0x840E, 0x7BEE,
  0x7BCE, 0x7BCE, 0x73AD, 0x73AD, 0x73AD, 0x73AE, 0x6BAD, 0x73AD, 0x6BAD, 0x6B8D, 0x6B8D, 0x636D,
  0x638D, 0x636D, 0x638E, 0x638D, 0x6B8E, 0x6BAE, 0x6BCE, 0x73EF, 0x73EF, 0x73EF, 0x7C0F, 0x8450,
  0x842F, 0x840F, 0x842F, 0x8430, 0x8450, 0x8450, 0x842F, 0x7C2F, 0x7C0F, 0x7BEF, 0x73EF, 0x6BCE,
  0x6BAE, 0x636E, 0x636E, 0x636D, 0x5B4D, 0x5B4D, 0x5B4D, 0x5B4D, 0x532D, 0x532D, 0x5B2D, 0x5B2D,
  0x5B2D, 0x5B2D, 0x5B4E, 0x5B4E, 0x5B4D, 0x5B4D, 0x5B4D, 0x5B4D, 0x638E, 0x63AF, 0x6BCF, 0x6BD0,
  0x6BCF, 0x6BAF, 0x6BAF, 0x6BAF, 0x6BCF, 0x6BCF, 0x7410, 0x7C10, 0x7C10, 0x7C10, 0x7C0F, 0x7C10,
  0x7C30, 0x8430, 0x840F, 0x7C0F, 0x8430, 0x8430, 0x8471, 0x8CB2, 0x8C91, 0x8470, 0x8470, 0x8470,
  0x8430, 0x8451, 0x8C91, 0x94D2, 0x94B1, 0x8C71, 0x8450, 0x8470, 0x8C91, 0x9CD1, 0xA533, 0x9D12,
  0x94B1, 0x9491, 0x8CB2, 0x8CB2, 0x8CB2, 0x8CB2, 0x94B1, 0x94B1, 0x94B1, 0x8C71, 0x8C71, 0x8C91,
  0x8CB1, 0x9491, 0x8C91, 0x8C91, 0x8471, 0x8471, 0x8451, 0x8471, 0x8471, 0x7C51, 0x7C51, 0x7431,
  0x7C31, 0x7C31, 0x7431, 0x6C11, 0x7412, 0x7452, 0x7C72, 0x8492, 0x8492, 0x8C93, 0x8492, 0x8492,
  0x8C92, 0x8471, 0x8451, 0x8471, 0x7C50, 0x7410, 0x7410, 0x73F0, 0x7410, 0x7C10, 0x8450, 0x8471,
  0x8C71, 0x9491, 0x94B1, 0x8C71, 0x8450, 0x8450, 0x7C2F, 0x7C0F, 0xE652, 0xE673, 0xE653, 0xE653,
  0xDE32, 0xDE52, 0xDE32, 0xDE11, 0xD611, 0xDE12, 0xDE12, 0xDE12, 0xD611, 0xD611, 0xD5F1, 0xD5F1,
  0xD5F0, 0xD5D1, 0xD5D1, 0xD5F1, 0xCDD0, 0xCDB0, 0xC58F, 0xC58F, 0xC56F, 0xC54F, 0xBD4E, 0xBD4E,
  0xBD2E, 0xB50E, 0xB4ED, 0xACCD, 0xACCD, 0xACCD, 0xA4CD, 0xA4AD, 0xA4AD, 0xA4AD, 0xA4AD, 0xA4AD,
  0xA4AD, 0xA4AD, 0xA4AD, 0xA4AD, 0xA4AD, 0xACCE, 0xACEE, 0xAD0F, 0xAD30, 0xB571, 0xC5B3, 0xC5F3,
  0xC5F4, 0xC614, 0xC614, 0xC614, 0xC5F4, 0xC614, 0xCE14, 0xCE14, 0xCE14, 0xD635, 0xD614, 0xDE34,
  0xEE74, 0xEE94, 0xDE33, 0xD5F1, 0xCD90, 0xC54F, 0xBD2F, 0xB50E, 0xB50E, 0xB50E, 0xB50F, 0xBD2F,
  0xBD2F, 0xB52F, 0xBD2F, 0xBD50, 0xBD50, 0xBD50, 0xB52F, 0xB52F, 0xB52F, 0xB52F, 0xB50F, 0xB50F,
  0xB50F, 0xB510, 0xB50F, 0xACCE, 0xA4AE, 0xA4AE, 0x9C8D, 0x946D, 0x946D, 0x8C2D, 0x8C2D, 0x8C2D,
  0x8C0D, 0x8C0D, 0x840D, 0x83ED, 0x83ED, 0x83ED, 0x83ED, 0x7BED, 0x7BED, 0x7BED, 0x7BEE, 0x7BEE,
  0x7C0E, 0x840E, 0x840E, 0x842E, 0x8C6F, 0x9CD0, 0xA512, 0xA4F2, 0xA511, 0xAD32, 0xAD11, 0xA4F0,
  0xAD11, 0xB552, 0xA532, 0xA512, 0xAD53, 0xC5B4, 0xDE35, 0xE676, 0xE696, 0xDE54, 0xD613, 0xC5D3,
  0xCDD2, 0xD5F3, 0xD5F3, 0xD5D2, 0xCDD2, 0xCD92, 0xC591, 0xC591, 0xCDB1, 0xD5B2, 0xD5D2, 0xCDB2,
  0xC591, 0xBD51, 0xB530, 0xAD10, 0xACF0, 0xA4D0, 0x9CAF, 0x9CAF, 0x948F, 0x946E, 0x946E, 0x8C4E,
  0x8C4E, 0x8C2E, 0x8C0E, 0x8C0E, 0x840E, 0x840E, 0x840E, 0x840E, 0x7BEE, 0x7BEE, 0x7BEE, 0x7BCE,
  0x7BEE, 0x73CE, 0x73AE, 0x73CE, 0x73CE, 0x6BAD, 0x6B8D, 0x6B8D, 0x6BAD, 0x638D, 0x638D, 0x6B8D,
  0x6B8E, 0x6BAE, 0x6BAE, 0x740F, 0x7C30, 0x8430, 0x8430, 0x7C0F, 0x8430, 0x8C50, 0x9470, 0x94B1,
  0x9490, 0x8C90, 0x8C50, 0x8450, 0x8430, 0x7C0F, 0x7C0F, 0x73EF, 0x6BCF, 0x6BAE, 0x6B8E, 0x638E,
  0x636E, 0x634D, 0x5B4D, 0x5B4D, 0x532D, 0x532D, 0x5B2D, 0x5B2D, 0x5B2D, 0x5B4D, 0x5B4E, 0x5B4E,
  0x5B4D, 0x5B4D, 0x5B4D, 0x5B4D, 0x5B6E, 0x63AE, 0x6BEF, 0x73F0, 0x73F0, 0x73EF, 0x73EF, 0x73EF,
  0x73EF, 0x740F, 0x7C10, 0x7C0F, 0x7C0F, 0x7C30, 0x7C0F, 0x7C30, 0x8450, 0x8C50, 0x8C70, 0x8C91,
  0x8C91, 0x8C91, 0x94B1, 0x94D2, 0x94B2, 0x8C91, 0x8450, 0x8450, 0x8471, 0x8C71, 0x8C91, 0x94B2,
  0x8CB2, 0x8C71, 0x8C71, 0x8C91, 0x8C91, 0x8C91, 0x94D2, 0x94B2, 0x8C91, 0x94B2, 0x94D2, 0x8CB2,
  0x94D2, 0x94D2, 0xA4F2, 0x9CD1, 0x94B1, 0x94B1, 0x9491, 0x94B1, 0x94B1, 0x9491, 0x9491, 0x8C91,
  0x8471, 0x8471, 0x8471, 0x8492, 0x8471, 0x7C51, 0x7451, 0x7431, 0x7430, 0x7431, 0x7431, 0x7431,
  0x7C52, 0x7452, 0x7C51, 0x8472, 0x8492, 0x8C72, 0x8492, 0x8472, 0x8451, 0x7C50, 0x8451, 0x8470,
  0x8450, 0x8450, 0x7C30, 0x7C0F, 0x8430, 0x8430, 0x8C70, 0x9491, 0x9491, 0x94B1, 0x94B1, 0x9491,
  0x8C71, 0x8C50, 0x8430, 0x8430, 0xEED4, 0xEEB4, 0xEE94, 0xEE94, 0xEE94, 0xEE93, 0xEE93, 0xE673,
  0xE673, 0xE653, 0xE652, 0xE673, 0xE652, 0xDE52, 0xDE32, 0xDE12, 0xDE12, 0xDE12, 0xD5F1, 0xD611,
  0xD5D1, 0xD5D1, 0xCDB0, 0xCD90, 0xCD90, 0xC58F, 0xC56F, 0xBD4E, 0xBD2E, 0xBD2E, 0xB50D, 0xB4ED,
  0xACED, 0xACCD, 0xACCD, 0xACCD, 0xA4CD, 0xA4AD, 0xA4AD, 0xA4AD, 0xA4AD, 0xA4AD, 0xA4AD, 0xA4AD,
  0xA4AD, 0xA4CE, 0xACCE, 0xACEE, 0xACEE, 0xACEE, 0xB52F, 0xBD70, 0xCDD2, 0xD675, 0xD655, 0xD675,
  0xDEB6, 0xD675, 0xCE55, 0xCE35, 0xD635, 0xD635, 0xCDF4, 0xCDF2, 0xCDD2, 0xCDD1, 0xCDB1, 0xCDB0,
  0xBD6F, 0xBD2F, 0xBD0F, 0xBD0F, 0xB50F, 0xBD2F, 0xBD2F, 0xBD2F, 0xBD4F, 0xBD4F, 0xBD4F, 0xBD70,
  0xBD70, 0xBD70, 0xBD4F, 0xBD4F, 0xBD2F, 0xBD2F, 0xBD2F, 0xBD2F, 0xB52F, 0xBD50, 0xB50F, 0xACEF,
  0xA4AE, 0xA48D, 0x9C8D, 0x9C6D, 0x944D, 0x942D, 0x8C2D, 0x8C0C, 0x8C0D, 0x8C0D, 0x8C0D, 0x840D,
  0x83ED, 0x83ED, 0x83ED, 0x83ED, 0x7BED, 0x7BED, 0x7BED, 0x7C0E, 0x840E, 0x842E, 0x842E, 0x8C4E,
  0x946F, 0x9CD0, 0xAD32, 0xAD53, 0xAD73, 0xB593, 0xB593, 0xB553, 0xAD52, 0xB573, 0xB572, 0xB573,
  0xC593, 0xCDF4, 0xD614, 0xD634, 0xD614, 0xCE14, 0xCDF3, 0xC5D3, 0xCDD2, 0xD613, 0xDE13, 0xDE13,
  0xDE13, 0xD5F2, 0xD5F3, 0xD5F2, 0xDE13, 0xDE13, 0xDE13, 0xCDD2, 0xC5B2, 0xBD51, 0xB531, 0xAD11,
  0xAD10, 0xACF0, 0xA4D0, 0x9CAF, 0x9CAF, 0x9C8F, 0x946F, 0x946E, 0x8C4E, 0x8C4E, 0x8C2E, 0x8C4E,
  0x8C2E, 0x8C4E, 0x8C2E, 0x8C2E, 0x840E, 0x840D, 0x840E, 0x83EE, 0x83EE, 0x7BEE, 0x7BCE, 0x7BCE,
  0x7BCE, 0x73AD, 0x73AD, 0x73AD, 0x6BAD, 0x6B8E, 0x6B8D, 0x6B8E, 0x6B8D, 0x6BAE, 0x73CE, 0x7C0F,
  0x8450, 0x8C71, 0x8C91, 0x8C91, 0x94B1, 0x9CD1, 0xA4D1, 0x9CD1, 0x9CB0, 0x94B0, 0x8C70, 0x8C50,
  0x8450, 0x8450, 0x7C2F, 0x7C0F, 0x73EF, 0x73CF, 0x6B8E, 0x6B8E, 0x638E, 0x636D, 0x5B4D, 0x5B4D,
  0x5B4D, 0x5B2D, 0x5B2D, 0x5B2D, 0x5B4D, 0x5B4D, 0x5B4D, 0x636E, 0x636E, 0x636D, 0x636E, 0x636D,
  0x63AE, 0x73EF, 0x7C30, 0x8450, 0x8450, 0x7C30, 0x7C30, 0x8450, 0x7C30, 0x7C2F, 0x7C0F, 0x8430,
  0x8450, 0x8C70, 0x8C70, 0x8C91, 0x8C91, 0x94B1, 0x9490, 0x9CB1, 0x9CF2, 0x9CD1, 0x9CD1, 0x9CD2,
  0x94B2, 0x8C91, 0x8450, 0x8C70, 0x8C91, 0x94B1, 0x9CD2, 0x94D2, 0x8C71, 0x8471, 0x8C91, 0x8C91,
  0x8C91, 0x8471, 0x8C92, 0x8CB2, 0x8CB2, 0x8CD3, 0x94D2, 0x9CD2, 0x9CF2, 0x9CD1, 0x9CB0, 0x9CB1,
  0x9CD1, 0x9CD1, 0x9CD1, 0x94B1, 0x9491, 0x9491, 0x8C91, 0x8C91, 0x8C92, 0x8491, 0x8491, 0x8491,
  0x8471, 0x7C51, 0x7431, 0x7431, 0x7431, 0x7431, 0x7C52, 0x7452, 0x7452, 0x7431, 0x7C31, 0x7C51,
  0x8471, 0x8471, 0x8471, 0x8471, 0x8471, 0x8450, 0x8C91, 0x94B1, 0x9CD1, 0x9CF2, 0x9CD2, 0x94B1,
  0x8C70, 0x8C50, 0x8C90, 0x9CD2, 0xA4F3, 0x9CF2, 0x94B1, 0x8C71, 0x8C50, 0x8450, 0x8450, 0x8430,
  0xFF16, 0xF6F6, 0xF6F6, 0xF6D5, 0xF6D5, 0xF6D5, 0xF6F5, 0xF6D5, 0xF6D5, 0xEE94, 0xEE93, 0xE673,
  0xE673, 0xE653, 0xE653, 0xE653, 0xE673, 0xE652, 0xDE32, 0xDE32, 0xDE31, 0xDE12, 0xD5F1, 0xCDD0,
  0xCD90, 0xC58F, 0xC56F, 0xC54F, 0xBD2E, 0xBD2E, 0xB52E, 0xB50E, 0xB4ED, 0xACED, 0xACCD, 0xACCD,
  0xACCD, 0xACCD, 0xACCD, 0xA4AD, 0xA4AD, 0xA4AD, 0xA4AD, 0xA4AD, 0xA4AD, 0xA4AD, 0xA4AD, 0xACCE,
  0xACEE, 0xACEE, 0xB50E, 0xC570, 0xCDD2, 0xDE35, 0xDE55, 0xEEB6, 0xF6F7, 0xEEB6, 0xDE76, 0xD655,
  0xE696, 0xDE55, 0xCDF3, 0xCDD2, 0xC5B1, 0xBD70, 0xBD4F, 0xBD4F, 0xBD4F, 0xBD2F, 0xBD2F, 0xBD2F,
  0xBD2F, 0xBD2F, 0xBD2F, 0xBD2E, 0xBD0E, 0xBD2F, 0xC54F, 0xC570, 0xC590, 0xCDB1, 0xCDB1, 0xC590,
  0xBD50, 0xBD50, 0xBD50, 0xBD4F, 0xBD2F, 0xB52F, 0xB4EE, 0xACEE, 0xACCE, 0xA4AD, 0x9C8D, 0x9C8D,
  0x9C6D, 0x944D, 0x942D, 0x8C2C, 0x8C0C, 0x83EC, 0x8C0D, 0x8C0D, 0x840D, 0x840D, 0x83ED, 0x83ED,
  0x7BED, 0x7BED, 0x7BED, 0x7BED, 0x840D, 0x840D, 0x842E, 0x8C4E, 0x946F, 0x9CB0, 0xAD52, 0xB593,
  0xB5B4, 0xB5B4, 0xB594, 0xB594, 0xBDB4, 0xC5F4, 0xCE35, 0xDE55, 0xEED6, 0xE6B5, 0xDE74, 0xD634,
  0xC5D2, 0xC5B3, 0xC5B3, 0xC5D3, 0xCDF3, 0xDE34, 0xE654, 0xE675, 0xE674, 0xEE75, 0xE674, 0xEE74,
  0xEE95, 0xDE34, 0xD5D3, 0xBD71, 0xB551, 0xAD10, 0xACF0, 0xAD10, 0xAD11, 0xACF0, 0xACF0, 0xA4AF,
  0xA4AF, 0x9C8F, 0x9C6F, 0x946F, 0x946E, 0x946E, 0x944E, 0x946E, 0x946E, 0x944F, 0x944E, 0x8C4E,
  0x8C2E, 0x8C2D, 0x8C0E, 0x840E, 0x840E, 0x840E, 0x83EE, 0x7BEE, 0x7BEE, 0x73AD, 0x73AD, 0x73AD,
  0x73AD, 0x73AE, 0x6BAD, 0x6BAD, 0x73AE, 0x73AE, 0x73CE, 0x7C0F, 0x8C91, 0x9CD2, 0x9D12, 0xA513,
  0x9CF2, 0xAD33, 0xB553, 0xA4F1, 0x9CD0, 0x94B0, 0x9490, 0x8C70, 0x8C70, 0x8C50, 0x842F, 0x842F,
  0x7C0F, 0x73CE, 0x73CE, 0x6BAE, 0x6B8E, 0x6B8E, 0x636D, 0x634D, 0x634D, 0x5B4D, 0x5B4D, 0x5B4D,
  0x5B4D, 0x634D, 0x5B4D, 0x634D, 0x636E, 0x6BAE, 0x6B8E, 0x6BAE, 0x73EE, 0x7C2F, 0x8C91, 0x9CF2,
  0x9CF2, 0x94B2, 0x8C91, 0x8C91, 0x8C91, 0x8C90, 0x8C90, 0x8C70, 0x8C90, 0x8C70, 0x9490, 0x9490,
  0x9490, 0x9CB1, 0xA4F1, 0xA4D1, 0xA4D1, 0xA512, 0xA4F1, 0xA4F2, 0x9CB1, 0x9491, 0x94B1, 0x94B1,
  0x9CD1, 0x9D12, 0x9CD2, 0x8CB1, 0x8471, 0x8471, 0x8C91, 0x8471, 0x8450, 0x8451, 0x8471, 0x8492,
  0x8C92, 0x8C92, 0x94D2, 0xA512, 0xA532, 0x9CD1, 0x94B0, 0x9CD1, 0x9CD1, 0x9CB1, 0x9CB1, 0x94B1,
  0x94B1, 0x8C91, 0x8C70, 0x8C91, 0x8C91, 0x8C91, 0x8491, 0x8471, 0x8451, 0x7C52, 0x7431, 0x7431,
  0x7431, 0x7431, 0x7431, 0x7431, 0x7431, 0x7431, 0x7C52, 0x7C52, 0x7C71, 0x7C71, 0x8471, 0x8471,
  0x8C91, 0x8C91, 0x8C91, 0x94B1, 0x94B1, 0x9CD1, 0x9CD1, 0xA4F2, 0x9CD1, 0x94B1, 0x94B1, 0x9CD2,
  0x9CD2, 0x94B1, 0x9491, 0x8C71, 0x8C50, 0x8450, 0x8450, 0x8430, 0xF6D5, 0xFEF6, 0xFF37, 0xFF37,
  0xFF37, 0xFF16, 0xFF16, 0xFF17, 0xFF16, 0xF6D5, 0xF6B4, 0xEE94, 0xEE94, 0xEE94, 0xEE94, 0xEE94,
  0xEEB4, 0xEEB4, 0xEE73, 0xE652, 0xDE31, 0xDE12, 0xD5F1, 0xD5D1, 0xCDB0, 0xCD90, 0xC58F, 0xC56F,
  0xBD4F, 0xBD2E, 0xBD2E, 0xBD2E, 0xB50D, 0xB50D, 0xB4ED, 0xACCD, 0xACED, 0xACED, 0xACCC, 0xACCD,
  0xACCD, 0xACAD, 0xA4AD, 0xA4AD, 0xA4AD, 0xA4AD, 0xA4AD, 0xA4CD, 0xA4CD, 0xACCD, 0xB52E, 0xC570,
  0xC590, 0xC591, 0xCDB1, 0xD5F3, 0xE654, 0xE674, 0xDE55, 0xD614, 0xD5F3, 0xCDF2, 0xCDB1, 0xC591,
  0xBD70, 0xBD70, 0xBD4F, 0xBD2F, 0xBD4F, 0xBD4F, 0xC56F, 0xC56F, 0xC56F, 0xBD4F, 0xBD4F, 0xBD2F,
  0xBD2E, 0xBD2E, 0xBD2F, 0xC56F, 0xD5F1, 0xD5F1, 0xD5D1, 0xCDB1, 0xC570, 0xBD4F, 0xBD2F, 0xBD2F,
  0xB52E, 0xB50E, 0xB4EE, 0xACCE, 0xACAE, 0xA4AD, 0xA4AD, 0xA4AD, 0xA48E, 0x9C6D, 0x944D, 0x944D,
  0x8C2C, 0x8C0C, 0x8C0D, 0x840C, 0x840D, 0x840D, 0x840D, 0x83ED, 0x83ED, 0x83ED, 0x7BED, 0x7BED,
  0x840D, 0x842D, 0x842D, 0x842D, 0x8C4E, 0x9C6F, 0x9CAF, 0xAD52, 0xAD93, 0xA573, 0xAD94, 0xB5B4,
  0xBDD4, 0xD615, 0xEED6, 0xFEF6, 0xFED6, 0xEED6, 0xDE55, 0xCDF4, 0xCDD4, 0xC5B3, 0xC5B4, 0xC5D4,
  0xCDF4, 0xD634, 0xDE55, 0xDE54, 0xE674, 0xEE95, 0xF6B5, 0xEEB5, 0xD633, 0xC571, 0xBD31, 0xB511,
  0xAD10, 0xACEF, 0xA4CF, 0xACF0, 0xACF0, 0xA4F0, 0xACF0, 0xACD0, 0xA4CF, 0xA4AF, 0x9CAF, 0x9CAF,
  0x9C8F, 0x9C8F, 0x9C8F, 0x9C8F, 0x9CAF, 0x946F, 0x946F, 0x948F, 0x946E, 0x8C6E, 0x8C4E, 0x8C2E,
  0x8C2E, 0x8C2E, 0x840E, 0x840E, 0x840E, 0x7BEE, 0x7BEE, 0x7BCE, 0x7BCE, 0x73CE, 0x73CE, 0x73CE,
  0x7BCE, 0x7BEF, 0x7C0F, 0x7C0F, 0x8C70, 0x9CF2, 0xA513, 0xA532, 0xA532, 0xAD12, 0xAD12, 0xACF1,
  0xA4D1, 0x9CD0, 0x9490, 0x9490, 0x8C70, 0x8C4F, 0x8C50, 0x844F, 0x844F, 0x7C0F, 0x7C0F, 0x7BEF,
  0x73CE, 0x73AE, 0x6B8E, 0x636D, 0x636D, 0x636D, 0x634D, 0x636D, 0x634D, 0x636E, 0x636D, 0x636E,
  0x6B8E, 0x73AE, 0x73CF, 0x7C30, 0x7C2F, 0x8470, 0x9D12, 0xAD53, 0xA512, 0x94D2, 0x94B1, 0x9491,
  0x94B1, 0x94B1, 0x94B1, 0x94B1, 0x9490, 0x94B1, 0x9CD1, 0x9CD1, 0x9CF1, 0xAD12, 0xB532, 0xB532,
  0xAD12, 0xAD12, 0xA4F2, 0xA512, 0xA512, 0xA512, 0x9CD1, 0x9CB1, 0x94B0, 0x94B0, 0x8C71, 0x8C71,
  0x8471, 0x8471, 0x8471, 0x8451, 0x7C50, 0x8450, 0x8C71, 0x8C92, 0x8C92, 0x8C92, 0x94B1, 0x9CF2,
  0x9CD1, 0x9CB1, 0x94B1, 0x94B1, 0x9CB1, 0x94B1, 0x9491, 0x9490, 0x8C70, 0x8C71, 0x8C70, 0x8C91,
  0x8471, 0x8471, 0x8472, 0x7C51, 0x7C51, 0x7C31, 0x7C51, 0x7C52, 0x7432, 0x7432, 0x7432, 0x7431,
  0x7451, 0x7431, 0x7452, 0x7452, 0x7472, 0x7471, 0x8471, 0x8471, 0x8C91, 0x8C91, 0x8C70, 0x8C70,
  0x9491, 0x94B1, 0x94B1, 0x9CD2, 0x94B1, 0x94B1, 0x9491, 0x9491, 0x8C91, 0x8C71, 0x8C50, 0x8C71,
  0x8C71, 0x8C50, 0x8450, 0x8450, 0xEEB5, 0xF6F6, 0xFF37, 0xFF58, 0xFF78, 0xFF58, 0xFF58, 0xFF58,
  0xFF37, 0xFF37, 0xF717, 0xF717, 0xFF17, 0xF6F6, 0xF6D6, 0xF6D5, 0xEED5, 0xEE94, 0xE653, 0xDE32,
  0xD5F1, 0xD5F1, 0xD5F0, 0xD5B0, 0xCDB0, 0xCDB0, 0xCD90, 0xC56F, 0xC56F, 0xC54F, 0xBD4E, 0xBD2E,
  0xBD2E, 0xBD2E, 0xB50D, 0xB50D, 0xB50D, 0xB4ED, 0xB4ED, 0xACCD, 0xACCD, 0xACCD, 0xACCD, 0xACAD,
  0xA4AD, 0xA4AD, 0xA4CD, 0xA4CD, 0xACCD, 0xACEE, 0xB52F, 0xBD4F, 0xBD70, 0xBD90, 0xBD70, 0xBD50,
  0xCDD2, 0xD634, 0xCDF4, 0xC5B3, 0xC5B2, 0xC5B2, 0xC5B1, 0xC5B1, 0xC591, 0xC570, 0xC571, 0xC590,
  0xC590, 0xC58F, 0xC590, 0xCDB0, 0xCD90, 0xCD90, 0xC590, 0xC590, 0xC56F, 0xBD4F, 0xBD4F, 0xC56F,
  0xCDB0, 0xCDB1, 0xC56F, 0xBD4F, 0xBD4F, 0xBD2F, 0xB52F, 0xB50E, 0xB50E, 0xB50E, 0xB50E, 0xACED,
  0xACCD, 0xA4AD, 0xA4AD, 0xA4AD, 0xA48D, 0x9C8D, 0x9C6D, 0x944C, 0x8C2C, 0x8C2D, 0x8C0C, 0x8C0D,
  0x8C0D, 0x8C0D, 0x840D, 0x83EC, 0x83EC, 0x83ED, 0x83ED, 0x83ED, 0x83ED, 0x840D, 0x8C4E, 0x946F,
  0x948F, 0x9C8F, 0x9CB0, 0x9CF1, 0xA552, 0xA553, 0xAD73, 0xB5B4, 0xBDD5, 0xDE77, 0xEE96, 0xEE96,
  0xDE76, 0xD635, 0xCE15, 0xCE15, 0xD636, 0xCE35, 0xCE15, 0xCDF5, 0xC5F4, 0xCDF4, 0xCE14, 0xD614,
  0xE676, 0xEED6, 0xE675, 0xD613, 0xC5B1, 0xBD51, 0xB530, 0xB531, 0xB531, 0xACF0, 0xACF0, 0xACF0,
  0xACF0, 0xAD10, 0xACEF, 0xACF0, 0xACF0, 0xACD0, 0xA4D0, 0xA4AF, 0xA4CF, 0xA4AF, 0xA4B0, 0xA4AF,
  0xA4AF, 0xA4B0, 0x9C8F, 0x9C8F, 0x9C8F, 0x9C8F, 0x946F, 0x944F, 0x946F, 0x8C4E, 0x8C2E, 0x8C2E,
  0x840E, 0x840E, 0x840E, 0x7C0E, 0x7BEE, 0x7BEE, 0x7BEE, 0x7BEE, 0x83EE, 0x7BEE, 0x842F, 0x844F,
  0x844F, 0x8C70, 0x9CD1, 0x9D12, 0xA512, 0xA4F2, 0xA4F1, 0xACF1, 0xA4D0, 0x9CB0, 0x9CB0, 0x9490,
  0x9490, 0x9490, 0x9470, 0x8C70, 0x8C4F, 0x842F, 0x842F, 0x7C0F, 0x7C0F, 0x73EF, 0x73CE, 0x73CE,
  0x6BAE, 0x6B8E, 0x638E, 0x6B8E, 0x6BAE, 0x6BAE, 0x6BAE, 0x73CF, 0x7BEF, 0x7C0F, 0x8450, 0x94B1,
  0x94B1, 0x9491, 0x9CD1, 0xA4F2, 0x9CD1, 0x94B1, 0x94B0, 0x9CD1, 0xA4F1, 0xA4F1, 0x9CF2, 0x9CD1,
  0xA4D1, 0xAD32, 0xB552, 0xB532, 0xB532, 0xBD53, 0xBD52, 0xB532, 0xB532, 0xB532, 0xB532, 0xB511,
  0xAD11, 0xA4F2, 0x9CB1, 0x9490, 0x9470, 0x9490, 0x8C91, 0x8C91, 0x8450, 0x8470, 0x8471, 0x8450,
  0x8450, 0x8471, 0x8C91, 0x8C92, 0x8CB2, 0x8C92, 0x8C91, 0x94B1, 0x94B1, 0x9491, 0x8C91, 0x94B1,
  0x9CD1, 0x94B1, 0x9490, 0x8C90, 0x8C70, 0x8C71, 0x8C71, 0x8C71, 0x8451, 0x8451, 0x8451, 0x7C51,
  0x7C31, 0x7C51, 0x7C51, 0x7C72, 0x7C52, 0x7451, 0x7C52, 0x7451, 0x7452, 0x7452, 0x7432, 0x7452,
  0x7452, 0x7451, 0x7C51, 0x8C91, 0x94B2, 0x94B2, 0x8C91, 0x8C50, 0x8451, 0x8C71, 0x8C91, 0x8C91,
  0x9491, 0x8C91, 0x8C91, 0x8C91, 0x8C71, 0x8C71, 0x8470, 0x8450, 0x8450, 0x8450, 0x8450, 0x8450,
  0xEED6, 0xF717, 0xFF58, 0xFF99, 0xF779, 0xFF38, 0xFF38, 0xFF79, 0xFF99, 0xFF99, 0xFF99, 0xFF79,
  0xFF58, 0xFF17, 0xF6D6, 0xEEB5, 0xE694, 0xDE33, 0xD612, 0xD5F1, 0xD5F1, 0xDE11, 0xDDF1, 0xD5D0,
  0xD5B0, 0xD5B0, 0xCDB0, 0xCD90, 0xC58F, 0xC56F, 0xC56E, 0xBD4E, 0xBD4E, 0xBD4E, 0xBD4E, 0xBD2E,
  0xBD2E, 0xB50D, 0xB50D, 0xB4ED, 0xB4ED, 0xB4CD, 0xACCC, 0xACCC, 0xACCD, 0xACCD, 0xACED, 0xACCD,
  0xACCD, 0xB4EE, 0xBD4F, 0xBD50, 0xBD70, 0xBD50, 0xB54F, 0xB52F, 0xBD50, 0xC5B1, 0xC5B3, 0xC5D3,
  0xC5D3, 0xCDD2, 0xCDD2, 0xCDD2, 0xCDB1, 0xC5B1, 0xC591, 0xCDB1, 0xCDD1, 0xCDF1, 0xD5D1, 0xD5D1,
  0xD5D1, 0xD5D1, 0xCDD1, 0xCDD1, 0xCDD0, 0xCDB0, 0xCDB0, 0xCDB0, 0xCD90, 0xC590, 0xC56F, 0xBD4F,
  0xB52E, 0xB50E, 0xB50E, 0xB4EE, 0xACCD, 0xACCD, 0xACED, 0xACED, 0xACAD, 0xACAE, 0xACAE, 0xA4AD,
  0xA48D, 0x9C8D, 0x9C6D, 0x944C, 0x942C, 0x942C, 0x8C2C, 0x8C2D, 0x8C2D, 0x8C0D, 0x8C0D, 0x83EC,
  0x83EC, 0x83EC, 0x840D, 0x840D, 0x840D, 0x8C0D, 0x8C2E, 0x946F, 0x9CB0, 0x9CD0, 0xAD11, 0xAD52,
  0xAD52, 0xAD73, 0xB573, 0xB593, 0xBDD5, 0xD616, 0xE676, 0xE696, 0xCE35, 0xC5F5, 0xBDF5, 0xC615,
  0xCE15, 0xCE35, 0xCE36, 0xCE16, 0xC5F5, 0xC5D4, 0xC5D3, 0xCDF4, 0xD614, 0xD614, 0xCDD2, 0xBD91,
  0xBD71, 0xBD71, 0xBD51, 0xB551, 0xB531, 0xB531, 0xB511, 0xAD10, 0xACF0, 0xAD10, 0xB510, 0xB510,
  0xB510, 0xB510, 0xACF0, 0xACF0, 0xACF0, 0xA4D0, 0xA4D0, 0xA4CF, 0xA4CF, 0xA4D0, 0xA4D0, 0xA4D0,
  0xA4AF, 0x9CAF, 0x9CAF, 0x9C8F, 0x9C8F, 0x944F, 0x8C4E, 0x8C4E, 0x8C2E, 0x8C2E, 0x840E, 0x842E,
  0x842F, 0x842F, 0x840E, 0x840E, 0x840F, 0x840F, 0x8C4F, 0x8C6F, 0x9490, 0x8C4F, 0x9490, 0x9CD1,
  0x9CD2, 0x9CF2, 0x9CF1, 0xA4D1, 0xACF0, 0xA4D1, 0x9CD0, 0x94B0, 0x94D1, 0x94B0, 0x9490, 0x9490,
  0x9490, 0x8C4F, 0x8C4F, 0x842F, 0x842F, 0x842F, 0x842F, 0x7C2F, 0x7C0F, 0x73EF, 0x73CE, 0x73CE,
  0x73EE, 0x7C0E, 0x7C0F, 0x7C30, 0x8430, 0x8C50, 0x94B2, 0xA533, 0xAD12, 0xA4F2, 0x9CD2, 0x9CD2,
  0x9CD1, 0x94B1, 0x9CD1, 0xAD11, 0xAD32, 0xAD32, 0xA512, 0xA4F2, 0xAD12, 0xB553, 0xC5B4, 0xBD72,
  0xBD53, 0xC593, 0xBD73, 0xBD73, 0xC573, 0xBD72, 0xBD72, 0xBD52, 0xA4F1, 0x9CB1, 0x9CB0, 0x9490,
  0x9470, 0x9470, 0x9491, 0x9491, 0x8C70, 0x8C70, 0x8C71, 0x8450, 0x8450, 0x8471, 0x8471, 0x8471,
  0x8C71, 0x8C91, 0x8CB1, 0x8C91, 0x8C91, 0x8C91, 0x8C71, 0x9491, 0x94B1, 0x9491, 0x8C90, 0x8C90,
  0x8C70, 0x8C71, 0x8471, 0x8471, 0x8451, 0x8451, 0x8451, 0x7C51, 0x7C31, 0x7C31, 0x7C31, 0x7C51,
  0x7C51, 0x7C51, 0x7C52, 0x7451, 0x7431, 0x7452, 0x7452, 0x7C52, 0x7C51, 0x7C51, 0x7C51, 0x7C51,
  0x8492, 0x8C71, 0x8C71, 0x8451, 0x8471, 0x8471, 0x8C71, 0x8C71, 0x8C71, 0x8471, 0x8471, 0x8470,
  0x8470, 0x8450, 0x8450, 0x8450, 0x8450, 0x8450, 0x8450, 0x8450, 0xEEF7, 0xF718, 0xFF79, 0xFFBA,
  0xFF7A, 0xF6F7, 0xF738, 0xFF99, 0xFFBA, 0xFFDA, 0xFFDA, 0xFF78, 0xFF57, 0xF6F6, 0xEEB5, 0xE694,
  0xE674, 0xDE33, 0xDE32, 0xD612, 0xD611, 0xDE12, 0xDE12, 0xD611, 0xD5D1, 0xD5D1, 0xCDD1, 0xCDB0,
  0xCDB0, 0xCDB0, 0xC58F, 0xC58F, 0xC56F, 0xBD4E, 0xC56F, 0xBD4E, 0xBD4E, 0xBD2E, 0xBD2E, 0xBD0E,
  0xB50D, 0xB4ED, 0xB4ED, 0xACED, 0xB4ED, 0xB4ED, 0xAD0E, 0xB50E, 0xB4ED, 0xB50E, 0xBD4F, 0xBD4F,
  0xBD4F, 0xBD4F, 0xBD4F, 0xBD4F, 0xBD4F, 0xBD70, 0xBD91, 0xC5B2, 0xCDF3, 0xCDF3, 0xD614, 0xD613,
  0xD5F2, 0xD5F2, 0xD5F2, 0xD612, 0xD612, 0xDE12, 0xDE12, 0xD5F2, 0xD5F2, 0xD5F2, 0xD5F1, 0xDE12,
  0xDDF2, 0xDE12, 0xDDF2, 0xDDF2, 0xD5F1, 0xCDB1, 0xC590, 0xC56F, 0xBD4F, 0xB52E, 0xB50E, 0xB4EE,
  0xACED, 0xACCD, 0xACCD, 0xACCD, 0xACAD, 0xA4AD, 0xACAE, 0xA4AE, 0xA4AD, 0xA48D, 0x9C6D, 0x9C6C,
  0x9C4C, 0x944C, 0x942C, 0x942C, 0x942D, 0x8C2D, 0x8C2D, 0x840C, 0x83EC, 0x840C, 0x8C2D, 0x8C0D,
  0x840C, 0x8C0D, 0x8C2D, 0x946E, 0x948F, 0x9CAF, 0xA510, 0xB552, 0xBD92, 0xC5B3, 0xCE14, 0xCE14,
  0xCE14, 0xCDF4, 0xD614, 0xDE55, 0xCE15, 0xC5F5, 0xBDD5, 0xBDF5, 0xBDF5, 0xBDF5, 0xBDF5, 0xC5D5,
  0xBDB4, 0xBDB3, 0xC5D3, 0xCE14, 0xC5B2, 0xC592, 0xC5B2, 0xC591, 0xC572, 0xBD71, 0xBD71, 0xBD71,
  0xBD71, 0xBD51, 0xB551, 0xB531, 0xB511, 0xB511, 0xAD30, 0xB530, 0xBD71, 0xBD71, 0xBD50, 0xBD50,
  0xB531, 0xACF0, 0xACF0, 0xACF0, 0xACF0, 0xACF0, 0xACD0, 0xA4CF, 0xA4D0, 0xACF0, 0xA4D0, 0xA4AF,
  0x9C8F, 0x9C6F, 0x9C8F, 0x946F, 0x946F, 0x8C4E, 0x8C4F, 0x8C4F, 0x8C2F, 0x844E, 0x844F, 0x844F,
  0x8C4F, 0x8C70, 0x9470, 0x9CB0, 0x9CB1, 0x9C90, 0x9CB0, 0xA4D1, 0xA4F2, 0x9CF2, 0x9CD2, 0xA4F1,
  0xAD11, 0xA4D1, 0x9CD0, 0x9CD1, 0x94B0, 0x9CB0, 0x9CB0, 0x9490, 0x9490, 0x8C70, 0x8C70, 0x8C70,
  0x9470, 0x9490, 0x8C6F, 0x8C4F, 0x8C4F, 0x842F, 0x844F, 0x842F, 0x8450, 0x8470, 0x8C70, 0x8C70,
  0x8C70, 0x8C91, 0x9CF2, 0xAD53, 0xAD33, 0xAD33, 0xA512, 0x9CF2, 0x9CD1, 0x9CD1, 0x9CD1, 0xA4F1,
  0xA511, 0xAD12, 0xA512, 0xA4F2, 0xAD12, 0xAD32, 0xB552, 0xB553, 0xB553, 0xB552, 0xBD72, 0xBD93,
  0xBD92, 0xBD72, 0xB531, 0xAD11, 0xA4F1, 0x9CD1, 0x9CD0, 0x9CB0, 0x9490, 0x9490, 0x9490, 0x94B1,
  0x8C91, 0x8C70, 0x8C71, 0x8C71, 0x8C50, 0x8450, 0x8450, 0x8470, 0x8C71, 0x8C71, 0x8C92, 0x8C91,
  0x8471, 0x8471, 0x8C91, 0x8C92, 0x8C71, 0x8C91, 0x8C91, 0x8C91, 0x8C91, 0x8491, 0x8470, 0x8471,
  0x8471, 0x8451, 0x8451, 0x7C51, 0x7C51, 0x7C31, 0x7C31, 0x7C31, 0x7C51, 0x7C51, 0x7451, 0x7451,
  0x7451, 0x7C31, 0x7C51, 0x7C51, 0x7C51, 0x7C51, 0x7C51, 0x7C51, 0x7C72, 0x8471, 0x8451, 0x8451,
  0x8C71, 0x8C91, 0x8C91, 0x8C91, 0x8471, 0x8452, 0x8451, 0x8471, 0x8470, 0x8450, 0x8451, 0x8451,
  0x8451, 0x8450, 0x8430, 0x8430, 0xEEF7, 0xEF18, 0xF759, 0xFF7A, 0xF759, 0xFF18, 0xFF59, 0xF7BA,
  0xF7DB, 0xF7DB, 0xF799, 0xF778, 0xFF37, 0xF6F6, 0xF6D5, 0xEEB5, 0xE695, 0xE674, 0xE653, 0xE653,
  0xDE53, 0xDE53, 0xDE32, 0xDE12, 0xDE12, 0xD5F1, 0xD5D1, 0xD5F1, 0xD5D1, 0xCDD0, 0xCDB0, 0xCDAF,
  0xC58F, 0xCD8F, 0xC58F, 0xC56F, 0xC56E, 0xC56F, 0xC56F, 0xC54E, 0xBD2E, 0xBD2E, 0xBD2E, 0xB50E,
  0xB50E, 0xBD2E, 0xB52E, 0xBD4E, 0xBD2E, 0xB52E, 0xBD2F, 0xBD4F, 0xBD6F, 0xBD6F, 0xBD6F, 0xBD70,
  0xC590, 0xC5B1, 0xC5B1, 0xC5B1, 0xCDD2, 0xCDF3, 0xD614, 0xD613, 0xD633, 0xDE34, 0xDE54, 0xDE74,
  0xE674, 0xE654, 0xE654, 0xDE33, 0xDE32, 0xDE33, 0xE653, 0xE632, 0xE632, 0xE633, 0xE633, 0xDE32,
  0xD612, 0xD5D1, 0xCD90, 0xC56F, 0xBD4F, 0xBD2F, 0xBD0E, 0xB50E, 0xB4EE, 0xB4EE, 0xB4EE, 0xACCE,
  0xACAD, 0xACAD, 0xACAD, 0xACAD, 0xACAD, 0xA4AD, 0xA48D, 0xA48D, 0x9C8D, 0x9C6C, 0x9C6C, 0x9C4C,
  0x944C, 0x942C, 0x942C, 0x942C, 0x8C2C, 0x8C2C, 0x8C2C, 0x8C2D, 0x8C0C, 0x8C2D, 0x8C4D, 0x946E,
  0x948E, 0x948E, 0xA4EF, 0xAD30, 0xBD72, 0xBD71, 0xBD71, 0xBD51, 0xBD72, 0xC5B3, 0xC5B2, 0xC5B2,
  0xCDD4, 0xCDF4, 0xC615, 0xBDF5, 0xBDF5, 0xBDF5, 0xBDF5, 0xBDD5, 0xCE15, 0xE6B6, 0xE6D7, 0xE696,
  0xDE34, 0xDE34, 0xD613, 0xCDD2, 0xCD92, 0xC592, 0xC592, 0xC592, 0xBD92, 0xBD71, 0xBD91, 0xBD72,
  0xBD52, 0xB532, 0xB531, 0xB551, 0xC5B2, 0xCDD2, 0xC591, 0xC571, 0xB530, 0xB510, 0xB510, 0xB510,
  0xB510, 0xB510, 0xB510, 0xAD10, 0xB510, 0xAD10, 0xACF0, 0xA4CF, 0xA4AF, 0xA4AF, 0xA4AF, 0x9CAF,
  0x9CAF, 0x948F, 0x946F, 0x946F, 0x946F, 0x8C6F, 0x8C6F, 0x94B0, 0x94B0, 0x94D0, 0x9CB0, 0xA4F1,
  0xAD32, 0xAD11, 0xAD32, 0xB573, 0xAD53, 0xA512, 0xA4F2, 0xA4F2, 0xA4D1, 0xA4F1, 0x9CF1, 0x9CD0,
  0x94B0, 0x9CB1, 0x9CB1, 0x94B0, 0x94B0, 0x9490, 0x94B1, 0x9CD1, 0x9CB0, 0x9CD1, 0x9CB0, 0x9490,
  0x9490, 0x94B0, 0x94B0, 0x94B0, 0x94B0, 0x9490, 0x9CB0, 0x9CD1, 0x9CF1, 0x9CF2, 0xA513, 0xA533,
  0xA512, 0xA512, 0xA512, 0x9CF2, 0x9CF2, 0x9CF1, 0xA4F1, 0xAD11, 0xA511, 0xA512, 0xA512, 0xA512,
  0xA512, 0xA512, 0xAD32, 0xAD32, 0xAD32, 0xAD12, 0xB551, 0xB551, 0xB531, 0xB532, 0xAD11, 0xA4D1,
  0xA4F1, 0xA4F1, 0xA4D0, 0x9CB0, 0x9C90, 0x9490, 0x9490, 0x94B1, 0x94B1, 0x94B1, 0x94B1, 0x8C91,
  0x8C71, 0x8C70, 0x8C70, 0x8C91, 0x8C91, 0x8C91, 0x8C91, 0x8CB2, 0x8C91, 0x8C91, 0x8C91, 0x8C92,
  0x8C71, 0x8C91, 0x8C91, 0x8C71, 0x8C71, 0x8471, 0x8471, 0x8491, 0x8471, 0x7C51, 0x8451, 0x7C30,
  0x7C30, 0x7C51, 0x7C51, 0x8471, 0x7C51, 0x7C51, 0x7C51, 0x7C51, 0x7C51, 0x7C31, 0x7C31, 0x7C51,
  0x7C51, 0x7C31, 0x7452, 0x7C52, 0x7C51, 0x7C51, 0x7C51, 0x7C51, 0x7C30, 0x8450, 0x8450, 0x8450,
  0x8471, 0x8472, 0x8471, 0x8491, 0x8491, 0x8491, 0x8C71, 0x8C71, 0x8C71, 0x8C51, 0x8450, 0x8430,
  0xEED7, 0xEEF8, 0xEF19, 0xF739, 0xF718, 0xFF39, 0xFF9A, 0xFFDA, 0xFFDA, 0xFF9A, 0xFF79, 0xFF58,
  0xF717, 0xF6D6, 0xEED5, 0xEED5, 0xEEB5, 0xEE95, 0xEE94, 0xEEB4, 0xE694, 0xE673, 0xE653, 0xDE32,
  0xDE32, 0xD611, 0xD611, 0xD612, 0xD611, 0xD611, 0xD5F1, 0xD5F0, 0xD5D0, 0xD5D0, 0xD5D0, 0xCDB0,
  0xCDAF, 0xCD8F, 0xCD8F, 0xC58F, 0xC56F, 0xC54F, 0xC56E, 0xBD4E, 0xC56F, 0xBD4F, 0xBD4F, 0xBD4E,
  0xBD2E, 0xBD2E, 0xBD2E, 0xBD2F, 0xBD2F, 0xC570, 0xCDD1, 0xCDD1, 0xD5F2, 0xD5F2, 0xD5F3, 0xD613,
  0xCDF3, 0xD613, 0xD613, 0xD633, 0xDE54, 0xDE75, 0xE675, 0xE695, 0xE6B5, 0xEE95, 0xE674, 0xE694,
  0xE674, 0xEE94, 0xEE94, 0xEE73, 0xE653, 0xE633, 0xE612, 0xDE12, 0xD5F1, 0xD5D1, 0xCD90, 0xC590,
  0xC56F, 0xC54F, 0xBD4F, 0xBD2E, 0xB50E, 0xBD0E, 0xBD2E, 0xB50E, 0xBD2E, 0xBD2E, 0xB50E, 0xB50E,
  0xB4EE, 0xACCE, 0xACCE, 0xACAD, 0xA4AD, 0xA48D, 0xA48C, 0x9C8D, 0x9C6D, 0x9C4D, 0x944C, 0x942C,
  0x944C, 0x944C, 0x944D, 0x944D, 0x8C4D, 0x944D, 0x944D, 0x946D, 0x946E, 0x948E, 0x9CAE, 0xA4CF,
  0x9CAE, 0x9C8E, 0xA4AF, 0xA4CF, 0xACF0, 0xB530, 0xB550, 0xAD30, 0xB530, 0xBD92, 0xC5F4, 0xC5F5,
  0xBDF5, 0xBDF5, 0xBDD4, 0xCE15, 0xF718, 0xFF58, 0xFF59, 0xFF18, 0xFEF7, 0xFED7, 0xEE95, 0xDE34,
  0xDE13, 0xD5F3, 0xCDB3, 0xC593, 0xBD92, 0xBD71, 0xBD92, 0xC5B2, 0xC5B3, 0xBD92, 0xBD72, 0xBD72,
  0xC592, 0xC5B2, 0xC592, 0xC571, 0xBD51, 0xBD51, 0xBD31, 0xBD51, 0xBD51, 0xBD51, 0xBD51, 0xBD51,
  0xB530, 0xB530, 0xB510, 0xB510, 0xACF0, 0xACF0, 0xACF0, 0xACF0, 0xA4F0, 0xA4D0, 0x9CD0, 0x9CAF,
  0x9CB0, 0x9CB0, 0x9CB0, 0xA4D0, 0xA511, 0xAD32, 0xAD11, 0xB552, 0xBD93, 0xBD73, 0xBD93, 0xC5B3,
  0xBD93, 0xB573, 0x9D12, 0x9CF1, 0x9CD0, 0xA4D0, 0x9CF1, 0x9CF1, 0x9CD1, 0xA4D1, 0xA4F1, 0x9CD1,
  0x9CD1, 0x9CD1, 0x9CD1, 0x9CF1, 0xA4F1, 0xA4F1, 0x9CF1, 0x9CF1, 0x9D12, 0x9CF1, 0x9CF1, 0xA4F1,
  0xA4F1, 0xA4D1, 0xA511, 0xAD52, 0xB573, 0xAD33, 0xA512, 0xA533, 0xA512, 0xA512, 0x9D12, 0x9D12,
  0xA512, 0xA4F1, 0xAD12, 0xB573, 0xAD53, 0xA512, 0xA512, 0xAD33, 0xA512, 0xA512, 0xAD32, 0xAD53,
  0xB573, 0xBD73, 0xC593, 0xC572, 0xBD31, 0xAD11, 0xAD12, 0xA4F1, 0xA4F1, 0xAD11, 0xA4F1, 0x9CB0,
  0x9CB0, 0x9490, 0x9CB1, 0x9CB1, 0x9CB1, 0x9CD1, 0x9CF2, 0x9CB1, 0x9CB1, 0x9CD1, 0x94B1, 0x94B2,
  0x94B2, 0x94D2, 0x94B1, 0x8C91, 0x8C91, 0x94B2, 0x94B2, 0x9492, 0x94B2, 0x8C91, 0x8C70, 0x8471,
  0x8471, 0x8470, 0x8450, 0x8471, 0x8471, 0x8451, 0x8450, 0x7C30, 0x7C50, 0x8471, 0x8471, 0x8471,
  0x7C51, 0x7C51, 0x7C51, 0x7C51, 0x7C52, 0x7C31, 0x7C31, 0x7C31, 0x7431, 0x7431, 0x7432, 0x7452,
  0x7C51, 0x7C51, 0x7C51, 0x7C51, 0x7C51, 0x8450, 0x8451, 0x8451, 0x8450, 0x8471, 0x8491, 0x8C91,
  0x8C91, 0x8C91, 0x9491, 0x9490, 0x8C90, 0x8C70, 0x8C70, 0x8450, 0xF717, 0xEEF8, 0xEF19, 0xEEF8,
  0xEEF8, 0xF739, 0xFF9A, 0xF779, 0xF758, 0xF718, 0xF6F7, 0xEEB6, 0xEE95, 0xEE94, 0xE694, 0xE694,
  0xEEB5, 0xEEB5, 0xEEB5, 0xEE94, 0xE694, 0xE674, 0xE674, 0xE673, 0xE653, 0xE653, 0xE653, 0xE653,
  0xE653, 0xE652, 0xDE52, 0xDE32, 0xDE32, 0xDE32, 0xD611, 0xD5F1, 0xD5D0, 0xD5D0, 0xD5D0, 0xD5D0,
  0xCDD0, 0xCDB0, 0xCD90, 0xC58F, 0xC58F, 0xC56F, 0xBD6F, 0xBD4F, 0xBD4F, 0xBD2E, 0xBD2F, 0xBD4F,
  0xBD4F, 0xC570, 0xCDD1, 0xD5F2, 0xDE54, 0xDE54, 0xDE54, 0xDE54, 0xDE54, 0xDE55, 0xD634, 0xD634,
  0xDE55, 0xDE76, 0xE696, 0xDE96, 0xE6B6, 0xEEB6, 0xE695, 0xEEB5, 0xEE94, 0xEE74, 0xEE73, 0xE653,
  0xE632, 0xDE32, 0xDE12, 0xD612, 0xD5F2, 0xD5F1, 0xD5D1, 0xCDB0, 0xC590, 0xC56F, 0xC54F, 0xBD4F,
  0xBD2E, 0xBD2E, 0xBD4F, 0xC56F, 0xCD90, 0xCD90, 0xC56F, 0xBD2F, 0xBD2F, 0xB50E, 0xB4EE, 0xACEE,
  0xACCE, 0xACCD, 0xA4AD, 0xA4AD, 0xA4AD, 0x9C8D, 0x9C6C, 0x9C8D, 0x9C8D, 0x9C6D, 0x9C6D, 0x946D,
  0x946D, 0x946D, 0x9C6D, 0x9C8E, 0x946D, 0x9C8E, 0x9CAE, 0x9CAF, 0x9CAE, 0x9CAF, 0xA4AF, 0xA4AF,
  0xACEF, 0xB530, 0xAD30, 0xACEF, 0xACEF, 0xB510, 0xC5B2, 0xCE15, 0xBDF5, 0xBDF5, 0xBDD5, 0xD656,
  0xEEF8, 0xF718, 0xF6F7, 0xF6D7, 0xF6D7, 0xF6D6, 0xF6B6, 0xE674, 0xDE54, 0xD634, 0xC5D3, 0xC5B4,
  0xBD93, 0xC5B2, 0xC5D3, 0xCDF3, 0xCDF3, 0xCDD3, 0xCDB3, 0xC592, 0xC592, 0xC5B2, 0xC5B2, 0xC592,
  0xC571, 0xC571, 0xC571, 0xC591, 0xC591, 0xC591, 0xC571, 0xBD71, 0xBD71, 0xBD70, 0xBD51, 0xBD51,
  0xBD51, 0xBD51, 0xB531, 0xB531, 0xB531, 0xAD11, 0xA4F1, 0xA4F1, 0xA4F0, 0xA4F0, 0xA4F1, 0xA4F1,
  0xAD52, 0xB553, 0xB532, 0xB552, 0xB573, 0xB552, 0xB532, 0xAD11, 0xAD31, 0xAD52, 0xA532, 0x9CD1,
  0x9CF1, 0xA4F1, 0xA511, 0xA4F1, 0xA512, 0xA4F2, 0xA512, 0x9CF1, 0x9CD1, 0x9CF2, 0x9CD1, 0x9CF1,
  0xA532, 0xA532, 0xA512, 0xA533, 0xAD33, 0xA553, 0xA532, 0xAD52, 0xBD93, 0xC5B3, 0xC5B3, 0xB552,
  0xAD52, 0xA512, 0xA4F2, 0xA532, 0xA512, 0xA512, 0x9D12, 0x9D12, 0xA512, 0xA512, 0xB552, 0xB552,
  0xAD32, 0x9CF2, 0x9CF2, 0xA512, 0xA512, 0xA532, 0xA552, 0xAD73, 0xB573, 0xBD93, 0xCDB3, 0xCD93,
  0xBD52, 0xB552, 0xAD32, 0xA512, 0xA511, 0xAD11, 0xA4F1, 0xA4F1, 0xA4D1, 0xA4D1, 0xA4F1, 0xA4D1,
  0x9CD1, 0xA4F2, 0xA4F2, 0xA4F2, 0xA4F2, 0x9CD1, 0x9CB1, 0x9CD1, 0x94B1, 0x94B1, 0x94B1, 0x9491,
  0x8C91, 0x8C91, 0x94B1, 0x94B2, 0x8CB2, 0x8CB1, 0x8C71, 0x8C91, 0x8C71, 0x8C71, 0x8C91, 0x8C91,
  0x8C71, 0x8C71, 0x8C71, 0x8471, 0x8471, 0x8451, 0x8451, 0x8451, 0x7C51, 0x7C51, 0x8472, 0x7C71,
  0x7C51, 0x7C31, 0x7431, 0x7431, 0x7431, 0x7451, 0x7431, 0x7C31, 0x7C51, 0x7C51, 0x8470, 0x8471,
  0x7C50, 0x8451, 0x8471, 0x8471, 0x8471, 0x8C71, 0x8C91, 0x8C90, 0x8C71, 0x8C91, 0x94B1, 0x9CD1,
  0x94B1, 0x94B1, 0x9490, 0x844F, 0xFF58, 0xF759, 0xF779, 0xF779, 0xF738, 0xF718, 0xF6F8, 0xEEB6,
  0xEEB6, 0xE695, 0xE695, 0xE6B5, 0xE694, 0xE694, 0xE694, 0xE694, 0xEEB5, 0xEEB5, 0xEEB5, 0xEE95,
  0xEE95, 0xEE95, 0xEE94, 0xEE95, 0xEE95, 0xEEB5, 0xEEB5, 0xEEB5, 0xEEB4, 0xEEB4, 0xEE94, 0xE673,
  0xE673, 0xE673, 0xE653, 0xE632, 0xDE32, 0xDE32, 0xDE12, 0xDE11, 0xDDF1, 0xD5D1, 0xD5D1, 0xCDB0,
  0xCDB0, 0xCDB0, 0xC5B0, 0xCDB0, 0xC590, 0xC570, 0xC58F, 0xC56F, 0xC58F, 0xC590, 0xC5B1, 0xCDD1,
  0xD612, 0xDE54, 0xE675, 0xE675, 0xE696, 0xE696, 0xDE96, 0xDE97, 0xDE97, 0xDE97, 0xDE96, 0xE697,
  0xE6B7, 0xEEB6, 0xEEB6, 0xEEB5, 0xEE94, 0xEE94, 0xEE73, 0xE653, 0xE653, 0xDE33, 0xDE32, 0xDE32,
  0xDE12, 0xD612, 0xD5D1, 0xCDB0, 0xCDB0, 0xC590, 0xC56F, 0xBD4F, 0xBD4F, 0xBD4F, 0xC54F, 0xC54F,
  0xC56F, 0xC56F, 0xC56F, 0xBD4E, 0xC54E, 0xBD2E, 0xBD2F, 0xB50F, 0xB4EE, 0xACEE, 0xACEE, 0xACCD,
  0xACCD, 0xACAD, 0xACCD, 0xACCD, 0xACCD, 0xACAD, 0xA4AD, 0xA48D, 0xA48D, 0xA48D, 0xA48D, 0xA4AE,
  0x9C8E, 0xA4AE, 0xA4CE, 0xA4CF, 0xA4CF, 0xA4CF, 0xA4CF, 0xA4AE, 0xAD0F, 0xAD0F, 0xAD0F, 0xACF0,
  0xACF0, 0xACEF, 0xBD71, 0xC5F4, 0xBDF5, 0xBDF6, 0xBDF5, 0xC5F5, 0xD636, 0xDE56, 0xDE35, 0xDE55,
  0xD656, 0xDE75, 0xE675, 0xDE54, 0xD614, 0xCDF4, 0xBDD4, 0xC5D4, 0xC5D4, 0xC5D3, 0xC5F4, 0xCDF4,
  0xD614, 0xD614, 0xCDD3, 0xCDD3, 0xCDD3, 0xCDD3, 0xC5B2, 0xC5B2, 0xC5B2, 0xC5B2, 0xCDB2, 0xCDB2,
  0xCDB2, 0xCDD2, 0xCDD2, 0xC5B1, 0xC5B1, 0xC5B1, 0xC5B2, 0xC5B2, 0xCDB2, 0xCDB2, 0xC592, 0xBD72,
  0xB551, 0xB531, 0xB551, 0xB551, 0xB531, 0xB551, 0xB572, 0xB553, 0xAD53, 0xAD53, 0xAD73, 0xAD73,
  0xAD52, 0xAD52, 0xAD32, 0xAD32, 0xA512, 0xA532, 0xA513, 0xA4F2, 0xA512, 0xA512, 0xAD12, 0xAD11,
  0xAD11, 0xAD32, 0xAD11, 0xAD32, 0xA533, 0xA533, 0xA532, 0xA532, 0xA553, 0xA533, 0xA532, 0xAD33,
  0xAD12, 0xAD53, 0xAD32, 0xAD32, 0xB573, 0xBD93, 0xBD52, 0xB511, 0xACF1, 0xA4F1, 0x9CD1, 0x9CD1,
  0x9CD1, 0x9CD1, 0x94D1, 0x94D1, 0x94D1, 0x9CF2, 0xB553, 0xBD73, 0xB553, 0xA513, 0x9D13, 0xA553,
  0xA553, 0xA553, 0xA532, 0xAD52, 0xAD53, 0xBD72, 0xBD72, 0xBD72, 0xBD72, 0xB573, 0xB573, 0xB573,
  0xAD32, 0xAD12, 0xAD32, 0xAD32, 0xAD32, 0xB532, 0xB532, 0xAD11, 0xA4F1, 0xA4F1, 0xA4F1, 0x9CD1,
  0xA4D1, 0x9CD1, 0x9CB1, 0x9CD1, 0x9CD1, 0x94B1, 0x94B1, 0x9491, 0x8C91, 0x8C71, 0x8C71, 0x8CB1,
  0x8CB2, 0x8CB2, 0x8C71, 0x8C91, 0x8C91, 0x9492, 0x8CB2, 0x8C91, 0x8CB2, 0x8C91, 0x8C71, 0x8C71,
  0x8C91, 0x8C71, 0x8431, 0x8430, 0x8471, 0x8471, 0x8471, 0x8492, 0x7C51, 0x7431, 0x7C51, 0x7C51,
  0x7C51, 0x7C72, 0x7C51, 0x7C51, 0x8492, 0x8471, 0x8470, 0x8C91, 0x8471, 0x8470, 0x8470, 0x8491,
  0x8C91, 0x94B1, 0x9CB1, 0xA4D1, 0xA4D1, 0x94B0, 0x94B0, 0x9CB0, 0x9490, 0x8C70, 0x8C4F, 0x8C4F,
  0xFF57, 0xF737, 0xF757, 0xFF77, 0xFF36, 0xF6F6, 0xEEF6, 0xEEB5, 0xE674, 0xE695, 0xE6B5, 0xE695,
  0xE695, 0xE695, 0xE695, 0xE695, 0xEEB5, 0xEEB5, 0xE694, 0xEE94, 0xEE94, 0xEE95, 0xEEB5, 0xEE95,
  0xEEB5, 0xEEB5, 0xEEB5, 0xF6B6, 0xF6D6, 0xF6F6, 0xF6F6, 0xF6B5, 0xF6B4, 0xF6B4, 0xEE94, 0xEE93,
  0xEE93, 0xEE93, 0xE673, 0xE652, 0xE632, 0xDE32, 0xDE12, 0xDE11, 0xDE12, 0xDE12, 0xD611, 0xD5F1,
  0xD5D1, 0xD5D1, 0xCDD0, 0xCDD0, 0xD5F1, 0xD5F2, 0xD5F2, 0xD5F2, 0xCDF2, 0xD613, 0xE675, 0xEEB6,
  0xEEF7, 0xEEF7, 0xEED7, 0xEED7, 0xEEF7, 0xEED7, 0xEED6, 0xEED7, 0xF6F7, 0xFF17, 0xFF17, 0xFF17,
  0xF6F5, 0xF6B5, 0xF6B4, 0xEEB4, 0xF694, 0xEE94, 0xEE73, 0xE653, 0xE632, 0xDDF2, 0xD5D1, 0xCDD1,
  0xCDD0, 0xCDB0, 0xCDB0, 0xC590, 0xC56F, 0xC56F, 0xC56F, 0xC56F, 0xC56F, 0xC54F, 0xBD4E, 0xC54E,
  0xBD4E, 0xBD4E, 0xBD2E, 0xBD2E, 0xBD2E, 0xBD2F, 0xB50F, 0xB50E, 0xB50E, 0xB50E, 0xBD2E, 0xB52E,
  0xB50E, 0xB50D, 0xB4ED, 0xACED, 0xACEE, 0xACEE, 0xACEE, 0xACEE, 0xACEE, 0xACEF, 0xACEF, 0xACCF,
  0xA4CF, 0xA4EF, 0xACCF, 0xACEF, 0xACEF, 0xAD0F, 0xAD10, 0xAD10, 0xAD30, 0xB530, 0xBD71, 0xCDD3,
  0xD656, 0xC615, 0xC615, 0xD656, 0xD656, 0xD635, 0xC5F4, 0xC5F4, 0xC615, 0xCE35, 0xD635, 0xD635,
  0xCDF4, 0xC5D4, 0xBDD4, 0xBDD4, 0xBDB3, 0xC5D4, 0xC5D4, 0xC5D4, 0xCDF4, 0xCDF4, 0xCDF4, 0xCDF4,
  0xCDF4, 0xCDF3, 0xC5B3, 0xC5B3, 0xCDF3, 0xCDF3, 0xCDD3, 0xCDD3, 0xD5F3, 0xD613, 0xD613, 0xD613,
  0xDDF3, 0xDDF3, 0xD5F3, 0xD5F3, 0xDE13, 0xD5F3, 0xC5B3, 0xB552, 0xB552, 0xBD93, 0xBDB3, 0xCDD2,
  0xCDD2, 0xCDD3, 0xC5B3, 0xBD93, 0xB573, 0xB573, 0xB593, 0xB593, 0xB573, 0xB573, 0xB572, 0xB552,
  0xAD52, 0xAD53, 0xAD33, 0xAD33, 0xAD32, 0xB532, 0xB552, 0xB552, 0xB552, 0xAD32, 0xAD32, 0xAD32,
  0xAD52, 0xAD53, 0xB573, 0xB573, 0xAD53, 0xAD53, 0xB573, 0xB552, 0xAD32, 0xA533, 0xA512, 0xA512,
  0xAD32, 0xAD32, 0xAD32, 0xB532, 0xAD12, 0xA511, 0x9CB1, 0x9CB0, 0x9CB0, 0x94B0, 0x94B0, 0x94B0,
  0x94B1, 0x94D1, 0xA512, 0xBD73, 0xC5D4, 0xBD94, 0xAD54, 0xA554, 0xAD54, 0xAD33, 0xBD32, 0xC573,
  0xBD93, 0xBD73, 0xB573, 0xB573, 0xAD53, 0xB533, 0xB553, 0xB573, 0xB553, 0xB533, 0xB552, 0xB552,
  0xB532, 0xAD32, 0xAD32, 0xAD12, 0xA4F1, 0xA4D1, 0xA4F1, 0xA4D1, 0xA4D2, 0x9CD1, 0x9CD1, 0x9CD1,
  0x9CD2, 0x94D1, 0x94B1, 0x94B1, 0x9491, 0x9491, 0x94B1, 0x8CB1, 0x8CB2, 0x94B2, 0x94B2, 0x94B2,
  0x94B2, 0x94B2, 0x8CB2, 0x8CB1, 0x8C91, 0x9491, 0x9491, 0x94B1, 0x94B1, 0x8C91, 0x8450, 0x8450,
  0x8471, 0x8471, 0x8471, 0x8C92, 0x8472, 0x7C51, 0x7C51, 0x7431, 0x7C51, 0x7C51, 0x7C51, 0x7C71,
  0x8471, 0x8471, 0x8471, 0x8C91, 0x9CB1, 0x94D2, 0x94B1, 0x94B2, 0x94D2, 0xAD11, 0xB531, 0xBD31,
  0xACF0, 0xA4AF, 0x9CB0, 0x946F, 0x8C6F, 0x8C4F, 0x8C4F, 0x8C4F, 0xE672, 0xE652, 0xE652, 0xE672,
  0xDE32, 0xDE12, 0xDE32, 0xDE32, 0xD611, 0xDE52, 0xE693, 0xE694, 0xE695, 0xE695, 0xE695, 0xE695,
  0xE695, 0xE675, 0xE695, 0xE694, 0xEEB5, 0xEEB5, 0xEED5, 0xEEB5, 0xEEB6, 0xE6B6, 0xEEB6, 0xEED6,
  0xF6D6, 0xF6F6, 0xF6D6, 0xF6D6, 0xF6D5, 0xF6D5, 0xF6D5, 0xF6D5, 0xF6D5, 0xF6D4, 0xF6B4, 0xEEB4,
  0xEE94, 0xEE93, 0xEE73, 0xEE73, 0xEE73, 0xEE73, 0xE673, 0xE653, 0xE653, 0xE653, 0xDE32, 0xDE32,
  0xE653, 0xE653, 0xE654, 0xE674, 0xDE53, 0xE674, 0xEE95, 0xE675, 0xE674, 0xE695, 0xDE75, 0xDE74,
  0xE694, 0xEEB5, 0xF6F6, 0xF718, 0xF717, 0xF6F6, 0xF717, 0xFF16, 0xFEF6, 0xFF16, 0xFF36, 0xFF16,
  0xFF16, 0xFEF6, 0xFEB4, 0xEE73, 0xE633, 0xE612, 0xDE12, 0xD611, 0xD5F1, 0xD5D1, 0xD5D1, 0xCDB0,
  0xCDB0, 0xCDB0, 0xCDB0, 0xCDB0, 0xCD90, 0xC56F, 0xC56F, 0xC56F, 0xC56E, 0xC56F, 0xC56F, 0xC54F,
  0xC56F, 0xC56F, 0xC54F, 0xC54F, 0xC54F, 0xC56F, 0xCD8F, 0xCD8F, 0xC56F, 0xC54E, 0xC52E, 0xC54E,
  0xBD4F, 0xBD4E, 0xBD4F, 0xBD4F, 0xBD4F, 0xB52F, 0xB50F, 0xAD0F, 0xACEF, 0xACEF, 0xACCF, 0xACCF,
  0xACCE, 0xACEF, 0xACF0, 0xAD10, 0xB550, 0xC591, 0xD5F3, 0xDE54, 0xE696, 0xCE15, 0xCE14, 0xDE97,
  0xE6B7, 0xE6B7, 0xCE56, 0xC615, 0xC5F5, 0xC616, 0xCE36, 0xCE15, 0xC5D4, 0xBDD4, 0xC5F5, 0xC5F4,
  0xBDD3, 0xC5D5, 0xC5B4, 0xC5D4, 0xCDD4, 0xCDF4, 0xCDF4, 0xCE14, 0xCE14, 0xCDF4, 0xCDF4, 0xCDF4,
  0xCDF4, 0xCDF4, 0xCDF3, 0xCDD4, 0xCDF4, 0xD613, 0xDE34, 0xE655, 0xEE75, 0xEE55, 0xE655, 0xE654,
  0xDE34, 0xCDD3, 0xC5B3, 0xBD93, 0xB593, 0xBDB3, 0xC5F4, 0xD613, 0xDE33, 0xDE14, 0xD5F4, 0xCDD3,
  0xC5D4, 0xC5D4, 0xBDB4, 0xC5B4, 0xC5B3, 0xBD93, 0xBD93, 0xBD93, 0xB573, 0xB573, 0xB573, 0xB553,
  0xB573, 0xBD93, 0xC593, 0xBD72, 0xBD72, 0xB552, 0xA553, 0x9D33, 0xA533, 0xAD53, 0xAD53, 0xB553,
  0xB553, 0xBD93, 0xBDB4, 0xB593, 0xB572, 0xAD33, 0xAD53, 0xAD53, 0xAD32, 0xAD12, 0xAD32, 0xAD32,
  0xAD32, 0xAD12, 0xA4D1, 0x9CB0, 0x9CB0, 0x9490, 0x9490, 0x94B0, 0x94B1, 0x94D2, 0x9CF1, 0xA4F1,
  0xB552, 0xB573, 0xAD53, 0xAD53, 0xB573, 0xCDD4, 0xDE15, 0xDDF3, 0xD5F3, 0xCDF3, 0xC593, 0xB553,
  0xAD52, 0xBD72, 0xBD93, 0xAD52, 0xB552, 0xBD93, 0xCDB3, 0xC572, 0xB531, 0xACF1, 0xA4D1, 0xA4F1,
  0xA4D1, 0xA4D1, 0xA4D1, 0xA4D1, 0xA4D1, 0x9CD1, 0x9CD1, 0x9CB1, 0x9CD1, 0x9CB1, 0x94B1, 0x94B1,
  0x94B1, 0x94B1, 0x94B1, 0x94D2, 0x94D2, 0x94D2, 0x94B2, 0x94B2, 0x94B2, 0x94B2, 0x8CB1, 0x8CB1,
  0x94B1, 0x9CD1, 0xA4F1, 0xA4F2, 0x9CD1, 0x94B1, 0x8C91, 0x8471, 0x8471, 0x8451, 0x8471, 0x8CB2,
  0x84B2, 0x7C72, 0x7C72, 0x7C72, 0x7C51, 0x7C51, 0x7C51, 0x7C51, 0x8471, 0x8471, 0x8C92, 0x94B1,
  0x9CD2, 0x9CF2, 0x9CD2, 0x9CB1, 0x9CB1, 0xA4D0, 0xAD10, 0xAD10, 0xA4CF, 0xA4B0, 0x9C90, 0x946F,
  0x946F, 0x9470, 0x8C6F, 0x8C4F, 0xD5D0, 0xDE11, 0xDE11, 0xE652, 0xE653, 0xDE12, 0xDDF1, 0xD5F1,
  0xD611, 0xD5F1, 0xD611, 0xDE32, 0xDE53, 0xDE53, 0xE674, 0xE695, 0xE695, 0xE695, 0xE6B5, 0xEEF6,
  0xF717, 0xFF16, 0xF6F7, 0xF717, 0xF717, 0xEF17, 0xEF17, 0xF738, 0xF758, 0xFF58, 0xF717, 0xF717,
  0xFF17, 0xFF17, 0xFF16, 0xFEF6, 0xFEF6, 0xFF16, 0xFEF6, 0xFEF5, 0xF6F5, 0xF6D5, 0xF6B5, 0xF6B4,
  0xEE94, 0xEE94, 0xEEB5, 0xEEB4, 0xEEB4, 0xEEB5, 0xEEB5, 0xEEB5, 0xEEB5, 0xEEB5, 0xEEB5, 0xEE95,
  0xEE95, 0xEE95, 0xE694, 0xE654, 0xDE33, 0xDE33, 0xDE13, 0xD612, 0xD612, 0xDE33, 0xDE54, 0xE695,
  0xE695, 0xE695, 0xE695, 0xEEB5, 0xEED6, 0xF6D6, 0xF6F6, 0xFF17, 0xFF17, 0xFEF6, 0xFED5, 0xF6B5,
  0xF6D5, 0xF6B4, 0xEE73, 0xE652, 0xDE32, 0xDE12, 0xDE12, 0xD5F1, 0xD5F1, 0xD5F1, 0xD5D1, 0xD5D1,
  0xCDD1, 0xCDB0, 0xC590, 0xCD90, 0xCDB0, 0xCDB0, 0xCDB0, 0xCDB0, 0xD5B0, 0xD5B0, 0xD5B0, 0xD5B0,
  0xD5B0, 0xD5D1, 0xDDF0, 0xDDF1, 0xD5F0, 0xD5D0, 0xD5B0, 0xD5B0, 0xCDB0, 0xCD90, 0xCD90, 0xC58F,
  0xC570, 0xBD70, 0xBD4F, 0xBD4F, 0xB50E, 0xB50E, 0xACEF, 0xACEE, 0xACEE, 0xACEF, 0xACEF, 0xB510,
  0xB550, 0xBD71, 0xC591, 0xCDD3, 0xD613, 0xD613, 0xCDD3, 0xD5F4, 0xD635, 0xDE55, 0xDE76, 0xE6D7,
  0xD677, 0xCE56, 0xD657, 0xCE15, 0xC5F5, 0xC5F5, 0xC5F5, 0xC5F4, 0xC5F4, 0xBDD5, 0xBDB4, 0xC5D5,
  0xCDF5, 0xCDF4, 0xC5F4, 0xCE15, 0xCE15, 0xCE15, 0xCE15, 0xCE35, 0xCE14, 0xCE14, 0xCE14, 0xCDF4,
  0xCE15, 0xDE54, 0xE675, 0xEE96, 0xF6D7, 0xF6B6, 0xEE96, 0xE696, 0xDE55, 0xD614, 0xCDF4, 0xC5F4,
  0xC5D4, 0xBDB4, 0xCE15, 0xD635, 0xD635, 0xD615, 0xD614, 0xD635, 0xD635, 0xCE15, 0xCE14, 0xCDF4,
  0xCDD4, 0xC5D3, 0xC5B3, 0xC593, 0xBD93, 0xB593, 0xBD94, 0xBD93, 0xBDB4, 0xCDD4, 0xCDF4, 0xCDF4,
  0xC5D4, 0xBD93, 0xA553, 0xA553, 0xA533, 0xAD53, 0xB593, 0xC5B3, 0xC5D3, 0xCDD4, 0xC5D4, 0xBDB3,
  0xBDB3, 0xB573, 0xB573, 0xB553, 0xA512, 0xA4F1, 0xA4F1, 0xA4F1, 0xA4F1, 0xA4F1, 0xA4F1, 0x9CB1,
  0x9CB0, 0x9490, 0x9490, 0x94B0, 0x9490, 0x94B1, 0x9CD1, 0x9CD1, 0xAD32, 0xAD32, 0xAD32, 0xAD32,
  0xB573, 0xC5B3, 0xD614, 0xD5F3, 0xD5D3, 0xC593, 0xBD52, 0xBD72, 0xBD72, 0xC593, 0xBDB3, 0xBDB3,
  0xBD92, 0xC5D3, 0xCDB3, 0xC592, 0xB552, 0xAD12, 0xA4F1, 0xA4F1, 0xA4F1, 0xA4F1, 0xA4D1, 0xA4D1,
  0x9CD1, 0x9CD1, 0x9CD1, 0x9CD1, 0x9CD1, 0x9CB1, 0x94B1, 0x9CD1, 0x9CD1, 0x94D1, 0x9CD1, 0x9CF2,
  0x94F2, 0x94D2, 0x94D2, 0x94B2, 0x94B1, 0x9491, 0x94B1, 0x9CF2, 0xA512, 0xB553, 0xB553, 0xA4F1,
  0x9CD1, 0x94B1, 0x8C91, 0x8C91, 0x8471, 0x8451, 0x8451, 0x8471, 0x8472, 0x8472, 0x7C72, 0x8472,
  0x7C72, 0x7C51, 0x8491, 0x8471, 0x8492, 0x8C92, 0x8C92, 0x8CB2, 0x94B2, 0x9CD1, 0x9CD1, 0xA4F1,
  0xA4F1, 0xA4F1, 0xA4F1, 0xA4F0, 0xA4D0, 0xA4D0, 0x9C90, 0x946F, 0x944F, 0x946F, 0x946F, 0x946F,
  0xD5CF, 0xD5F0, 0xDE11, 0xEE94, 0xF6B5, 0xEE73, 0xDE12, 0xDE12, 0xDE32, 0xDE32, 0xD612, 0xD611,
  0xD5F1, 0xD5F1, 0xDE52, 0xE694, 0xE6B5, 0xEED6, 0xEEF6, 0xF717, 0xFF58, 0xFF17, 0xFF37, 0xFF79,
  0xFF99, 0xFF99, 0xFFBA, 0xFFBA, 0xFFBA, 0xFF79, 0xFF58, 0xFF58, 0xFF38, 0xFF38, 0xFF37, 0xFF17,
  0xFF17, 0xFF17, 0xFF17, 0xFF16, 0xF6F6, 0xFEF6, 0xFF16, 0xF6F6, 0xF6F6, 0xF6F6, 0xF6F6, 0xF6F6,
  0xF6D5, 0xF6D5, 0xEEB5, 0xF6D6, 0xF6D6, 0xF6D5, 0xFEF6, 0xF6D6, 0xF6D5, 0xEEB5, 0xE694, 0xE674,
  0xE653, 0xE653, 0xDE33, 0xDE32, 0xD633, 0xDE53, 0xDE54, 0xDE54, 0xDE55, 0xDE95, 0xE696, 0xE695,
  0xE696, 0xEE96, 0xEEB6, 0xF6F7, 0xFF17, 0xFEF6, 0xFF16, 0xFF36, 0xFF36, 0xFF15, 0xEE94, 0xE653,
  0xE652, 0xE632, 0xDE12, 0xD5F1, 0xD612, 0xD5F1, 0xD5F2, 0xD5F2, 0xD5F2, 0xD5D2, 0xCDB1, 0xCDB1,
  0xD5F1, 0xD5F2, 0xDDF2, 0xDDF1, 0xDDF1, 0xDDF1, 0xDDF1, 0xDE11, 0xDE12, 0xE632, 0xEE52, 0xEE53,
  0xE652, 0xE632, 0xE632, 0xE612, 0xDDF2, 0xDDF1, 0xD5D1, 0xD5B1, 0xCDB1, 0xCDB1, 0xCD90, 0xC590,
  0xC570, 0xBD2F, 0xBD2F, 0xB52F, 0xB52E, 0xB52F, 0xB530, 0xBD51, 0xBD71, 0xBD91, 0xC591, 0xC5B2,
  0xCDD2, 0xDE13, 0xD613, 0xD614, 0xDE75, 0xDE76, 0xE696, 0xE696, 0xD656, 0xCE36, 0xCE36, 0xCE15,
  0xBDD4, 0xBDD4, 0xBDD5, 0xBDB4, 0xC5D4, 0xBDD5, 0xBDD4, 0xC5F5, 0xCDF5, 0xCDF4, 0xCE15, 0xCE15,
  0xCE35, 0xCE15, 0xCE15, 0xCE35, 0xCE34, 0xCE35, 0xCE15, 0xCE15, 0xD656, 0xE675, 0xEE96, 0xEEB6,
  0xEEB6, 0xEED7, 0xE6B7, 0xE696, 0xDE75, 0xDE75, 0xD655, 0xD635, 0xCE15, 0xC5F5, 0xCE16, 0xCE36,
  0xD636, 0xD636, 0xD656, 0xD655, 0xD634, 0xD635, 0xD635, 0xCDF4, 0xCDD3, 0xCDD3, 0xCDD3, 0xCDF4,
  0xC5D4, 0xC5D4, 0xC5D5, 0xC5B4, 0xC5B4, 0xCDF4, 0xCDF4, 0xC5D4, 0xBDB4, 0xB594, 0xAD73, 0xB593,
  0xBD93, 0xC5D4, 0xD5F3, 0xD5F3, 0xCDF3, 0xC5B3, 0xBD72, 0xB572, 0xB573, 0xB552, 0xAD32, 0xAD12,
  0xA511, 0xA4F1, 0xA4F1, 0xA4F1, 0x9CD1, 0xA4D1, 0xA4D1, 0xA4D1, 0x9CB0, 0x9CB0, 0x94B0, 0x94B0,
  0x94B0, 0x9CD1, 0x9CF1, 0x9CD1, 0xA512, 0xA532, 0xAD33, 0xAD33, 0xAD33, 0xAD32, 0xB552, 0xB572,
  0xB553, 0xAD53, 0xAD53, 0xB553, 0xB552, 0xBD52, 0xB532, 0xB552, 0xB552, 0xB532, 0xBD52, 0xBD52,
  0xB511, 0xAD11, 0xAD12, 0xAD11, 0xA4F1, 0xA4F1, 0xA4D1, 0xA4F1, 0xA4D1, 0xA4D1, 0x9CD1, 0x9CD1,
  0x9CD1, 0x9CD1, 0x9CB1, 0x9CB1, 0x9CF1, 0x9CD1, 0x9CF2, 0x9CF2, 0x94D2, 0x94F2, 0x94D2, 0x94D2,
  0x94B2, 0x9CB2, 0x9CD2, 0xA512, 0xACF2, 0xACF1, 0xA4D1, 0x9CB0, 0x9491, 0x9491, 0x9491, 0x8CB2,
  0x8C91, 0x8491, 0x8471, 0x8471, 0x8471, 0x7C71, 0x7C71, 0x7C71, 0x8471, 0x8492, 0x84B2, 0x8CB2,
  0x8CB2, 0x8491, 0x8CB2, 0x8CB2, 0x8CB2, 0x9CF2, 0xAD32, 0xB532, 0xACF1, 0xACF1, 0xACF0, 0xACF0,
  0xACF0, 0xA4B0, 0x9CB0, 0x9CB0, 0x9490, 0x946F, 0x8C6F, 0x8C4F, 0xDE11, 0xDE11, 0xDE32, 0xE693,
  0xEE94, 0xEE53, 0xE652, 0xDE32, 0xDE32, 0xDE32, 0xDE52, 0xDE52, 0xDE32, 0xDE32, 0xE652, 0xE673,
  0xE693, 0xEEB4, 0xEED6, 0xEEF6, 0xEED7, 0xEED6, 0xEEF7, 0xF717, 0xFF58, 0xFF57, 0xFF58, 0xFF78,
  0xFF79, 0xFF79, 0xF779, 0xFF58, 0xFF38, 0xFF38, 0xFF17, 0xF717, 0xF717, 0xFF17, 0xFF37, 0xFF37,
  0xF716, 0xF737, 0xFF57, 0xFF58, 0xFF57, 0xFF57, 0xFF57, 0xFF57, 0xFF37, 0xF717, 0xF6F6, 0xF6F6,
  0xF6D6, 0xFEF6, 0xFF17, 0xFF17, 0xFEF6, 0xFEF6, 0xF6D5, 0xEE95, 0xE694, 0xE674, 0xE673, 0xE673,
  0xE674, 0xE674, 0xDE74, 0xE674, 0xE675, 0xE696, 0xE6B6, 0xDEB6, 0xEED7, 0xEED7, 0xF6F7, 0xF738,
  0xFF58, 0xFF58, 0xFF58, 0xFF37, 0xFF15, 0xF6D5, 0xEE94, 0xE673, 0xE653, 0xDE33, 0xDE32, 0xDE12,
  0xD612, 0xD612, 0xD5F2, 0xDDF2, 0xDE12, 0xDE32, 0xDE32, 0xDE12, 0xDE12, 0xDE32, 0xE653, 0xE612,
  0xE612, 0xDE32, 0xDE12, 0xDE33, 0xE654, 0xEE74, 0xF694, 0xF6B5, 0xF6B4, 0xF694, 0xEE94, 0xEE73,
  0xEE33, 0xE632, 0xE632, 0xE632, 0xE632, 0xDE12, 0xDE12, 0xD5D2, 0xCDB1, 0xCD91, 0xCDB1, 0xC5B0,
  0xC590, 0xC590, 0xBD90, 0xC5B1, 0xC5B1, 0xC5B1, 0xCDB2, 0xC5B2, 0xC5B1, 0xCDD2, 0xCDF2, 0xCDD2,
  0xD5F3, 0xDE54, 0xDE55, 0xCE15, 0xC5F5, 0xC5F5, 0xC5F5, 0xC5F4, 0xC5B3, 0xC5B3, 0xC5B3, 0xBDB3,
  0xBDB4, 0xBDF5, 0xC5F5, 0xCE15, 0xD635, 0xD615, 0xCE36, 0xC615, 0xC5F5, 0xCE36, 0xCE36, 0xC615,
  0xC615, 0xC636, 0xC616, 0xC5F5, 0xD636, 0xDE76, 0xDE76, 0xD676, 0xD656, 0xD656, 0xD636, 0xD635,
  0xCE35, 0xCE36, 0xC636, 0xCE35, 0xDE56, 0xDE77, 0xD636, 0xCE36, 0xD676, 0xDE97, 0xDE76, 0xDE56,
  0xD635, 0xCE15, 0xCE36, 0xCE35, 0xC5F5, 0xCDF4, 0xDE14, 0xE655, 0xDE56, 0xCDF5, 0xBDD4, 0xC5D5,
  0xD615, 0xCE14, 0xC5F4, 0xB5B5, 0xAD94, 0xADB4, 0xBDD4, 0xCDF4, 0xCDD3, 0xCDD3, 0xCDF3, 0xCDD3,
  0xC5B3, 0xB594, 0xAD53, 0xAD33, 0xB533, 0xB552, 0xB572, 0xB572, 0xB551, 0xAD32, 0xAD32, 0xA512,
  0xA512, 0x9CF2, 0xA4F1, 0xA4F2, 0xA4F2, 0xA4D1, 0xACF1, 0xAD11, 0xAD12, 0xB532, 0xB531, 0xAD31,
  0xAD32, 0xAD32, 0xB532, 0xBD72, 0xBD92, 0xC593, 0xC593, 0xBD53, 0xAD33, 0xAD53, 0xAD53, 0xB553,
  0xBD52, 0xBD72, 0xBD52, 0xB551, 0xB552, 0xB552, 0xAD11, 0xAD11, 0xAD32, 0xAD12, 0xAD32, 0xA511,
  0xA4F1, 0xA4F1, 0xA4F1, 0xACF1, 0xACF1, 0xACF1, 0xA4D1, 0xA4D1, 0xA4D1, 0x9CF0, 0xA4D1, 0xA4D1,
  0x9CD1, 0x9CF1, 0x9CD2, 0x94D2, 0x94D2, 0x94D2, 0x94D2, 0x94B2, 0x9CB1, 0x94D1, 0x94B1, 0x94B1,
  0x94B0, 0x9470, 0x8C70, 0x8C91, 0x9491, 0x9491, 0x8C91, 0x8CB2, 0x8492, 0x8491, 0x8471, 0x8471,
  0x8471, 0x8471, 0x8492, 0x8492, 0x8492, 0x8492, 0x8492, 0x8CB2, 0x8CB2, 0x94D2, 0x94B1, 0x8C91,
  0x8CB2, 0x94D2, 0x9CF2, 0xA4F2, 0x9CB1, 0x9CD1, 0xA4D1, 0xA4D1, 0xA4D1, 0xA4D0, 0x9CD0, 0x9CB0,
  0x9490, 0x9470, 0x9470, 0x9470, 0xEE73, 0xEE73, 0xE673, 0xE673, 0xEE93, 0xEE73, 0xE653, 0xE653,
  0xE632, 0xDE32, 0xDE32, 0xE652, 0xEE73, 0xEE73, 0xEE93, 0xF6B4, 0xF6B4, 0xF6B5, 0xF6B5, 0xF6B6,
  0xF6D6, 0xF6F7, 0xF717, 0xF6F7, 0xF6F7, 0xF6F7, 0xF717, 0xFF38, 0xF738, 0xFF58, 0xFF79, 0xFF99,
  0xFF58, 0xF717, 0xEED6, 0xEED6, 0xF6D6, 0xF6F6, 0xF717, 0xFF37, 0xFF58, 0xFF58, 0xFF38, 0xFF38,
  0xFF38, 0xF738, 0xF737, 0xF737, 0xFF38, 0xFF78, 0xFF99, 0xFF78, 0xFF58, 0xFF38, 0xFF38, 0xFF17,
  0xFF17, 0xFEF6, 0xF6D6, 0xF6D6, 0xEEB6, 0xEEB5, 0xF6B5, 0xF6D5, 0xEEB5, 0xEEB5, 0xE6B5, 0xEEB5,
  0xEEB6, 0xEED6, 0xEED7, 0xEEF7, 0xFF58, 0xFF58, 0xFF58, 0xFF58, 0xFF38, 0xFF37, 0xFF37, 0xFEF6,
  0xFED5, 0xF6B4, 0xEE94, 0xE674, 0xE674, 0xE673, 0xE653, 0xDE53, 0xDE33, 0xDE33, 0xDE12, 0xDE33,
  0xE654, 0xEE94, 0xE694, 0xE674, 0xE674, 0xE673, 0xE674, 0xE654, 0xEE74, 0xE674, 0xE674, 0xDE54,
  0xE654, 0xE674, 0xEE95, 0xEE95, 0xEE95, 0xEE95, 0xF6D5, 0xF6D5, 0xF6D5, 0xF6D6, 0xF6F6, 0xF6D5,
  0xF6B5, 0xF6B4, 0xEE73, 0xDE52, 0xD612, 0xD5F2, 0xD5F2, 0xCDD2, 0xCDD2, 0xC5B2, 0xC5B1, 0xC591,
  0xC591, 0xC5B2, 0xC5B2, 0xCDD2, 0xC5B2, 0xC591, 0xC591, 0xCDB2, 0xCDD2, 0xD5F3, 0xCDF4, 0xCDF4,
  0xC5F4, 0xC5D4, 0xC5D4, 0xC5D4, 0xC5D4, 0xC5D4, 0xBDB4, 0xBDB4, 0xBDB4, 0xC5D5, 0xC5F5, 0xCE15,
  0xCE15, 0xCDF5, 0xC5F5, 0xC5F5, 0xC5F5, 0xC5F5, 0xC5F5, 0xC5F5, 0xC5F5, 0xC616, 0xC616, 0xC616,
  0xCE36, 0xD636, 0xD636, 0xD635, 0xCE35, 0xCE36, 0xC636, 0xBDF6, 0xBDF5, 0xBDF5, 0xBE16, 0xCE56,
  0xE6B7, 0xEED8, 0xE6B8, 0xD677, 0xD656, 0xD656, 0xD656, 0xD656, 0xCE36, 0xC615, 0xBDF5, 0xBE16,
  0xBDF6, 0xBDF5, 0xC616, 0xD657, 0xDE56, 0xC615, 0xBDF5, 0xC616, 0xCE36, 0xD635, 0xC5F5, 0xBD95,
  0xBDB5, 0xC5F6, 0xD615, 0xDE55, 0xD634, 0xD614, 0xD614, 0xC5D4, 0xBDB4, 0xB594, 0xAD53, 0xB553,
  0xBD73, 0xC5B3, 0xC5B3, 0xC5B2, 0xBD92, 0xBD72, 0xB552, 0xAD52, 0xAD32, 0xAD32, 0xB552, 0xBD73,
  0xBD72, 0xBD72, 0xBD72, 0xBD72, 0xBD73, 0xBD72, 0xBD72, 0xBD93, 0xB572, 0xB553, 0xBD72, 0xC5D2,
  0xCDF3, 0xC5B2, 0xBD92, 0xBD72, 0xB552, 0xAD53, 0xAD53, 0xB552, 0xB552, 0xB552, 0xB552, 0xB552,
  0xB572, 0xB552, 0xB552, 0xAD32, 0xAD12, 0xA512, 0xA512, 0xA4F2, 0xA4F1, 0x9CF1, 0xA4F2, 0xAD12,
  0xAD11, 0xAD11, 0xA4F1, 0xA4F2, 0xA4F1, 0xA4F1, 0xA4F1, 0xA4D1, 0xA4F1, 0xA4F1, 0xA512, 0x9CF2,
  0x9CF2, 0x9CD2, 0x94D1, 0x9CF2, 0xAD32, 0xAD53, 0xA4F1, 0x9CB0, 0x94B0, 0x94B0, 0x8C70, 0x8C70,
  0x8C91, 0x8C91, 0x8C91, 0x8C91, 0x8491, 0x8471, 0x8471, 0x8471, 0x8471, 0x8471, 0x8C92, 0x8492,
  0x8472, 0x8492, 0x8472, 0x8451, 0x8C91, 0xA513, 0xA512, 0x94B1, 0x94B1, 0x9491, 0x94B1, 0x94B1,
  0x94B1, 0x9CD1, 0x9CB1, 0x94B0, 0x9CB0, 0x9CB0, 0x9CB0, 0x94B0, 0x9490, 0x9490, 0x9490, 0x9490,
  0xF6D5, 0xF6D5, 0xF6B4, 0xF6B4, 0xEEB4, 0xEEB4, 0xEE94, 0xEE94, 0xEE73, 0xE673, 0xE673, 0xEE73,
  0xEE94, 0xF694, 0xF6B5, 0xFEF5, 0xFF16, 0xFF37, 0xFF37, 0xFF58, 0xFF78, 0xFF99, 0xFF99, 0xFF79,
  0xFF79, 0xFF79, 0xFF99, 0xFFB9, 0xFFBA, 0xFFB9, 0xFF99, 0xFFB9, 0xFF99, 0xF737, 0xEED6, 0xF6D6,
  0xF6F6, 0xF6F7, 0xF6F6, 0xF717, 0xFF38, 0xFF38, 0xF718, 0xF718, 0xF718, 0xF718, 0xFF38, 0xFF38,
  0xFF59, 0xFF99, 0xFFBA, 0xFFBA, 0xFFBA, 0xFF99, 0xF779, 0xF758, 0xFF38, 0xFF18, 0xFF17, 0xF717,
  0xF717, 0xF6F7, 0xF6F7, 0xF6F7, 0xF6F7, 0xF6F7, 0xF6F7, 0xF717, 0xF738, 0xFF78, 0xFF79, 0xFF79,
  0xFF58, 0xFF57, 0xFF17, 0xF6F6, 0xF6D5, 0xF6D5, 0xF6D6, 0xF6D5, 0xFED5, 0xF6B5, 0xF6B5, 0xEE94,
  0xEE74, 0xE674, 0xE694, 0xE653, 0xDE33, 0xDE33, 0xDE33, 0xDE53, 0xE674, 0xEEB5, 0xEE95, 0xE675,
  0xE674, 0xE675, 0xE695, 0xE695, 0xEEB6, 0xEEB6, 0xE695, 0xE695, 0xEED6, 0xF6F6, 0xEEB6, 0xDE75,
  0xDE54, 0xEED6, 0xFF38, 0xFF58, 0xFF78, 0xFF79, 0xFF79, 0xFF38, 0xFF17, 0xFEF6, 0xEE74, 0xDE33,
  0xD613, 0xCE12, 0xCDD2, 0xCDD2, 0xC592, 0xC592, 0xC5B2, 0xC5B2, 0xBD92, 0xC5B2, 0xBD92, 0xC5B3,
  0xC5D3, 0xCDB2, 0xCDD2, 0xCDF3, 0xCDF3, 0xCDF3, 0xD5F4, 0xD635, 0xCE15, 0xCDF5, 0xCDF4, 0xC5D4,
  0xBDD4, 0xBDD4, 0xBDD5, 0xBDD4, 0xBDB4, 0xBDD5, 0xC5F5, 0xC616, 0xCE16, 0xC5F5, 0xC5F5, 0xC5F5,
  0xC5F5, 0xC5F5, 0xC5F5, 0xBDF5, 0xBDF5, 0xBDF6, 0xBDF6, 0xC616, 0xC616, 0xCE36, 0xC616, 0xCE36,
  0xCE36, 0xCE36, 0xC616, 0xBE16, 0xC636, 0xC636, 0xCE56, 0xD677, 0xDE76, 0xD656, 0xD656, 0xCE56,
  0xD657, 0xCE16, 0xC616, 0xC5F5, 0xBDF5, 0xBDF5, 0xBDF5, 0xBDF5, 0xC616, 0xBDF6, 0xBDD6, 0xBDF5,
  0xCE15, 0xC636, 0xBE16, 0xBDF5, 0xBDD5, 0xBDD5, 0xB5B5, 0xB594, 0xBDB5, 0xCE16, 0xDE35, 0xDE55,
  0xDE55, 0xD635, 0xCE14, 0xC5D5, 0xBDB5, 0xB594, 0xBD94, 0xC5D4, 0xD5F4, 0xD614, 0xD5F3, 0xCDF3,
  0xC5B3, 0xC593, 0xBD73, 0xBD73, 0xBD93, 0xC5B3, 0xCDD3, 0xD5D3, 0xCDB3, 0xC5B2, 0xC592, 0xBD71,
  0xB551, 0xB552, 0xB531, 0xB531, 0xB551, 0xBD72, 0xBD52, 0xBD51, 0xB551, 0xB530, 0xAD11, 0xAD10,
  0xAD11, 0xAD52, 0xAD52, 0xAD52, 0xB572, 0xBD52, 0xB552, 0xB572, 0xB572, 0xB572, 0xB552, 0xAD32,
  0xAD32, 0xA512, 0x9CF2, 0x9CF2, 0x9CF2, 0x9CF2, 0xA512, 0xA4F2, 0xA4F2, 0x9CF1, 0xA4F2, 0xA4F2,
  0xA4F2, 0xA512, 0xA4F2, 0xA4F2, 0xA4F2, 0xA512, 0xA4F2, 0xA512, 0xAD33, 0x9CF2, 0x9CD1, 0xA512,
  0xAD32, 0xAD31, 0xA4F1, 0xA4F1, 0x9CD1, 0x9CF2, 0x9491, 0x9491, 0x94B1, 0x94B1, 0x8CB1, 0x8C91,
  0x8C91, 0x8C91, 0x8471, 0x8471, 0x8C91, 0x8471, 0x8471, 0x8471, 0x8492, 0x8492, 0x8492, 0x8C92,
  0x94B2, 0x9CF2, 0xA4F2, 0x9CD1, 0x9CD1, 0x9490, 0x94B1, 0x9491, 0x94B1, 0x9CF2, 0x94D1, 0x94B1,
  0x8C90, 0x8C90, 0x9490, 0x9490, 0x9490, 0x9490, 0x8C90, 0x8C70, 0xF737, 0xF737, 0xF737, 0xF737,
  0xF716, 0xF716, 0xF6F5, 0xF6F5, 0xF6D5, 0xEED5, 0xF6F5, 0xF6F6, 0xF6D5, 0xF6F6, 0xFEF6, 0xFF37,
  0xFF57, 0xF758, 0xFF99, 0xFFB9, 0xFFDA, 0xF7DA, 0xF7DA, 0xF7DA, 0xF7FA, 0xF7DA, 0xF7DA, 0xF7DA,
  0xF7DA, 0xF7B9, 0xF799, 0xF778, 0xF758, 0xFF58, 0xF717, 0xF717, 0xFF17, 0xFF17, 0xF717, 0xF6F7,
  0xF6F7, 0xFF38, 0xFF59, 0xF738, 0xF718, 0xF718, 0xF738, 0xFF59, 0xFF79, 0xFF9A, 0xF7BA, 0xF7BA,
  0xFFBA, 0xFFBA, 0xFFBA, 0xFF9A, 0xFF79, 0xFF79, 0xFF79, 0xFF79, 0xFF59, 0xF738, 0xF6F8, 0xF6F8,
  0xF6F8, 0xF738, 0xFF59, 0xFF99, 0xFFBA, 0xFFDA, 0xFFB9, 0xFF99, 0xFF78, 0xFF37, 0xF716, 0xEED6,
  0xEEB5, 0xEE95, 0xEEB5, 0xF6D6, 0xFF16, 0xFF16, 0xF6D5, 0xEEB4, 0xEE74, 0xE694, 0xE674, 0xE674,
  0xE674, 0xE654, 0xDE53, 0xDE74, 0xDE74, 0xE675, 0xE696, 0xE696, 0xE695, 0xE6B6, 0xE6B6, 0xE6B7,
  0xE6B7, 0xE6B7, 0xE696, 0xE696, 0xEEF7, 0xFF38, 0xEED7, 0xDE75, 0xE675, 0xEED7, 0xFF38, 0xFF58,
  0xFF58, 0xFF58, 0xFF37, 0xEED6, 0xEE95, 0xE654, 0xDE34, 0xD614, 0xCDF3, 0xCDF3, 0xCDD3, 0xC5D3,
  0xC5D3, 0xC5D3, 0xC5D3, 0xC5D4, 0xC5D4, 0xC5D4, 0xC5D4, 0xC5D4, 0xC5D4, 0xCDF4, 0xD634, 0xCDF4,
  0xC5B3, 0xC5B3, 0xC5B3, 0xC5D4, 0xC5F4, 0xC5D5, 0xC5F5, 0xC5F5, 0xBDD5, 0xBDD5, 0xBDF5, 0xBDD5,
  0xB5D5, 0xBDD5, 0xBDF6, 0xBDF6, 0xBDF6, 0xBDF5, 0xBDF5, 0xBDF5, 0xBDF5, 0xBDF5, 0xBDF6, 0xBE16,
  0xBE16, 0xB5F6, 0xB5F6, 0xBDF6, 0xBE16, 0xBE16, 0xBDF6, 0xC5F6, 0xC616, 0xCE36, 0xC615, 0xCE16,
  0xCE36, 0xD655, 0xDE76, 0xDE76, 0xD656, 0xCE36, 0xCE36, 0xCE36, 0xCE36, 0xC5F6, 0xBDD5, 0xBDF6,
  0xC636, 0xC636, 0xD655, 0xD656, 0xDE96, 0xDE77, 0xCE15, 0xC5D5, 0xC5F5, 0xC5F5, 0xBDF5, 0xBDD5,
  0xB5B5, 0xADB5, 0xADB4, 0xADB4, 0xB5D5, 0xC615, 0xD635, 0xCE35, 0xC5F4, 0xBDB4, 0xBDB4, 0xB5B4,
  0xB595, 0xBDB4, 0xC5F4, 0xD635, 0xDE55, 0xDE35, 0xD634, 0xD614, 0xC5D3, 0xBD93, 0xBD94, 0xC5B3,
  0xD5F4, 0xDE14, 0xDE34, 0xD5F3, 0xCDD3, 0xC592, 0xBD92, 0xBD72, 0xB551, 0xB552, 0xB551, 0xBD51,
  0xBD51, 0xBD52, 0xBD52, 0xB532, 0xB511, 0xAD11, 0xACF2, 0xAD11, 0xB531, 0xB531, 0xB552, 0xB552,
  0xB552, 0xBD72, 0xC592, 0xC592, 0xBD92, 0xBD52, 0xB552, 0xAD32, 0xAD32, 0xAD32, 0xA512, 0xA512,
  0x9D12, 0xA512, 0xA512, 0xA4F1, 0x9CF2, 0x9CD1, 0x9CD2, 0x9CF2, 0x9CF2, 0xA4F2, 0xA4F2, 0xA4F2,
  0xA4F2, 0x9CF2, 0x9CF1, 0xA4F1, 0xACF1, 0xA4F1, 0x9CD1, 0x9CD1, 0x9CD0, 0x9CB0, 0x9CB0, 0x9CD1,
  0x9CB1, 0x94B0, 0x9490, 0x9491, 0x8C90, 0x8C91, 0x8C91, 0x8C91, 0x8C70, 0x8C71, 0x8C71, 0x8C91,
  0x8C91, 0x8471, 0x8450, 0x8C91, 0x8491, 0x8471, 0x8471, 0x8451, 0x8C91, 0x94B1, 0x94B1, 0x94B1,
  0x94B1, 0x9491, 0x8C90, 0x94B1, 0x94D2, 0x9CF2, 0x94D1, 0x94B1, 0x8C90, 0x8C91, 0x8C90, 0x9490,
  0x9490, 0x8C90, 0x8C90, 0x8C90, 0xFFBA, 0xFFBA, 0xFFB9, 0xFF99, 0xFF98, 0xFF78, 0xFF58, 0xFF58,
  0xFF37, 0xFF37, 0xFF58, 0xFF58, 0xFF58, 0xFF58, 0xFF58, 0xFF58, 0xFF58, 0xF758, 0xFF99, 0xFFBA,
  0xF7DA, 0xF7DB, 0xF7DB, 0xF7DA, 0xF7DA, 0xF7DA, 0xF7DA, 0xF7BA, 0xF779, 0xFF58, 0xFF38, 0xFF17,
  0xFF17, 0xFF37, 0xFF37, 0xFF37, 0xFF37, 0xFF36, 0xFF37, 0xFF37, 0xFF37, 0xFF38, 0xFF38, 0xFF58,
  0xFF38, 0xF718, 0xF738, 0xFF38, 0xFF59, 0xFF79, 0xFF79, 0xFF79, 0xFF99, 0xF79A, 0xFFBA, 0xFFBA,
  0xF799, 0xFF99, 0xFFBA, 0xFF9A, 0xFF79, 0xF759, 0xEEF9, 0xE6F8, 0xEEF8, 0xF739, 0xFF7A, 0xFFDA,
  0xF7DA, 0xFFDA, 0xF7DA, 0xF7DA, 0xFFB9, 0xFF79, 0xFF58, 0xF717, 0xEED6, 0xEEB6, 0xEEB6, 0xEEB6,
  0xF716, 0xFF37, 0xFF36, 0xF6F5, 0xF6D5, 0xEEB4, 0xEEB4, 0xEEB5, 0xF6F5, 0xF6D5, 0xEEB5, 0xEEB5,
  0xE6B5, 0xE696, 0xE6B7, 0xE6B7, 0xE6B6, 0xE6B7, 0xDEB7, 0xDE97, 0xE697, 0xE697, 0xE6B7, 0xE6B7,
  0xE6B7, 0xEEB6, 0xE6B6, 0xE696, 0xE675, 0xE696, 0xEEB6, 0xEE95, 0xEEB5, 0xF6D5, 0xEE94, 0xE653,
  0xE653, 0xDE53, 0xDE53, 0xDE34, 0xD634, 0xD5F3, 0xC614, 0xC615, 0xC614, 0xC615, 0xC615, 0xC5F5,
  0xCE35, 0xCE15, 0xC5F5, 0xC5F5, 0xC5F5, 0xC5F4, 0xC5F4, 0xC5D4, 0xBDD4, 0xC5D4, 0xC5D4, 0xBDD4,
  0xBDD5, 0xBDF5, 0xBDF5, 0xBDF5, 0xBDF6, 0xBDF6, 0xBDF6, 0xBDF6, 0xB5F6, 0xB5F6, 0xB5F6, 0xB5F6,
  0xB5F6, 0xB5F6, 0xB5D6, 0xB5F6, 0xB5F6, 0xB5F6, 0xB5F6, 0xBE16, 0xBE16, 0xB616, 0xB5F6, 0xB5F6,
  0xBDF6, 0xBDF6, 0xBDF6, 0xBDF6, 0xBDF6, 0xC615, 0xC615, 0xCE15, 0xCE15, 0xCE35, 0xCE35, 0xD636,
  0xCE16, 0xCE36, 0xC636, 0xCE57, 0xCE16, 0xBDF6, 0xB5D6, 0xBE16, 0xD677, 0xDE56, 0xD656, 0xD655,
  0xDE56, 0xDE76, 0xDE77, 0xD677, 0xD636, 0xCE15, 0xD636, 0xC616, 0xBDD6, 0xB5B5, 0xB5D5, 0xBDD5,
  0xBDF6, 0xBDD5, 0xBDD4, 0xB5B4, 0xAD95, 0xAD95, 0xAD94, 0xAD94, 0xB595, 0xBDD5, 0xCE15, 0xD634,
  0xD614, 0xD615, 0xCDF4, 0xC5D4, 0xBDB4, 0xBDB4, 0xBDD4, 0xC5D4, 0xCDD3, 0xDE13, 0xDE33, 0xDE13,
  0xCDD3, 0xC5B3, 0xBDB3, 0xBD93, 0xBD92, 0xBD93, 0xC5B2, 0xC5B2, 0xC592, 0xC572, 0xBD72, 0xBD72,
  0xB551, 0xB551, 0xB532, 0xB531, 0xB552, 0xB552, 0xB532, 0xBD72, 0xC592, 0xC592, 0xCDB3, 0xD614,
  0xCDD3, 0xBD72, 0xBD52, 0xB552, 0xB573, 0xB573, 0xAD32, 0xA532, 0xA512, 0xAD32, 0xAD32, 0xAD12,
  0xA512, 0x94F2, 0x94D2, 0x9CF3, 0x9CF3, 0x9CF2, 0x9CF2, 0x9CF3, 0x9CF3, 0x9CD2, 0x94D1, 0x9CD0,
  0xAD11, 0xA512, 0x9CD1, 0x9CB1, 0x9CB1, 0x94B1, 0x9490, 0x9490, 0x9490, 0x94B0, 0x94B1, 0x9490,
  0x8C90, 0x8C90, 0x8C91, 0x8C91, 0x8C70, 0x8C70, 0x8C70, 0x8C70, 0x8C70, 0x8C71, 0x8470, 0x8C71,
  0x8471, 0x8471, 0x8451, 0x8451, 0x8C91, 0x8C91, 0x8C91, 0x8491, 0x84B1, 0x8CB1, 0x8C91, 0x8C90,
  0x94B1, 0x94B1, 0x9491, 0x8C91, 0x8C71, 0x8C91, 0x8C91, 0x8C91, 0x9491, 0x94B0, 0x94B0, 0x9490,
  0xF7DB, 0xF7DB, 0xFFDA, 0xFFDA, 0xF7B9, 0xFFB9, 0xFFB9, 0xFF99, 0xFF79, 0xFF78, 0xFF79, 0xFF79,
  0xFF79, 0xFF99, 0xFF79, 0xFF79, 0xFF99, 0xFF59, 0xFF59, 0xFF59, 0xF779, 0xF7BA, 0xF7DA, 0xF7DB,
  0xF7DA, 0xF7DB, 0xF7DB, 0xF7DB, 0xFFBA, 0xFF99, 0xF758, 0xFF58, 0xFF58, 0xFF58, 0xFF58, 0xFF38,
  0xFF38, 0xFF37, 0xFF37, 0xFF58, 0xFF58, 0xFF58, 0xFF58, 0xFF58, 0xFF59, 0xFF39, 0xFF59, 0xFF39,
  0xFF39, 0xFF59, 0xF758, 0xFF59, 0xFF59, 0xFF59, 0xFF59, 0xFF59, 0xF759, 0xF759, 0xF779, 0xF779,
  0xFF59, 0xF759, 0xEF19, 0xEEF8, 0xEF18, 0xF779, 0xF79A, 0xF7BA, 0xF7DA, 0xFFDA, 0xF7DA, 0xFFDA,
  0xFFBA, 0xFF99, 0xFF79, 0xFF58, 0xF718, 0xF6F7, 0xEED7, 0xEED6, 0xF6F6, 0xFF38, 0xFF58, 0xFF58,
  0xFF37, 0xFF17, 0xFF17, 0xFF57, 0xFF58, 0xF758, 0xF737, 0xFF17, 0xF6D7, 0xE6B7, 0xE6B7, 0xE6B7,
  0xE697, 0xE6B7, 0xE6D7, 0xE6F8, 0xEEF8, 0xEF18, 0xEF18, 0xEF18, 0xFF38, 0xF738, 0xFF17, 0xF6D6,
  0xF6D6, 0xF6D6, 0xEE95, 0xE654, 0xF694, 0xF6B5, 0xF695, 0xEE74, 0xE674, 0xE674, 0xDE53, 0xD633,
  0xD633, 0xD612, 0xCE14, 0xD635, 0xD635, 0xCE35, 0xCE35, 0xCE34, 0xD635, 0xCE35, 0xCE15, 0xCE35,
  0xCE15, 0xC5F5, 0xC5D4, 0xBDD4, 0xC5D4, 0xC5D4, 0xC5D4, 0xC5F5, 0xBE16, 0xBE16, 0xBE16, 0xBDF5,
  0xBDF6, 0xB5D5, 0xB5D5, 0xBDF6, 0xBDF5, 0xB5D5, 0xB5F5, 0xB5F6, 0xB5F6, 0xB5F6, 0xB5F6, 0xB5F6,
  0xB5F6, 0xB5F6, 0xB5F6, 0xB5F6, 0xB5F6, 0xB5F6, 0xB5F6, 0xB5F6, 0xB5F6, 0xB5F6, 0xB5F6, 0xB5F7,
  0xBE16, 0xC616, 0xC616, 0xC616, 0xC616, 0xC616, 0xC616, 0xC616, 0xC616, 0xC616, 0xBDF6, 0xBDF5,
  0xBE16, 0xB5F6, 0xB5F6, 0xBDF6, 0xC616, 0xC616, 0xC615, 0xC615, 0xC615, 0xCE36, 0xCE36, 0xCE36,
  0xC616, 0xCE36, 0xCE36, 0xC615, 0xC5F5, 0xBDF6, 0xBE16, 0xBDD5, 0xBDD5, 0xBDD5, 0xB5B5, 0xADB5,
  0xB5B5, 0xB5B5, 0xBDD5, 0xBDB5, 0xC5D5, 0xC5F5, 0xCDF4, 0xCDF4, 0xC5B4, 0xC5B4, 0xBDB4, 0xBDB5,
  0xB595, 0xB595, 0xB594, 0xBDB3, 0xC5D3, 0xD613, 0xD634, 0xDE34, 0xD5F3, 0xC5B3, 0xBD93, 0xBD93,
  0xBDB3, 0xCDD3, 0xD5F4, 0xD5F3, 0xD5D3, 0xCDD2, 0xC592, 0xBD92, 0xBD92, 0xBD72, 0xBD72, 0xBD72,
  0xC592, 0xCDB2, 0xCD92, 0xD5D2, 0xD613, 0xD5F2, 0xC5B1, 0xCDB2, 0xC5B2, 0xBD71, 0xB511, 0xB511,
  0xB532, 0xAD32, 0xA4F1, 0x9CF1, 0xA4F1, 0xA4F1, 0xAD11, 0xAD11, 0xA4F1, 0x9CD2, 0x94D1, 0x9CD2,
  0xA532, 0xA532, 0xAD32, 0xA512, 0x9CF2, 0x94D2, 0x94B1, 0x94B0, 0x9CD0, 0x9CD0, 0x94D1, 0x94B0,
  0x8C90, 0x8C90, 0x8C90, 0x9490, 0x94B1, 0x94B1, 0x94B1, 0x9491, 0x8C90, 0x8C90, 0x8C70, 0x8C70,
  0x8C70, 0x8C70, 0x8C70, 0x8C70, 0x8C50, 0x8C70, 0x8C90, 0x8C91, 0x8C91, 0x8C71, 0x8C91, 0x94B1,
  0x8C91, 0x8CB1, 0x8C91, 0x8CB1, 0x8CB2, 0x8C92, 0x8C91, 0x8C91, 0x8CB1, 0x8C90, 0x8470, 0x8470,
  0x8491, 0x8CB1, 0x94B1, 0x94B1, 0x94B1, 0x94B1, 0x8CB1, 0x8C91, 0xFFDB, 0xFFDB, 0xFFDA, 0xFFBA,
  0xFFBA, 0xFFBA, 0xFFBA, 0xFF99, 0xFF99, 0xFF79, 0xFF79, 0xFF79, 0xFF7A, 0xFF7A, 0xFF59, 0xFF9A,
  0xFFDA, 0xFFBA, 0xFF59, 0xFF38, 0xFF59, 0xFF9A, 0xFF9A, 0xFFBA, 0xFFDB, 0xF7DB, 0xF7DB, 0xF7BB,
  0xFFBA, 0xFFBA, 0xFFB9, 0xFFDA, 0xFFDA, 0xFFDA, 0xFFBA, 0xFF99, 0xF779, 0xFF58, 0xFF59, 0xFF59,
  0xFF59, 0xFF59, 0xFF79, 0xFF59, 0xFF59, 0xFF59, 0xF739, 0xF738, 0xF738, 0xF759, 0xF758, 0xF758,
  0xF738, 0xF718, 0xF739, 0xF719, 0xF718, 0xF719, 0xF738, 0xF738, 0xF738, 0xF719, 0xEF19, 0xEEF8,
  0xF738, 0xFF9A, 0xFF9A, 0xFF79, 0xFF9A, 0xFFBA, 0xFFBA, 0xFFBA, 0xFF9A, 0xF799, 0xFF59, 0xFF59,
  0xFF58, 0xF718, 0xF718, 0xF718, 0xF718, 0xFF59, 0xFF79, 0xFF99, 0xFF79, 0xFF79, 0xFF78, 0xFF78,
  0xFF79, 0xFF79, 0xFF59, 0xF718, 0xEED7, 0xEEB7, 0xEED7, 0xE6D7, 0xEED7, 0xEF18, 0xF779, 0xFFBA,
  0xFF9A, 0xFF99, 0xFF58, 0xFF57, 0xFF36, 0xFF15, 0xFED5, 0xF6B4, 0xF694, 0xEE74, 0xE674, 0xE653,
  0xE653, 0xE673, 0xE673, 0xE653, 0xDE53, 0xDE33, 0xDE33, 0xD633, 0xD612, 0xD5F2, 0xCDF2, 0xD613,
  0xD634, 0xD655, 0xDE75, 0xDE75, 0xDE55, 0xDE55, 0xD635, 0xD634, 0xD614, 0xCE15, 0xCDF4, 0xC5D3,
  0xC5D3, 0xC5D3, 0xCDF4, 0xC615, 0xBE16, 0xBE16, 0xC616, 0xC616, 0xBE15, 0xBDD5, 0xBDD5, 0xBDD5,
  0xB5F5, 0xB5D5, 0xB5F5, 0xB5F6, 0xB5F6, 0xB5F6, 0xB5F6, 0xB5D6, 0xB5D6, 0xB5D6, 0xB5F6, 0xB5F6,
  0xB5F6, 0xB5D6, 0xB5F6, 0xB5F6, 0xB5F6, 0xB5F6, 0xB5F6, 0xBE17, 0xBE16, 0xC5F6, 0xC616, 0xC616,
  0xC616, 0xBDF6, 0xBDF5, 0xBE16, 0xBDF6, 0xBDF6, 0xBDF6, 0xBDF6, 0xBE16, 0xC616, 0xCE36, 0xC616,
  0xC636, 0xCE36, 0xC636, 0xC636, 0xBE15, 0xC636, 0xC616, 0xBDF5, 0xBDF5, 0xBDF6, 0xB5F6, 0xBDF5,
  0xBDD5, 0xB5F6, 0xBDF6, 0xB5D5, 0xB5B5, 0xB5D5, 0xADB5, 0xADB5, 0xB5D5, 0xBDD5, 0xBDD5, 0xC5F5,
  0xC5F5, 0xC5F5, 0xC5F5, 0xC5D5, 0xBDB4, 0xB5B4, 0xB594, 0xB5B4, 0xAD94, 0xAD74, 0xAD74, 0xB594,
  0xBDD4, 0xC5D4, 0xC5F4, 0xCDF4, 0xD635, 0xCDF5, 0xBDB4, 0xB594, 0xBDB4, 0xD614, 0xDE34, 0xDE34,
  0xD614, 0xCDF3, 0xCDD3, 0xC5B3, 0xC5B3, 0xCDD3, 0xD5D3, 0xD5F3, 0xDE13, 0xD5D3, 0xD5B2, 0xCD91,
  0xC570, 0xC570, 0xBD50, 0xB50F, 0xB4F0, 0xACF0, 0xACB0, 0xACD0, 0xA4D0, 0x9CB0, 0x9CB0, 0x9CB0,
  0x9CD1, 0x9CB0, 0x9CB0, 0x9CB0, 0x9CB0, 0x9CB1, 0x9490, 0x9490, 0x9CB0, 0x9CD1, 0xA4F1, 0x9CD1,
  0x94B0, 0x94D1, 0x8CB1, 0x9491, 0x9490, 0x9490, 0x94B0, 0x94B1, 0x8C90, 0x8C70, 0x8C70, 0x8C90,
  0x9490, 0x9490, 0x9491, 0x8C91, 0x8C70, 0x8C70, 0x8C70, 0x8C70, 0x8C70, 0x8C70, 0x8C70, 0x8C70,
  0x8C70, 0x8C70, 0x8C90, 0x8CB1, 0x94D2, 0x94D2, 0x94D2, 0x94D2, 0x94B1, 0x94B1, 0x94B1, 0x94B2,
  0x94B2, 0x8CB1, 0x94B1, 0x94B1, 0x8C91, 0x8C90, 0x8470, 0x8470, 0x8CB1, 0x8CB1, 0x8CB1, 0x94B1,
  0x94D1, 0x94D1, 0x8CB1, 0x94B1, 0xFF9A, 0xFF9A, 0xF77A, 0xF77A, 0xF77A, 0xFF9A, 0xFF7A, 0xFF7A,
  0xFF7A, 0xFF7A, 0xFF79, 0xFF59, 0xFF59, 0xFF59, 0xFF59, 0xFFBA, 0xFFBA, 0xFF79, 0xF738, 0xF738,
  0xFF59, 0xFF79, 0xF759, 0xF79A, 0xFFDB, 0xF7DB, 0xFFBB, 0xFF9A, 0xF779, 0xF779, 0xFFBA, 0xF7DA,
  0xF7DB, 0xF7DA, 0xFFDA, 0xFFD9, 0xFFB9, 0xFF79, 0xFF79, 0xFF59, 0xF759, 0xF759, 0xF759, 0xF758,
  0xFF79, 0xFF99, 0xF759, 0xF759, 0xFFB9, 0xFFBA, 0xFFBA, 0xFF99, 0xFF79, 0xF759, 0xF739, 0xF738,
  0xF759, 0xF759, 0xF718, 0xEEF8, 0xEEF8, 0xEEF8, 0xEF19, 0xEEF8, 0xF718, 0xF739, 0xF739, 0xFF38,
  0xFF79, 0xF77A, 0xF77A, 0xF738, 0xF738, 0xF759, 0xFF59, 0xFF79, 0xFF99, 0xFF99, 0xFF99, 0xFF99,
  0xFF79, 0xF779, 0xFFB9, 0xFFDA, 0xF7DA, 0xF7DA, 0xF799, 0xF779, 0xFF79, 0xFF59, 0xF6F9, 0xEED8,
  0xEED8, 0xF738, 0xFF78, 0xFF99, 0xF799, 0xF7B9, 0xFFDA, 0xFFB9, 0xFFB9, 0xFF78, 0xF757, 0xFF36,
  0xFF15, 0xFEF4, 0xFED4, 0xFED4, 0xF6B4, 0xF6B4, 0xF6B4, 0xF6B4, 0xEEB4, 0xEEB4, 0xEE94, 0xE673,
  0xE652, 0xDE32, 0xD612, 0xD5F2, 0xD612, 0xD5F2, 0xCDD1, 0xCDD2, 0xD5F2, 0xD5F2, 0xD613, 0xDE74,
  0xE675, 0xE695, 0xE696, 0xDE75, 0xDE54, 0xD634, 0xCE14, 0xCDF4, 0xC5F4, 0xC5F4, 0xC5D4, 0xBDD4,
  0xBDD4, 0xBDD4, 0xCDF4, 0xCE35, 0xC615, 0xBDD5, 0xB5D5, 0xB5F6, 0xB5F6, 0xB5F5, 0xB5F5, 0xB5F6,
  0xB5F6, 0xB5F6, 0xB5F6, 0xB5F6, 0xB5F6, 0xB5F6, 0xB5F6, 0xB5F6, 0xB5D6, 0xB5D6, 0xB5F6, 0xB5F6,
  0xB5F6, 0xBDF6, 0xBE16, 0xBE17, 0xBE16, 0xBDF6, 0xBE16, 0xBE16, 0xBE16, 0xBE16, 0xBDF6, 0xBDF6,
  0xB616, 0xBE16, 0xBDF6, 0xBDF6, 0xC636, 0xD656, 0xD676, 0xCE36, 0xCE36, 0xCE36, 0xC636, 0xC615,
  0xC615, 0xC636, 0xC616, 0xBE16, 0xBDF6, 0xB5F6, 0xB5F6, 0xB5D6, 0xB5D5, 0xB5D5, 0xB5B5, 0xB5B5,
  0xADB5, 0xB5B6, 0xB5B5, 0xAD95, 0xADB5, 0xB5B5, 0xB5B5, 0xB5B5, 0xB5B4, 0xB5B4, 0xB5B4, 0xB594,
  0xB594, 0xB593, 0xB593, 0xB573, 0xB573, 0xB593, 0xB594, 0xBDD5, 0xC5F5, 0xBDD5, 0xBDB4, 0xBDB4,
  0xC615, 0xC5D5, 0xBDB5, 0xBDB4, 0xC5D4, 0xD614, 0xDE35, 0xD635, 0xD635, 0xC5F4, 0xCDB3, 0xCDD4,
  0xDE14, 0xE634, 0xE634, 0xE634, 0xE634, 0xDDF3, 0xD5B2, 0xCDB2, 0xC5B1, 0xC571, 0xC571, 0xBD31,
  0xACF0, 0xACF0, 0xACD0, 0xA4B0, 0xA4AF, 0x9CB0, 0x948F, 0x948F, 0x948F, 0x948F, 0x948F, 0x948F,
  0x948F, 0x9490, 0x9490, 0x9470, 0x8C4F, 0x8C70, 0x8C50, 0x8C70, 0x8C90, 0x94B1, 0x94B1, 0x94B1,
  0x9491, 0x9490, 0x8C90, 0x9491, 0x8C71, 0x8C70, 0x8C90, 0x9490, 0x9490, 0x9490, 0x9491, 0x9491,
  0x8C91, 0x8C70, 0x8C91, 0x8C90, 0x8C90, 0x8C91, 0x8C90, 0x8C90, 0x9491, 0x9490, 0x9491, 0x94D1,
  0x9CF2, 0x9D13, 0x94D2, 0x94D1, 0x94D1, 0x94D1, 0x9CB1, 0x9CD1, 0x9CD1, 0x9CD1, 0x94B1, 0x9490,
  0x9491, 0x94B1, 0x8C70, 0x8C70, 0x8C91, 0x8C91, 0x8CB1, 0x8C91, 0x94B1, 0x94B1, 0x94B0, 0xA511,
  0xF779, 0xF77A, 0xF779, 0xF75A, 0xF75A, 0xFF59, 0xFF59, 0xFF5A, 0xF75A, 0xFF7A, 0xFF5A, 0xF759,
  0xF759, 0xF759, 0xFF59, 0xF77A, 0xF77A, 0xF759, 0xF739, 0xFF59, 0xFF9A, 0xF7BA, 0xF79A, 0xF7BA,
  0xF7DA, 0xF7DB, 0xFFBA, 0xFF9A, 0xFF9A, 0xF79A, 0xF7DA, 0xF7DB, 0xFFDB, 0xFFDA, 0xFFB9, 0xF799,
  0xFF99, 0xFF59, 0xF759, 0xF759, 0xF79A, 0xF7BA, 0xFFBA, 0xFFBA, 0xFFBA, 0xFFBA, 0xFFBA, 0xF799,
  0xF7B9, 0xF7DA, 0xFFDA, 0xFFB9, 0xF779, 0xFF99, 0xFF99, 0xFF79, 0xFF79, 0xFF58, 0xF718, 0xF6F7,
  0xF6F8, 0xEEF8, 0xEEF8, 0xEF18, 0xE6F9, 0xE6F9, 0xE6F8, 0xE6F8, 0xEEF8, 0xEEF8, 0xEEF8, 0xEEF8,
  0xEF18, 0xF739, 0xF799, 0xFFBA, 0xFFDA, 0xF7DA, 0xF7DA, 0xFFDA, 0xFF9A, 0xF779, 0xF799, 0xFFDA,
  0xFFDA, 0xF7DB, 0xFFDA, 0xFF99, 0xF759, 0xF719, 0xEED8, 0xEF19, 0xF759, 0xFF79, 0xFF99, 0xFFBA,
  0xFFDA, 0xFFDA, 0xFFDA, 0xFFD9, 0xFFB9, 0xFF9A, 0xFF79, 0xFF58, 0xFF57, 0xFF37, 0xFF36, 0xFF16,
  0xFF16, 0xFF15, 0xFF15, 0xFEF5, 0xFEF5, 0xFEF5, 0xFED5, 0xF6B4, 0xF674, 0xEE73, 0xE653, 0xDE32,
  0xDE32, 0xDE32, 0xDE12, 0xDDF2, 0xDDF2, 0xD5F2, 0xD5F2, 0xD612, 0xDE13, 0xDE33, 0xE674, 0xE675,
  0xDE54, 0xDE34, 0xD634, 0xCDF4, 0xC5F4, 0xC5D4, 0xC5F4, 0xC5D4, 0xBDD4, 0xC5B3, 0xC5B3, 0xC5D4,
  0xC5D4, 0xBDD4, 0xBDF6, 0xB5F6, 0xB617, 0xB616, 0xB5F6, 0xB5F6, 0xB5F6, 0xB5F6, 0xB5F6, 0xB5F6,
  0xB5F6, 0xB5F6, 0xB5F6, 0xB5F6, 0xB5D6, 0xB5D6, 0xB5F6, 0xB5F6, 0xBE17, 0xB5F6, 0xB5F6, 0xB5F6,
  0xB5F6, 0xB5F6, 0xB5F6, 0xB5F6, 0xB5F7, 0xB5F7, 0xB5F6, 0xB616, 0xB616, 0xB5F6, 0xBE17, 0xC616,
  0xC616, 0xC616, 0xC616, 0xBE16, 0xBE16, 0xC637, 0xCE57, 0xCE57, 0xCE57, 0xCE36, 0xC616, 0xC636,
  0xBDF5, 0xB5D5, 0xB5B5, 0xB5B5, 0xBDF5, 0xC5F5, 0xC5F5, 0xBDF6, 0xBDD6, 0xBDD6, 0xBDD5, 0xBDF6,
  0xB5D5, 0xB5B5, 0xADB5, 0xB5B5, 0xAD94, 0xAD74, 0xAD94, 0xAD94, 0xB594, 0xBD73, 0xBD93, 0xBD93,
  0xC5B4, 0xCDD4, 0xCDD4, 0xC5D4, 0xC5D4, 0xC5B4, 0xC5D4, 0xC5D4, 0xCDF5, 0xCDD5, 0xCDD5, 0xCDF4,
  0xCDD4, 0xCDF4, 0xCDF4, 0xC5D4, 0xC5B3, 0xC5B4, 0xCDD4, 0xDE34, 0xE635, 0xEE54, 0xEE74, 0xEE74,
  0xEE54, 0xEE54, 0xE634, 0xD5F3, 0xCDF2, 0xCDB2, 0xC592, 0xBD51, 0xB510, 0xB510, 0xAD10, 0xACF0,
  0xA4AF, 0xA4AF, 0x9C8F, 0x946F, 0x946F, 0x946F, 0x8C4F, 0x8C4F, 0x8C6F, 0x946F, 0x9490, 0x9490,
  0x9470, 0x8C4F, 0x8430, 0x8C50, 0x8C70, 0x8C70, 0x8C91, 0x94B1, 0x94B1, 0x94B1, 0x94B1, 0x9491,
  0x8C91, 0x8C90, 0x9491, 0x94B1, 0x94B1, 0x94B1, 0x94B1, 0x9491, 0x9491, 0x9491, 0x9491, 0x9491,
  0x9491, 0x9491, 0x94B1, 0x94B1, 0x94B1, 0x94B0, 0x94B1, 0x94D2, 0x9CD1, 0x9CD1, 0x9CF1, 0x9CF1,
  0xA511, 0xA511, 0xA4D1, 0xA4F1, 0xA4F1, 0x9CD1, 0x94B1, 0x94B0, 0x94B1, 0x94B1, 0x94B1, 0x8C91,
  0x8C71, 0x8CB1, 0x8CB1, 0x8C91, 0x94B1, 0x9CD1, 0xA4F1, 0xB532, 0xF7BA, 0xFFBA, 0xFFBA, 0xFF79,
  0xFF59, 0xFF59, 0xFF59, 0xFF59, 0xFF5A, 0xFF5A, 0xF75A, 0xF759, 0xF739, 0xF739, 0xF739, 0xF759,
  0xF759, 0xF739, 0xFF39, 0xFF59, 0xFFBA, 0xFFDA, 0xFFDA, 0xFFDA, 0xFFDA, 0xFFDB, 0xFFDA, 0xF7BA,
  0xFFBA, 0xF7BA, 0xF7DA, 0xF7DA, 0xFFDA, 0xFFBA, 0xF7BA, 0xFFBA, 0xFF99, 0xF759, 0xF779, 0xFFBA,
  0xFFDA, 0xF7DA, 0xFFDA, 0xFFDA, 0xFFDA, 0xFFDA, 0xF7DA, 0xF7B9, 0xF7B9, 0xF7B9, 0xF7B9, 0xFF99,
  0xFF79, 0xFF78, 0xFF57, 0xFF37, 0xF716, 0xF6D5, 0xEED5, 0xEE94, 0xE694, 0xEEB5, 0xEEB5, 0xEED6,
  0xEED7, 0xEEF8, 0xE6F8, 0xE6F8, 0xE6F8, 0xEEF8, 0xEED8, 0xEEF8, 0xF719, 0xF739, 0xF79A, 0xFFBA,
  0xFF9A, 0xFF9A, 0xFF99, 0xFF9A, 0xF779, 0xF739, 0xF739, 0xFF79, 0xFF9A, 0xFF9A, 0xFFBA, 0xFFB9,
  0xF799, 0xEF39, 0xEF39, 0xFF9A, 0xFFBA, 0xF779, 0xFF59, 0xFF59, 0xF759, 0xFFBA, 0xFFDA, 0xF7DA,
  0xF7DA, 0xF7DA, 0xF7B9, 0xF799, 0xFF99, 0xFF78, 0xFF78, 0xFF58, 0xFF57, 0xFF57, 0xFF36, 0xFF36,
  0xFF16, 0xFF16, 0xFF16, 0xFEF6, 0xFEF5, 0xFED5, 0xF6B4, 0xF694, 0xEE94, 0xEE73, 0xE673, 0xE653,
  0xE654, 0xE654, 0xE673, 0xDE53, 0xDE34, 0xD613, 0xD633, 0xDE34, 0xD634, 0xD633, 0xD634, 0xD634,
  0xD635, 0xD615, 0xCE35, 0xCE15, 0xCE15, 0xC615, 0xC5F4, 0xC615, 0xC615, 0xBE15, 0xBE16, 0xBE16,
  0xBE37, 0xB616, 0xB616, 0xB616, 0xB5F6, 0xB5F6, 0xB5F6, 0xB5F6, 0xB5F6, 0xB5F6, 0xB5F6, 0xB5F6,
  0xB5F6, 0xB5F6, 0xB5F6, 0xB5F6, 0xBE16, 0xC636, 0xD697, 0xD656, 0xCE15, 0xD656, 0xD656, 0xC615,
  0xBDF6, 0xBDF6, 0xC636, 0xBE15, 0xBDF6, 0xBE16, 0xBE16, 0xBDF5, 0xBE16, 0xBE17, 0xBE16, 0xBDF6,
  0xBE16, 0xC637, 0xD657, 0xD677, 0xCE36, 0xC5F5, 0xBDF5, 0xC615, 0xCE35, 0xC615, 0xCE15, 0xD655,
  0xE676, 0xDE55, 0xD634, 0xCE15, 0xCDF4, 0xC5B4, 0xBDB4, 0xBDD4, 0xBDD5, 0xB5B4, 0xAD95, 0xB5B5,
  0xAD94, 0xAD73, 0xAD73, 0xAD74, 0xB594, 0xB574, 0xB594, 0xBD94, 0xBD94, 0xBDB4, 0xBDB4, 0xBDB4,
  0xBDB5, 0xBDB4, 0xBDB4, 0xBDB3, 0xBDB4, 0xC5B4, 0xC5D4, 0xC5D4, 0xC5B4, 0xBDB3, 0xBDB4, 0xBDB4,
  0xC5D4, 0xCDF4, 0xD614, 0xD5F3, 0xD613, 0xDE13, 0xDE14, 0xDE34, 0xDE34, 0xE634, 0xDE13, 0xD5F3,
  0xD613, 0xD5D3, 0xCDD2, 0xC592, 0xBD71, 0xBD71, 0xB531, 0xB510, 0xACF0, 0xA4D0, 0xA4D0, 0xA4B0,
  0x9C90, 0x948F, 0x948F, 0x948F, 0x946F, 0x9470, 0x9470, 0x9470, 0x946F, 0x8C4F, 0x8470, 0x8450,
  0x842F, 0x8C50, 0x8C70, 0x8C91, 0x8C91, 0x8C90, 0x8CB0, 0x9490, 0x8C90, 0x8CB1, 0x8CB1, 0x94B1,
  0x94B1, 0x94D1, 0x94B2, 0x94B1, 0x94B1, 0x94B1, 0x94B1, 0x94B1, 0x94B1, 0x94B1, 0x94B1, 0x94D1,
  0x94D1, 0x94B1, 0x94B1, 0x94B1, 0xA4F1, 0xAD11, 0xBD31, 0xB510, 0xB531, 0xAD31, 0xA4F1, 0x9CD0,
  0x9CD0, 0x9CB0, 0x94B1, 0x94B1, 0x8CB0, 0x8C91, 0x8C91, 0x8C91, 0x8C71, 0x8CB2, 0x94B1, 0x94D2,
  0x94D2, 0x9CF2, 0x9CD0, 0x9CD0, 0xFFDA, 0xFFB9, 0xFF99, 0xFF58, 0xF737, 0xF737, 0xF717, 0xF718,
  0xF759, 0xF759, 0xFF59, 0xF759, 0xF739, 0xF739, 0xF739, 0xF759, 0xF759, 0xF759, 0xF759, 0xF75A,
  0xF779, 0xF799, 0xF799, 0xF779, 0xFF79, 0xFF5A, 0xF79A, 0xF7BA, 0xFFBA, 0xFFBA, 0xFFDA, 0xF7DA,
  0xF7DA, 0xF7BA, 0xF7BA, 0xFFDB, 0xFFBA, 0xFFB9, 0xFFDA, 0xFFDA, 0xFFDA, 0xF7DA, 0xF7DA, 0xF7DA,
  0xF7DA, 0xF7DA, 0xF7DA, 0xFFDA, 0xFFDA, 0xF7D9, 0xFFB9, 0xFF99, 0xFF78, 0xFF57, 0xFF37, 0xFF16,
  0xFF16, 0xF6D5, 0xF6B4, 0xEE94, 0xE673, 0xE673, 0xE653, 0xE674, 0xE694, 0xEED6, 0xEEF7, 0xEF18,
  0xEEF8, 0xE6D8, 0xE6D8, 0xE6F8, 0xEEF8, 0xEF18, 0xF739, 0xF738, 0xF739, 0xFF59, 0xFF39, 0xF718,
  0xEF18, 0xEF18, 0xEEF8, 0xF6F8, 0xF718, 0xEEF8, 0xF718, 0xFF79, 0xFFBA, 0xFFBA, 0xFF79, 0xFF9A,
  0xFFDA, 0xFFBA, 0xF759, 0xF6F8, 0xF759, 0xFFBA, 0xF7DA, 0xF7DA, 0xF7DA, 0xF7D9, 0xF7D9, 0xF7D9,
  0xF7D9, 0xF7D9, 0xF7B9, 0xF799, 0xFF99, 0xFF99, 0xFF98, 0xFF78, 0xFF78, 0xFF57, 0xFF57, 0xFF57,
  0xFF36, 0xFF16, 0xFEF5, 0xF6B4, 0xF694, 0xEE73, 0xE674, 0xE674, 0xE674, 0xE674, 0xE674, 0xE674,
  0xDE54, 0xDE33, 0xDE54, 0xDE54, 0xDE54, 0xD634, 0xD634, 0xD634, 0xDE55, 0xDE75, 0xDE76, 0xD655,
  0xCE35, 0xC5F4, 0xCE15, 0xCE36, 0xCE36, 0xC616, 0xC616, 0xBDF5, 0xBE16, 0xBE16, 0xBE16, 0xB5F6,
  0xB5F6, 0xB5F6, 0xB5F6, 0xB5F6, 0xB5F6, 0xB5F6, 0xB616, 0xB616, 0xB5F6, 0xB5F6, 0xB5F6, 0xBE36,
  0xCE97, 0xEEF7, 0xFF58, 0xFF37, 0xFED6, 0xF6B6, 0xEE95, 0xDE34, 0xCE14, 0xC615, 0xCE35, 0xC5F5,
  0xBDF5, 0xC616, 0xCE36, 0xCE56, 0xC635, 0xC636, 0xCE36, 0xCE36, 0xCE15, 0xCE35, 0xC5F5, 0xC5F5,
  0xBDD5, 0xBDD5, 0xBDF5, 0xCE35, 0xD635, 0xD635, 0xDE55, 0xE654, 0xDE34, 0xDE14, 0xD5F3, 0xCDD3,
  0xC5B3, 0xC593, 0xBD93, 0xB573, 0xB573, 0xAD53, 0xAD73, 0xAD94, 0xAD74, 0xAD73, 0xAD53, 0xAD53,
  0xAD73, 0xAD74, 0xAD94, 0xAD94, 0xAD94, 0xAD94, 0xAD94, 0xAD94, 0xAD95, 0xAD95, 0xAD94, 0xB594,
  0xB594, 0xB594, 0xB594, 0xB594, 0xB5B4, 0xB5B3, 0xBDB4, 0xBDD4, 0xC5D4, 0xCDD4, 0xC5D4, 0xCDF3,
  0xCDF3, 0xCDF3, 0xC5B3, 0xC5B3, 0xC5B3, 0xC5B3, 0xCDD3, 0xD5F3, 0xD5F3, 0xD5D3, 0xCDD2, 0xCDD2,
  0xC5B2, 0xC592, 0xBD71, 0xB551, 0xB531, 0xAD10, 0xACF0, 0xA4F0, 0xA4D0, 0x9CB0, 0x9C90, 0x9C90,
  0x9490, 0x9490, 0x9490, 0x9490, 0x9490, 0x8C6F, 0x8C70, 0x8C50, 0x8C50, 0x8C4F, 0x8C6F, 0x8C70,
  0x8C91, 0x8C90, 0x8C90, 0x94B1, 0x94B1, 0x8CB1, 0x94D2, 0x94D2, 0x94D2, 0x94D2, 0x94D2, 0x9CD2,
  0x9CD2, 0x94B1, 0x9CD2, 0x9CD2, 0x94D1, 0x9CD1, 0x9CD1, 0x9CD1, 0x94D1, 0x94D1, 0x94D2, 0x9CF2,
  0xAD12, 0xB551, 0xBD31, 0xB530, 0xB551, 0xB531, 0xA4F0, 0xA4F1, 0x9CD1, 0x9CB1, 0x94B1, 0x94B1,
  0x94B1, 0x8CB1, 0x8CB1, 0x8CB1, 0x8C91, 0x8CB1, 0x94B1, 0x94B1, 0x94D1, 0x94B1, 0x9CD0, 0x9CD1,
  0xFF37, 0xFF77, 0xF757, 0xF736, 0xFF36, 0xF736, 0xEED5, 0xEE94, 0xEE94, 0xEED5, 0xF738, 0xFF59,
  0xF759, 0xF759, 0xF739, 0xFF39, 0xF759, 0xFF9A, 0xFF9A, 0xF79A, 0xF79A, 0xF79A, 0xFF7A, 0xFF59,
  0xFF59, 0xFF39, 0xF739, 0xF759, 0xF759, 0xF759, 0xF779, 0xFF9A, 0xFF79, 0xF779, 0xFF79, 0xFF79,
  0xF779, 0xF779, 0xFFBA, 0xFFBA, 0xFFDA, 0xF7DA, 0xFFDA, 0xFFDA, 0xF7DA, 0xF7FB, 0xF7FB, 0xF7DA,
  0xF7DA, 0xFFDA, 0xFFD9, 0xFFD9, 0xFFD9, 0xFF99, 0xFF78, 0xFF57, 0xFF57, 0xFF36, 0xFF16, 0xF6F5,
  0xF6D5, 0xEEB4, 0xEE94, 0xE693, 0xE674, 0xEE95, 0xEED6, 0xF717, 0xEF17, 0xEEF7, 0xE6F7, 0xE6F8,
  0xE6F8, 0xE6F8, 0xEEF8, 0xEED8, 0xEED8, 0xEEF8, 0xEEF8, 0xEF18, 0xEF18, 0xEF18, 0xEF18, 0xEF18,
  0xEED8, 0xEED8, 0xEEF8, 0xF759, 0xFF59, 0xFF79, 0xFF59, 0xFF79, 0xFF9A, 0xFF9A, 0xFF59, 0xF738,
  0xFF99, 0xFFBA, 0xF7B9, 0xFF99, 0xFF79, 0xFF99, 0xFFDA, 0xFFDA, 0xFFD9, 0xF7D9, 0xF7DA, 0xF7DA,
  0xF7DA, 0xFFDA, 0xF7DA, 0xFF99, 0xFF79, 0xFF99, 0xFF78, 0xFF57, 0xFF57, 0xFF36, 0xF6D4, 0xF673,
  0xE652, 0xDE32, 0xDE32, 0xDE32, 0xDE33, 0xE654, 0xE674, 0xDE75, 0xDE55, 0xDE55, 0xDE55, 0xDE74,
  0xDE55, 0xD635, 0xD635, 0xD615, 0xD634, 0xDE74, 0xD675, 0xD655, 0xCE15, 0xCE15, 0xC615, 0xC614,
  0xCE14, 0xCE35, 0xCE36, 0xBDB4, 0xB5B4, 0xBE16, 0xBE16, 0xBDF6, 0xBDF6, 0xB616, 0xB616, 0xB5F6,
  0xB5F6, 0xB5F6, 0xB5F6, 0xB616, 0xBE16, 0xBDF7, 0xBDF6, 0xC616, 0xD676, 0xE6B7, 0xF6F7, 0xF6B5,
  0xEE74, 0xDE34, 0xD614, 0xCDF4, 0xC5D3, 0xBDD4, 0xBDB4, 0xB5B4, 0xBDD5, 0xC615, 0xD635, 0xD655,
  0xD634, 0xCE14, 0xD655, 0xDE55, 0xD635, 0xCDF4, 0xBDF5, 0xBDF5, 0xBDD5, 0xBDD5, 0xB5D5, 0xBDD4,
  0xBDB4, 0xBDD4, 0xC5D4, 0xC5D3, 0xCDD3, 0xCDD4, 0xCDF3, 0xD5F2, 0xCDF3, 0xCDB3, 0xBDB3, 0xB572,
  0xB573, 0xAD73, 0xAD53, 0xAD73, 0xAD73, 0xAD53, 0xA553, 0xAD73, 0xAD73, 0xAD73, 0xAD74, 0xAD94,
  0xAD94, 0xADB4, 0xAD94, 0xAD74, 0xAD94, 0xAD94, 0xAD94, 0xAD94, 0xAD94, 0xAD94, 0xAD94, 0xAD94,
  0xB594, 0xB594, 0xB593, 0xB573, 0xB593, 0xB593, 0xB593, 0xBD94, 0xBDB4, 0xBD94, 0xBD73, 0xB553,
  0xAD52, 0xB553, 0xB573, 0xC592, 0xC592, 0xBD72, 0xBD93, 0xBD93, 0xC593, 0xC573, 0xBD72, 0xB551,
  0xB531, 0xAD10, 0xACF1, 0xACF0, 0xA4D1, 0xA4D0, 0x9CD0, 0x9C90, 0x9CB0, 0x9490, 0x9490, 0x9490,
  0x9490, 0x9490, 0x8C70, 0x8C6F, 0x8C70, 0x8C70, 0x9490, 0x9491, 0x9471, 0x9490, 0x94B0, 0x94D1,
  0x94D2, 0x94D2, 0x9CD2, 0x9CD1, 0x9CD2, 0x94D2, 0x94D2, 0x94D2, 0x9CD2, 0x9CD2, 0x9CF2, 0xA512,
  0xAD32, 0xB572, 0xB551, 0xB531, 0xA4F1, 0x9CD1, 0x9CF1, 0x9CF1, 0xA4F1, 0xA4F1, 0xA4F0, 0xA4F0,
  0xAD11, 0xAD11, 0xA511, 0xA511, 0xA4F1, 0x9CF1, 0x9CD1, 0x9CD1, 0x9CD1, 0x94D1, 0x9CD1, 0x9CF2,
  0x9CD1, 0x94B1, 0x94B1, 0x94B0, 0x94B0, 0x9490, 0x9C90, 0x9CB0, 0xFEF4, 0xFF36, 0xF756, 0xFF77,
  0xFF78, 0xFF57, 0xF6F5, 0xEE94, 0xEE73, 0xEE93, 0xF6F6, 0xFF78, 0xFF99, 0xF77A, 0xF779, 0xF759,
  0xFF5A, 0xFF9A, 0xFFBB, 0xFFDB, 0xFFBA, 0xFF59, 0xFF59, 0xFF59, 0xFF59, 0xFF59, 0xFF59, 0xF739,
  0xF739, 0xF739, 0xF739, 0xFF59, 0xFF59, 0xF739, 0xFF59, 0xF739, 0xFF59, 0xFF79, 0xF759, 0xF779,
  0xF779, 0xF79A, 0xF79A, 0xF79A, 0xFFBA, 0xF7BA, 0xF7DA, 0xF7DA, 0xF7DA, 0xFFDA, 0xFFDA, 0xFFDA,
  0xFFDA, 0xFFDA, 0xFFDA, 0xFFB9, 0xFFB9, 0xFF98, 0xFF78, 0xF757, 0xFF37, 0xFF16, 0xFEF6, 0xF6D5,
  0xF6D5, 0xF6F6, 0xF6F7, 0xF6F7, 0xF718, 0xF717, 0xEEF7, 0xEEF7, 0xEEF7, 0xEEF7, 0xE6D7, 0xE6F8,
  0xE6F8, 0xEEF8, 0xEEF8, 0xEEF8, 0xF718, 0xF738, 0xF738, 0xF718, 0xEEF7, 0xEEF8, 0xF738, 0xFF59,
  0xFF79, 0xF758, 0xF738, 0xF738, 0xF738, 0xF738, 0xF718, 0xFF18, 0xFF38, 0xF738, 0xF738, 0xF718,
  0xF6F8, 0xF758, 0xFF79, 0xFF99, 0xFFB9, 0xFFBA, 0xFFBA, 0xFFBA, 0xFFDA, 0xFFDA, 0xF7DA, 0xF7B9,
  0xF799, 0xF799, 0xF778, 0xFF58, 0xFF57, 0xFF36, 0xFEF5, 0xF694, 0xEE73, 0xE652, 0xE632, 0xDE11,
  0xDDF1, 0xD5F2, 0xDE12, 0xD614, 0xD635, 0xDE55, 0xD656, 0xD677, 0xD656, 0xD656, 0xD656, 0xD656,
  0xD655, 0xD655, 0xCE56, 0xCE56, 0xCE36, 0xCE36, 0xC636, 0xC635, 0xCE15, 0xC616, 0xC636, 0xC636,
  0xBE36, 0xBE37, 0xBE37, 0xBE36, 0xBE16, 0xC636, 0xC637, 0xBE37, 0xBE16, 0xC636, 0xC656, 0xCE36,
  0xDE77, 0xDE96, 0xDE96, 0xD676, 0xD656, 0xD676, 0xE696, 0xE675, 0xDE54, 0xD634, 0xD615, 0xD5F4,
  0xCDD4, 0xC5D4, 0xC5D5, 0xC5D4, 0xC5D4, 0xC5D4, 0xCDF4, 0xCE14, 0xCE13, 0xCE13, 0xCDF3, 0xCDD3,
  0xC5B3, 0xBDB3, 0xB5D5, 0xB5D5, 0xB5D5, 0xBDF5, 0xBDF5, 0xB5B5, 0xB5B5, 0xB5B5, 0xB5B5, 0xB5B4,
  0xBDB4, 0xCDD3, 0xD613, 0xDE33, 0xDE33, 0xDE14, 0xD614, 0xC5B3, 0xBD73, 0xB593, 0xAD73, 0xAD53,
  0xAD73, 0xAD73, 0xAD73, 0xAD73, 0xAD73, 0xAD73, 0xAD74, 0xAD74, 0xAD74, 0xAD93, 0xAD74, 0xAD74,
  0xAD74, 0xAD74, 0xAD74, 0xAD74, 0xAD73, 0xAD73, 0xAD74, 0xAD74, 0xAD73, 0xAD53, 0xAD73, 0xAD53,
  0xAD53, 0xAD52, 0xAD53, 0xAD53, 0xAD53, 0xAD32, 0xAD32, 0xAD53, 0xAD52, 0xAD33, 0xAD53, 0xAD52,
  0xAD32, 0xA533, 0xAD53, 0xAD73, 0xB573, 0xBD73, 0xB552, 0xB552, 0xB552, 0xAD11, 0xACF0, 0xA4F0,
  0xA4D1, 0xA4D1, 0x9CD0, 0x9C90, 0x9490, 0x9490, 0x9490, 0x9490, 0x9490, 0x9490, 0x9490, 0x8C90,
  0x8C90, 0x9490, 0x94D1, 0x94B1, 0x94B1, 0x94D1, 0x94D1, 0x9CF2, 0x9CF2, 0xAD31, 0xB552, 0xAD12,
  0xA4F1, 0x9CD2, 0x94F2, 0x9CF2, 0x9CD2, 0x9CF2, 0xAD33, 0xBD73, 0xC592, 0xC591, 0xC571, 0xB50F,
  0xACCF, 0xA4D1, 0x9CD1, 0x9CD1, 0x9CD1, 0xA4D0, 0x9CB0, 0x9CD0, 0xA4F1, 0xA4F1, 0xA4F1, 0xA4F1,
  0xA4F1, 0xA512, 0xA512, 0xA4F2, 0x9CF1, 0x9D11, 0x9CF1, 0xA4F1, 0xA4F1, 0xA4D1, 0x94B0, 0x94B0,
  0x94B1, 0x9CB0, 0x9CB0, 0x9CB0, 0xFEF4, 0xFF35, 0xFF57, 0xFF98, 0xFF99, 0xFF77, 0xFF16, 0xF6F4,
  0xF6D4, 0xFEF5, 0xF736, 0xFF98, 0xFFDA, 0xFFDB, 0xF7BA, 0xF79A, 0xF77A, 0xF77A, 0xF779, 0xF79A,
  0xF799, 0xFF59, 0xFF59, 0xFF59, 0xFF59, 0xFF59, 0xFF59, 0xFF59, 0xFF39, 0xF739, 0xF739, 0xFF38,
  0xFF38, 0xFF38, 0xFF38, 0xFF38, 0xFF38, 0xFF59, 0xFF59, 0xFF79, 0xFF7A, 0xFF7A, 0xFF79, 0xF779,
  0xF799, 0xF799, 0xFFBA, 0xF7BA, 0xF7BA, 0xFFDA, 0xFFDA, 0xFFDA, 0xFFDA, 0xF7DA, 0xF7DA, 0xF7DA,
  0xFFDA, 0xFFDA, 0xFFBA, 0xF7B9, 0xFF78, 0xFF58, 0xFF37, 0xFF36, 0xFF36, 0xFEF6, 0xF6F6, 0xF6F7,
  0xEED6, 0xE6B5, 0xE695, 0xDE75, 0xDE75, 0xE6B6, 0xE6D7, 0xE6D7, 0xE6D7, 0xE6D7, 0xE6D7, 0xE6B7,
  0xEED6, 0xE6B6, 0xE6B6, 0xE6B7, 0xEED7, 0xEED7, 0xEEF7, 0xEEF7, 0xEEF7, 0xEEF7, 0xEEF7, 0xEEF7,
  0xEEF7, 0xF6F7, 0xF6F7, 0xF6F7, 0xEEF7, 0xEEF7, 0xEEF7, 0xEED7, 0xEED7, 0xEEF7, 0xF718, 0xF738,
  0xFF59, 0xFF58, 0xFF59, 0xF779, 0xF7B9, 0xFFDA, 0xFFDA, 0xFFD9, 0xFFB9, 0xFFB9, 0xFFB9, 0xFF98,
  0xFF58, 0xFF36, 0xFF16, 0xFEF5, 0xFEB4, 0xF6B4, 0xF673, 0xEE53, 0xE632, 0xDE11, 0xDE11, 0xD5F1,
  0xCDF2, 0xD634, 0xD655, 0xD676, 0xD676, 0xD696, 0xD677, 0xCE56, 0xCE56, 0xCE56, 0xD676, 0xDE76,
  0xDE97, 0xDE97, 0xD677, 0xCE56, 0xCE56, 0xC636, 0xC637, 0xC637, 0xBE36, 0xBE37, 0xC637, 0xC657,
  0xC636, 0xCE36, 0xCE56, 0xC636, 0xCE57, 0xCE57, 0xDE96, 0xE697, 0xEE96, 0xEEB5, 0xEED5, 0xEED6,
  0xDE76, 0xDE55, 0xE675, 0xEE95, 0xEE95, 0xEE95, 0xE695, 0xDE54, 0xD634, 0xD614, 0xCE14, 0xCDF3,
  0xC5D3, 0xC5D3, 0xCDD3, 0xCDF3, 0xD614, 0xD614, 0xD5F3, 0xCDB2, 0xC5B3, 0xBDB3, 0xBDB4, 0xBDB4,
  0xBDD4, 0xC5D4, 0xCDF4, 0xC5F5, 0xB5B5, 0xB594, 0xB5B4, 0xBDB4, 0xBDB4, 0xC5B4, 0xC5D4, 0xCDD3,
  0xCDD3, 0xD5D4, 0xCDF3, 0xCDD4, 0xC5B4, 0xB593, 0xAD53, 0xAD52, 0xAD53, 0xAD73, 0xAD73, 0xAD53,
  0xAD53, 0xAD53, 0xAD53, 0xAD54, 0xAD73, 0xAD73, 0xAD73, 0xAD73, 0xAD73, 0xAD73, 0xAD73, 0xAD94,
  0xAD74, 0xAD73, 0xAD53, 0xAD73, 0xAD53, 0xAD74, 0xAD73, 0xAD53, 0xAD53, 0xAD53, 0xAD53, 0xA553,
  0xAD33, 0xAD53, 0xAD53, 0xAD53, 0xAD53, 0xA533, 0xA533, 0xA533, 0xA512, 0x9D12, 0xA512, 0xAD32,
  0xAD32, 0xB552, 0xBD52, 0xB532, 0xBD52, 0xB552, 0xB531, 0xAD11, 0xA511, 0xA4F1, 0x9CB0, 0x9CB0,
  0x9490, 0x9490, 0x9490, 0x94B0, 0x9490, 0x94B0, 0x94B0, 0x94B1, 0x94B0, 0x94D1, 0x9CF1, 0x9CD1,
  0x94D1, 0x94D1, 0x94D1, 0x9CF2, 0xAD33, 0xC5B3, 0xC5B3, 0xBD72, 0xAD12, 0x9CF2, 0x9CF2, 0x94F2,
  0x94F2, 0x9CF2, 0xACF2, 0xAD11, 0xB551, 0xBD51, 0xBD51, 0xB530, 0xAD10, 0xACF1, 0xA4D1, 0x9CD1,
  0xA4F1, 0xA4F1, 0x9CF1, 0x9CF1, 0xA4F1, 0xA4F1, 0xA4F1, 0xA511, 0xA4F1, 0xA4F1, 0xA4F1, 0xA512,
  0xA512, 0xA511, 0xA511, 0xA4F1, 0xA4F1, 0xA4D1, 0x9CD1, 0x94D1, 0x94B1, 0x9CD0, 0x9CD1, 0xA4F1,
  0xFF56, 0xFF57, 0xFF78, 0xFFB9, 0xF7B9, 0xFF78, 0xFF57, 0xFF36, 0xFF37, 0xFF57, 0xF778, 0xF7B9,
  0xFFDA, 0xF7DB, 0xFFDB, 0xFFDB, 0xFFDB, 0xFFBA, 0xF79A, 0xF759, 0xF759, 0xF779, 0xFF59, 0xFF58,
  0xFF59, 0xFF38, 0xF738, 0xFF38, 0xF738, 0xF738, 0xF738, 0xF738, 0xF738, 0xF718, 0xF718, 0xF718,
  0xF738, 0xF758, 0xFF58, 0xFF79, 0xFF79, 0xFF79, 0xFF99, 0xFFBA, 0xFFBA, 0xFFDA, 0xFFDA, 0xFFDA,
  0xFFBA, 0xFFBA, 0xFFBA, 0xFFDA, 0xFFDB, 0xFFDA, 0xFFDA, 0xFFDA, 0xFFDA, 0xFFDA, 0xFFDA, 0xFFBA,
  0xF799, 0xFF99, 0xFF79, 0xFF78, 0xF737, 0xF716, 0xF6D6, 0xEEB5, 0xE674, 0xE654, 0xE653, 0xDE53,
  0xDE54, 0xE694, 0xE6B6, 0xE695, 0xE696, 0xE6B6, 0xDEB6, 0xE6B6, 0xE6B6, 0xE6B6, 0xE6B6, 0xE6B7,
  0xE6B7, 0xE6B6, 0xE6B6, 0xE6B6, 0xE6B7, 0xE6D7, 0xE6D7, 0xE6D7, 0xEED7, 0xEED7, 0xEED7, 0xE6D7,
  0xE6D7, 0xE6D7, 0xE6D7, 0xE6D7, 0xE6D6, 0xE6B6, 0xEED6, 0xEED7, 0xEEF7, 0xEEF7, 0xF718, 0xF758,
  0xF7B9, 0xFFDA, 0xFFBA, 0xFF99, 0xFF99, 0xFFB9, 0xFFB9, 0xFFB9, 0xFF99, 0xFF78, 0xFF58, 0xFF37,
  0xFF16, 0xFF15, 0xFEF5, 0xF6D4, 0xF6B4, 0xEE73, 0xE652, 0xE652, 0xDE32, 0xDE33, 0xDE74, 0xDE95,
  0xDE96, 0xDE96, 0xDE97, 0xD677, 0xCE56, 0xCE56, 0xD676, 0xDE96, 0xE697, 0xDE97, 0xDE97, 0xCE56,
  0xC657, 0xC637, 0xCE57, 0xCE56, 0xD677, 0xDEB7, 0xDEB7, 0xD676, 0xD656, 0xD656, 0xDEB7, 0xD656,
  0xCE36, 0xCE15, 0xD635, 0xDE55, 0xE654, 0xE674, 0xEE74, 0xE654, 0xDE35, 0xDE34, 0xDE34, 0xE674,
  0xEE95, 0xEE95, 0xEE95, 0xE694, 0xE674, 0xDE53, 0xD613, 0xD5F3, 0xCDF3, 0xCDF3, 0xCDF3, 0xCE14,
  0xD614, 0xCE15, 0xD614, 0xCDD3, 0xC5D3, 0xC5F4, 0xC5D4, 0xC5B4, 0xC5B3, 0xC592, 0xC592, 0xC592,
  0xBD93, 0xB552, 0xB572, 0xBD93, 0xBD93, 0xBD94, 0xBD94, 0xBD73, 0xBD73, 0xBD93, 0xBD93, 0xBDB3,
  0xBDB4, 0xBDB4, 0xB573, 0xAD52, 0xAD52, 0xAD52, 0xAD52, 0xAD52, 0xAD52, 0xAD73, 0xAD73, 0xAD53,
  0xAD73, 0xAD73, 0xAD73, 0xAD73, 0xAD73, 0xAD73, 0xAD73, 0xAD93, 0xAD74, 0xAD73, 0xAD74, 0xAD73,
  0xAD73, 0xAD74, 0xAD74, 0xAD74, 0xAD73, 0xAD73, 0xAD53, 0xAD53, 0xAD53, 0xAD53, 0xAD53, 0xAD53,
  0xAD53, 0xA553, 0xA553, 0xAD32, 0xAD32, 0xBD72, 0xCDD3, 0xD613, 0xCDD3, 0xCDB3, 0xC592, 0xBD52,
  0xB531, 0xB511, 0xACF0, 0xA4D0, 0xA4D1, 0x9CB0, 0x9CB0, 0x9CB0, 0x9490, 0x9490, 0x9490, 0x9490,
  0x9490, 0x94B0, 0x94B0, 0x94B0, 0x9CD1, 0x9CF1, 0x9D12, 0x9CF1, 0x9CF1, 0x94D1, 0x94B1, 0x9CD1,
  0xA4F1, 0xA4F0, 0xA4D0, 0xA4B0, 0x9CB0, 0x9CD1, 0x9CD2, 0x9CF2, 0x94D2, 0x9CD1, 0xA4D0, 0xAD11,
  0xAD51, 0xB552, 0xB552, 0xB572, 0xB552, 0xB531, 0xAD31, 0xA512, 0xA4F2, 0xA4F1, 0x9CF2, 0xA512,
  0xAD32, 0xAD32, 0xAD32, 0xAD32, 0xA512, 0xAD32, 0xAD32, 0xAD32, 0xAD11, 0xAD12, 0xAD12, 0xAD12,
  0xA511, 0xA4F1, 0x9CD1, 0x9CF1, 0x9CB1, 0x9CD1, 0x9CF1, 0xA4F1, 0xF799, 0xF778, 0xFFB9, 0xFFDA,
  0xF7D9, 0xFFB9, 0xFF98, 0xFF78, 0xFF99, 0xFFB9, 0xFFBA, 0xFFDA, 0xF7DB, 0xF7DB, 0xFFDA, 0xF7DA,
  0xF7DB, 0xFFDA, 0xFF9A, 0xFF79, 0xFF99, 0xFFBA, 0xFFBA, 0xFF99, 0xFF59, 0xFF38, 0xF738, 0xF738,
  0xF718, 0xEF18, 0xEF17, 0xEF17, 0xEF18, 0xEF17, 0xEF17, 0xEF17, 0xEF17, 0xF737, 0xF738, 0xF738,
  0xF738, 0xF738, 0xF758, 0xF779, 0xFFB9, 0xFFBA, 0xF7B9, 0xFF99, 0xFF79, 0xF779, 0xF779, 0xF79A,
  0xFF9A, 0xF7B9, 0xFFB9, 0xFFB9, 0xFFDA, 0xF7BA, 0xFF9A, 0xF799, 0xF799, 0xFFDA, 0xFFDA, 0xFFBA,
  0xFF98, 0xFF57, 0xFF37, 0xFF16, 0xF6F5, 0xF6D5, 0xEEB5, 0xEEB5, 0xEE95, 0xEEB5, 0xEEB5, 0xEE95,
  0xE675, 0xE695, 0xDE95, 0xDE96, 0xDEB7, 0xE6B7, 0xE6B7, 0xE6B7, 0xE6B7, 0xDEB7, 0xDEB7, 0xDE96,
  0xDEB7, 0xE6B7, 0xDED7, 0xE6B7, 0xE6B7, 0xE6B7, 0xE6B7, 0xE6B7, 0xE6B6, 0xE6B7, 0xE6B7, 0xE6B6,
  0xE6B6, 0xE6B6, 0xE6B6, 0xE6D7, 0xEED7, 0xFF59, 0xFF99, 0xFFB9, 0xFFDA, 0xFFBA, 0xF759, 0xF738,
  0xFF58, 0xFF99, 0xF799, 0xFF99, 0xFF99, 0xFFB9, 0xFF99, 0xFF99, 0xFF77, 0xFF57, 0xFF36, 0xFF15,
  0xFEF5, 0xFED5, 0xFEB4, 0xF694, 0xEE94, 0xE674, 0xE674, 0xEEB6, 0xEEB6, 0xDE75, 0xD676, 0xD656,
  0xD677, 0xCE77, 0xCE76, 0xCE56, 0xD656, 0xCE57, 0xC657, 0xC677, 0xC657, 0xC657, 0xCE36, 0xD656,
  0xDE76, 0xE695, 0xDE35, 0xCDB3, 0xC592, 0xC5B3, 0xCDB2, 0xC5D3, 0xBDB3, 0xBDB3, 0xC5B3, 0xC5B2,
  0xC5B2, 0xD5F3, 0xE614, 0xDE54, 0xDE54, 0xD635, 0xD635, 0xD635, 0xD634, 0xDE55, 0xE654, 0xE674,
  0xE654, 0xDE34, 0xDE34, 0xDE34, 0xD613, 0xD613, 0xCE14, 0xCE14, 0xCE35, 0xCE16, 0xCE15, 0xCE14,
  0xC5F4, 0xC614, 0xBDF5, 0xBDF5, 0xC5D4, 0xBDB3, 0xBD72, 0xBD52, 0xB552, 0xB552, 0xAD52, 0xB573,
  0xB593, 0xB592, 0xB572, 0xB593, 0xB572, 0xB592, 0xB5B3, 0xB5B4, 0xB594, 0xB573, 0xB552, 0xAD32,
  0xAD32, 0xAD32, 0xAD32, 0xAD32, 0xAD32, 0xAD53, 0xB574, 0xAD74, 0xB574, 0xB594, 0xB593, 0xB593,
  0xB573, 0xAD73, 0xAD73, 0xAD73, 0xAD74, 0xAD94, 0xAD94, 0xAD74, 0xAD74, 0xAD94, 0xAD74, 0xAD74,
  0xAD74, 0xAD74, 0xAD73, 0xAD53, 0xAD53, 0xAD73, 0xA553, 0xAD53, 0xAD53, 0xAD53, 0xAD53, 0xBD93,
  0xCDD3, 0xE654, 0xEE73, 0xEE32, 0xDDF2, 0xD5D2, 0xCD91, 0xC571, 0xB531, 0xAD10, 0xACF0, 0xA4F0,
  0xA4D0, 0x9CB0, 0x9CD0, 0x9CD0, 0x9CB0, 0x9490, 0x9490, 0x9490, 0x9CB0, 0x94B0, 0x9490, 0x9490,
  0x9CD1, 0xA512, 0xAD53, 0xB573, 0xAD32, 0x9CF2, 0xA533, 0xAD12, 0xACF1, 0xAD32, 0xAD31, 0xAD32,
  0xA512, 0x9CF2, 0xA512, 0x9CF2, 0x9D12, 0xA552, 0xB572, 0xBD92, 0xBD72, 0xBD72, 0xBD72, 0xBD72,
  0xBD72, 0xBD51, 0xB552, 0xAD12, 0xA4F2, 0xA512, 0xA512, 0xAD53, 0xAD32, 0xB552, 0xB552, 0xB552,
  0xAD32, 0xAD12, 0xAD32, 0xB532, 0xB532, 0xB533, 0xAD32, 0xA512, 0x9CF1, 0x9CF1, 0x9CD1, 0xA4F2,
  0x9CD1, 0x9CF1, 0x9D11, 0xA511, 0xFFD9, 0xF7B9, 0xF7D9, 0xFFF9, 0xFFD9, 0xFFDA, 0xFFD9, 0xF7B9,
  0xF7B9, 0xFFDA, 0xF7DA, 0xF7DA, 0xF7DA, 0xFFDA, 0xF7B9, 0xF7BA, 0xF7DA, 0xFFDA, 0xFFDA, 0xFF99,
  0xFF98, 0xFF98, 0xFF78, 0xFF58, 0xF737, 0xFF17, 0xFF38, 0xF738, 0xFF38, 0xF758, 0xF758, 0xF779,
  0xF7B9, 0xFF99, 0xF758, 0xF717, 0xEF17, 0xEF18, 0xEF18, 0xEF17, 0xEF17, 0xEF17, 0xF717, 0xF737,
  0xF758, 0xF759, 0xF739, 0xF738, 0xF718, 0xF718, 0xEF18, 0xF738, 0xF738, 0xF738, 0xFF38, 0xF758,
  0xFF58, 0xFF59, 0xFF59, 0xFF38, 0xFF59, 0xFFBA, 0xF7DA, 0xF7FA, 0xFFD9, 0xFF78, 0xFF37, 0xFF17,
  0xFF17, 0xFF17, 0xFF17, 0xFF17, 0xFF16, 0xFF17, 0xFF17, 0xF6D6, 0xEEB6, 0xE6B6, 0xE6B6, 0xE6B6,
  0xE6B6, 0xE6B6, 0xDEB6, 0xDEB6, 0xDEB6, 0xDEB6, 0xE696, 0xE696, 0xE696, 0xE6B7, 0xE717, 0xEF58,
  0xF758, 0xF738, 0xEED6, 0xE6B6, 0xDEB6, 0xE6B6, 0xE6B7, 0xE6B7, 0xE6B6, 0xE6B6, 0xE6B7, 0xEED6,
  0xEED6, 0xF717, 0xF738, 0xF738, 0xFF38, 0xF6F8, 0xEED7, 0xEED7, 0xEEF7, 0xF717, 0xF717, 0xF718,
  0xF738, 0xF738, 0xF738, 0xFF58, 0xFF58, 0xFF78, 0xFF57, 0xFF57, 0xFF37, 0xFF36, 0xFEF6, 0xFED5,
  0xF6D5, 0xF6D4, 0xEE94, 0xEEB5, 0xEEB6, 0xE6B6, 0xE6D6, 0xDEB6, 0xDE96, 0xD677, 0xD677, 0xCE77,
  0xCE77, 0xCE77, 0xC657, 0xC657, 0xCE57, 0xCE56, 0xCE56, 0xCE55, 0xCE35, 0xCE14, 0xCDF3, 0xCDD3,
  0xC5B3, 0xC592, 0xC592, 0xC5B3, 0xC5B3, 0xC5D3, 0xC5D3, 0xCDD2, 0xD5F2, 0xCDD2, 0xD5D2, 0xDE13,
  0xD613, 0xD614, 0xD635, 0xDE55, 0xE675, 0xE674, 0xEE95, 0xF6B6, 0xF6B5, 0xF6B5, 0xEE95, 0xE675,
  0xDE54, 0xD634, 0xD635, 0xCE35, 0xCE36, 0xC616, 0xC616, 0xCDF5, 0xC615, 0xC615, 0xBE15, 0xBE16,
  0xBDF6, 0xBDD4, 0xC592, 0xBD92, 0xB572, 0xB572, 0xB552, 0xB573, 0xB573, 0xB593, 0xB593, 0xB593,
  0xB573, 0xB593, 0xB593, 0xB5B3, 0xBDB3, 0xC5D3, 0xD5F4, 0xD614, 0xCE14, 0xBD93, 0xBD73, 0xBD73,
  0xB552, 0xB572, 0xBD72, 0xBD92, 0xC5D3, 0xCDF4, 0xC5D3, 0xC5D4, 0xBDB4, 0xB593, 0xB593, 0xB593,
  0xB593, 0xB593, 0xB594, 0xAD94, 0xAD94, 0xB573, 0xAD74, 0xA574, 0xAD74, 0xAD74, 0xAD73, 0xAD73,
  0xAD73, 0xAD53, 0xAD53, 0xB573, 0xAD53, 0xAD53, 0xBD93, 0xDE34, 0xE633, 0xE654, 0xE633, 0xDDF3,
  0xD5D2, 0xD5D2, 0xCDB2, 0xC591, 0xBD71, 0xB531, 0xA4F1, 0xA4F1, 0xA4D0, 0xA4D0, 0xA4D1, 0x9CD0,
  0x9CB0, 0x9CB0, 0x9CD1, 0x9CD1, 0x9CF1, 0x9CD1, 0xA4D1, 0x9CD1, 0x9CD1, 0xA512, 0xBD73, 0xC5B3,
  0xC592, 0xC592, 0xCDD3, 0xCDD3, 0xCDD3, 0xD5D2, 0xCDD2, 0xCDB3, 0xBD93, 0xB532, 0xB553, 0xAD32,
  0xA533, 0xAD53, 0xAD32, 0xB532, 0xAD32, 0xB553, 0xAD33, 0xAD33, 0xAD33, 0xAD32, 0xAD53, 0xA532,
  0x9D13, 0x9D33, 0xA533, 0xA533, 0xA553, 0xAD53, 0xB552, 0xAD32, 0xA513, 0xA512, 0xA512, 0xA532,
  0xAD52, 0xAD32, 0xAD32, 0xA512, 0x9CF1, 0x9CF1, 0x9D12, 0x9CF2, 0x9CF1, 0xAD12, 0xAD32, 0xAD32,
  0xFFDA, 0xFFDA, 0xF7DA, 0xF7DA, 0xF7DA, 0xFFDA, 0xFFDA, 0xFFDA, 0xFFDA, 0xFFDA, 0xF7DA, 0xF7DA,
  0xF7DA, 0xF7DA, 0xF7DA, 0xF7DB, 0xF7DA, 0xFFDA, 0xFFD9, 0xF7B9, 0xF778, 0xF757, 0xF757, 0xFF57,
  0xFF78, 0xF757, 0xFF37, 0xFF37, 0xFF57, 0xFF78, 0xFF78, 0xFF98, 0xFF98, 0xFF78, 0xFF36, 0xF6F6,
  0xF6F6, 0xF717, 0xFF37, 0xFF37, 0xF737, 0xF737, 0xFF57, 0xFF57, 0xFF57, 0xF716, 0xEEF6, 0xF717,
  0xF717, 0xF6F7, 0xEF17, 0xEEF7, 0xEF17, 0xEEF7, 0xEEF7, 0xEEF7, 0xF717, 0xF717, 0xF718, 0xF718,
  0xF758, 0xFF99, 0xF7DA, 0xF7DA, 0xF7B9, 0xF779, 0xFF58, 0xFF38, 0xF717, 0xF6F7, 0xF6F7, 0xF6F7,
  0xF6F7, 0xF717, 0xF6F7, 0xF6F6, 0xEED6, 0xEED6, 0xE6B6, 0xE6B6, 0xE6B6, 0xE6B6, 0xE6B6, 0xDEB6,
  0xDEB6, 0xE6B7, 0xE6D7, 0xEEF8, 0xF738, 0xF758, 0xFF79, 0xFF99, 0xFF99, 0xFF79, 0xF758, 0xF738,
  0xEF17, 0xEED7, 0xE6B6, 0xE6B6, 0xE6F7, 0xEF18, 0xEEF7, 0xF738, 0xF738, 0xF737, 0xF737, 0xF737,
  0xF738, 0xEEF7, 0xEEF7, 0xEED6, 0xE696, 0xE6B6, 0xE6B6, 0xEED7, 0xEED7, 0xEED7, 0xEED6, 0xEED6,
  0xEEF6, 0xEF16, 0xFF99, 0xFFB9, 0xFF99, 0xFF78, 0xFF37, 0xFF16, 0xFF15, 0xFF15, 0xF6F5, 0xF6D5,
  0xF6B5, 0xF6D5, 0xF6F5, 0xEEB5, 0xDE54, 0xDE55, 0xD655, 0xCE55, 0xCE56, 0xCE56, 0xCE56, 0xCE56,
  0xCE56, 0xCE56, 0xCE56, 0xCE56, 0xCE36, 0xCE35, 0xCE15, 0xCE35, 0xCE35, 0xCE14, 0xC5F4, 0xC5F4,
  0xCE14, 0xDE75, 0xD634, 0xDE75, 0xE695, 0xDE34, 0xD613, 0xD613, 0xDE33, 0xDE54, 0xDE34, 0xDE54,
  0xE695, 0xE674, 0xE674, 0xEE95, 0xF6D5, 0xF6B5, 0xF6B5, 0xEEB6, 0xDE76, 0xD655, 0xCE35, 0xCE36,
  0xCE36, 0xC636, 0xC636, 0xC636, 0xC636, 0xC636, 0xC616, 0xC615, 0xC5F5, 0xC5F4, 0xCDD3, 0xC5D3,
  0xBDB3, 0xBD93, 0xB593, 0xB593, 0xBD93, 0xB593, 0xBDB3, 0xBD93, 0xB573, 0xB593, 0xB593, 0xB593,
  0xBDB3, 0xCDF4, 0xDE34, 0xDE34, 0xDE33, 0xD614, 0xD5F4, 0xD5F3, 0xCDF3, 0xCDF3, 0xCDD3, 0xCDF3,
  0xCDF3, 0xCDB3, 0xC5B2, 0xC592, 0xC5B2, 0xBD92, 0xBD72, 0xBD93, 0xBD93, 0xBDB3, 0xB593, 0xB593,
  0xAD93, 0xB594, 0xBDB3, 0xBDB3, 0xBD93, 0xB573, 0xAD73, 0xAD73, 0xB593, 0xC5D4, 0xCDF4, 0xD655,
  0xC5D4, 0xB572, 0xBD92, 0xCDB2, 0xCDB2, 0xD5D3, 0xCDD3, 0xCDD2, 0xCDD2, 0xCDB2, 0xCDB2, 0xC591,
  0xBD51, 0xAD31, 0xAD11, 0xA4F1, 0xA4F1, 0xA4F1, 0xA4F1, 0x9CF1, 0x9CF1, 0x9CD1, 0xA4F2, 0xA512,
  0xAD32, 0xAD53, 0xAD53, 0xA532, 0xA532, 0xA512, 0xAD53, 0xB593, 0xBDB3, 0xC5D4, 0xC5D4, 0xC5D3,
  0xCDD3, 0xCDD3, 0xCDD3, 0xC5D3, 0xC5B3, 0xBD93, 0xB552, 0xB552, 0xAD32, 0xAD32, 0xAD32, 0xAD32,
  0xA533, 0xA512, 0xA513, 0x9D13, 0x9D12, 0x9D13, 0x9D13, 0x9D13, 0x9D33, 0x9D33, 0xA533, 0xA553,
  0xAD53, 0xAD53, 0xAD53, 0xAD33, 0xA533, 0xA532, 0xA533, 0xA532, 0xA532, 0xA512, 0xA512, 0xA4F2,
  0xA512, 0xA533, 0xA512, 0xA512, 0xA512, 0xAD32, 0xAD11, 0xAD12, 0xF7DB, 0xF7DB, 0xF7DB, 0xF7DB,
  0xF7DB, 0xF7DA, 0xF7DA, 0xF7DA, 0xF7DA, 0xF7DA, 0xF7DB, 0xF7DA, 0xFFDA, 0xFFDA, 0xF7DB, 0xF7DB,
  0xFFDA, 0xFFDA, 0xFFDA, 0xFFD9, 0xFFB9, 0xFF77, 0xF757, 0xFF98, 0xFFD9, 0xFF99, 0xFF57, 0xFF36,
  0xF715, 0xF715, 0xF715, 0xF716, 0xFF16, 0xFF15, 0xFEF4, 0xF6B4, 0xF6B4, 0xF6B4, 0xFEF5, 0xFF16,
  0xFF37, 0xFF36, 0xF6F5, 0xEEB4, 0xEE93, 0xE673, 0xE673, 0xE694, 0xE694, 0xE695, 0xEED5, 0xE6B5,
  0xEED6, 0xEEF6, 0xEED6, 0xE695, 0xEEB5, 0xF6F7, 0xF718, 0xF738, 0xFF59, 0xFF79, 0xF799, 0xFFBA,
  0xFFBA, 0xFF99, 0xF758, 0xF718, 0xF6F7, 0xEEF7, 0xEED6, 0xE6D6, 0xE6B6, 0xE6B6, 0xEEB6, 0xEED6,
  0xEED6, 0xE6D6, 0xE6D6, 0xE6D6, 0xE6B6, 0xE6B6, 0xE6D6, 0xE6D7, 0xE6B6, 0xE6B7, 0xE6D7, 0xEEF7,
  0xEF17, 0xEF17, 0xF6F7, 0xF717, 0xF737, 0xF738, 0xFFB9, 0xFF79, 0xFF58, 0xFF58, 0xF758, 0xF799,
  0xFFDA, 0xFFDA, 0xF799, 0xFF99, 0xFF98, 0xFF78, 0xFF37, 0xFF16, 0xFF16, 0xFEF6, 0xF6F6, 0xF717,
  0xF6F7, 0xF6F8, 0xEED7, 0xEEF7, 0xF738, 0xF759, 0xF779, 0xF778, 0xF778, 0xF757, 0xF778, 0xFFB8,
  0xFF98, 0xFF77, 0xFF36, 0xFF15, 0xFED4, 0xF6B3, 0xEE93, 0xE673, 0xE632, 0xE612, 0xDE12, 0xDE32,
  0xD5F2, 0xCDB2, 0xBD92, 0xBDB2, 0xC5D3, 0xC5D4, 0xCE15, 0xCE56, 0xCE56, 0xD697, 0xD6B8, 0xCE57,
  0xC657, 0xC636, 0xC636, 0xCE36, 0xCE56, 0xCE56, 0xCE56, 0xCE36, 0xD676, 0xDE96, 0xE675, 0xDE75,
  0xD655, 0xDE55, 0xDE75, 0xDE55, 0xE696, 0xE696, 0xDE75, 0xD655, 0xD655, 0xD655, 0xDE55, 0xD655,
  0xDE75, 0xDE76, 0xE695, 0xE695, 0xDE55, 0xD655, 0xD656, 0xD656, 0xCE36, 0xC636, 0xC656, 0xCE57,
  0xC636, 0xC636, 0xC636, 0xBE16, 0xBE15, 0xBDF5, 0xC5F5, 0xC5F4, 0xC5F4, 0xC5F4, 0xC5F4, 0xC5F4,
  0xC5F4, 0xC5D3, 0xC5D4, 0xBDB4, 0xB5B4, 0xB5B4, 0xBDB3, 0xC5D4, 0xCDD4, 0xCDD3, 0xCDF3, 0xCDF3,
  0xCDD3, 0xCDD3, 0xCDD3, 0xCDF3, 0xD613, 0xDE13, 0xDE13, 0xD5F3, 0xCDB2, 0xC592, 0xC592, 0xBD92,
  0xBD92, 0xBD93, 0xBD92, 0xBD92, 0xBD92, 0xC5B3, 0xC5D3, 0xBD92, 0xB592, 0xBDB4, 0xD614, 0xE633,
  0xDE13, 0xC5B3, 0xBD92, 0xBD92, 0xC592, 0xCDD3, 0xD614, 0xDE13, 0xD5F2, 0xC5B2, 0xBD71, 0xB551,
  0xBD51, 0xBD71, 0xBD72, 0xBD51, 0xB552, 0xB551, 0xBD72, 0xBD72, 0xB551, 0xAD31, 0xAD32, 0xAD32,
  0xAD12, 0xAD32, 0xA512, 0xA512, 0xA512, 0xA512, 0xA512, 0xAD33, 0xAD53, 0xAD73, 0xAD73, 0xAD73,
  0xAD73, 0xAD53, 0xA553, 0xAD74, 0xAD73, 0xAD73, 0xB573, 0xB573, 0xBD93, 0xBD73, 0xBD93, 0xBD93,
  0xBD92, 0xBD93, 0xBD93, 0xBD73, 0xB573, 0xB573, 0xAD53, 0xA553, 0xA554, 0x9D33, 0x9D33, 0x9D33,
  0x9513, 0x9D34, 0x9D34, 0x9D33, 0x9D33, 0xA553, 0xAD52, 0xAD32, 0xA532, 0xA532, 0xA512, 0x9D13,
  0xA533, 0xA533, 0xA533, 0xAD53, 0xA533, 0x9D32, 0x9D12, 0xA512, 0xA512, 0xA4F2, 0xA4F2, 0xAD13,
  0xA512, 0xA512, 0xA512, 0xA512, 0xF7DB, 0xF7DB, 0xF7DB, 0xF7DB, 0xFFDA, 0xFFDA, 0xFFDA, 0xFFDA,
  0xFFDA, 0xFFDA, 0xFFDA, 0xFFDA, 0xFF99, 0xFFBA, 0xF7DB, 0xF7DB, 0xF7DB, 0xFFDA, 0xFFDA, 0xFFDA,
  0xF7D9, 0xFF98, 0xF798, 0xF7B8, 0xFFB8, 0xF798, 0xFF57, 0xFF36, 0xFF36, 0xFF35, 0xFF35, 0xFF36,
  0xFEF5, 0xFEF4, 0xFED4, 0xF6D4, 0xF6B4, 0xF6B3, 0xF6B3, 0xF6B3, 0xF6B3, 0xEEB3, 0xEE72, 0xE672,
  0xE632, 0xDE11, 0xDE11, 0xD5F1, 0xD5F1, 0xD5F1, 0xD612, 0xD612, 0xDE33, 0xDE54, 0xEEB5, 0xEEB6,
  0xE6B6, 0xEED7, 0xF718, 0xF738, 0xF738, 0xF758, 0xFF79, 0xFFBA, 0xFFBA, 0xFF99, 0xFF79, 0xFF38,
  0xF6F7, 0xEEF7, 0xEED6, 0xEED6, 0xEED7, 0xEED7, 0xEED6, 0xEED6, 0xEED6, 0xEED6, 0xEED6, 0xEEB6,
  0xEED6, 0xE6B6, 0xEED6, 0xF758, 0xFF79, 0xEEF8, 0xE6B6, 0xDEB6, 0xDE96, 0xE696, 0xE695, 0xE6B5,
  0xE6B6, 0xEED6, 0xF737, 0xF717, 0xFF58, 0xFFB9, 0xFFDA, 0xFFDA, 0xFFDA, 0xFFB9, 0xF798, 0xF778,
  0xFF57, 0xFF57, 0xFF36, 0xFEF6, 0xFED5, 0xF6B5, 0xF6B5, 0xF6B6, 0xF6D6, 0xF6F7, 0xFF38, 0xFF58,
  0xFF79, 0xFFB9, 0xFFD9, 0xFFDA, 0xFFD9, 0xFF99, 0xFF77, 0xFF77, 0xFF56, 0xFF15, 0xFED4, 0xF6B3,
  0xEE72, 0xE631, 0xDE10, 0xDDF0, 0xD5B0, 0xCD90, 0xCDB0, 0xCDF1, 0xCDF2, 0xC5D2, 0xC591, 0xBD71,
  0xC5B2, 0xC5B2, 0xC5F3, 0xCE15, 0xC615, 0xCE36, 0xCE36, 0xC616, 0xC636, 0xC656, 0xC656, 0xC656,
  0xC656, 0xCE57, 0xCE56, 0xCE56, 0xCE36, 0xD655, 0xD655, 0xD655, 0xCE56, 0xD676, 0xDE96, 0xE6B6,
  0xE696, 0xD656, 0xCE56, 0xCE56, 0xCE56, 0xD655, 0xD655, 0xCE35, 0xCE56, 0xCE35, 0xDE75, 0xEED6,
  0xEED6, 0xEED6, 0xF6F7, 0xE696, 0xD634, 0xCE35, 0xCE35, 0xCE36, 0xCE36, 0xCE35, 0xC636, 0xBE16,
  0xBE16, 0xBE16, 0xBE16, 0xC616, 0xC615, 0xCE15, 0xCE14, 0xCE14, 0xCDF4, 0xCDD4, 0xC5D3, 0xBDD4,
  0xBDB4, 0xBDD5, 0xBDD4, 0xC5D4, 0xCDF4, 0xCE14, 0xCDF4, 0xC5D4, 0xBDD4, 0xC5F5, 0xC5F5, 0xC5F4,
  0xCE14, 0xE634, 0xDE34, 0xD613, 0xCDD3, 0xCDD3, 0xC5B3, 0xBDB3, 0xBDB3, 0xBDB3, 0xBDB4, 0xC5B3,
  0xD5F3, 0xCDD3, 0xCDD3, 0xCDB2, 0xC5D3, 0xBDB2, 0xC591, 0xD5B1, 0xCD91, 0xBD51, 0xB530, 0xB530,
  0xB530, 0xBD50, 0xC571, 0xCD92, 0xCDB2, 0xC571, 0xB531, 0xB531, 0xB531, 0xB531, 0xB531, 0xB531,
  0xAD31, 0xAD11, 0xAD11, 0xAD11, 0xA511, 0xA511, 0xAD32, 0xAD32, 0xAD33, 0xAD53, 0xAD53, 0xAD73,
  0xAD53, 0xAD53, 0xAD53, 0xAD53, 0xAD53, 0xAD53, 0xB573, 0xBDB4, 0xC5D4, 0xBDB3, 0xB593, 0xAD73,
  0xAD73, 0xAD73, 0xB5B4, 0xB594, 0xB573, 0xAD73, 0xAD53, 0xB573, 0xB593, 0xB573, 0xB573, 0xB573,
  0xB573, 0xAD73, 0xAD73, 0xA574, 0xA574, 0xA554, 0x9D54, 0x9D54, 0x9534, 0x9D34, 0x9D34, 0x9D33,
  0x9D33, 0x9D33, 0xA532, 0xA533, 0xA533, 0x9D13, 0x9513, 0x9D12, 0x9D12, 0x9D12, 0x9CF2, 0x9D13,
  0x9D13, 0x9D33, 0x9D13, 0x9D13, 0x9CF2, 0x9CF2, 0xA4F2, 0xA512, 0xA512, 0x9CF2, 0xA512, 0xA532,
  0xF7DA, 0xFFDA, 0xFFBA, 0xFFB9, 0xFFB9, 0xFFBA, 0xFFBA, 0xFFBA, 0xF799, 0xF799, 0xFFBA, 0xFF99,
  0xFF58, 0xFFBA, 0xFFDB, 0xF7DB, 0xFFDB, 0xFFDA, 0xFFDA, 0xFFFA, 0xFFD9, 0xF7DA, 0xF7DA, 0xFFD9,
  0xFFB9, 0xF798, 0xFF78, 0xFF57, 0xFF57, 0xFF56, 0xFF56, 0xFF36, 0xFF16, 0xFEF5, 0xFEF4, 0xFF15,
  0xFF15, 0xFEF4, 0xF6D4, 0xF6B3, 0xEE92, 0xEE72, 0xE652, 0xE652, 0xE652, 0xDE11, 0xDDF0, 0xD5D0,
  0xD5D0, 0xD5D0, 0xD5F1, 0xD5F1, 0xD5F1, 0xDE32, 0xE694, 0xEEB5, 0xEEF7, 0xEEF8, 0xEEF7, 0xF718,
  0xF738, 0xF718, 0xF738, 0xF758, 0xF758, 0xF758, 0xFF58, 0xFF37, 0xF717, 0xEF17, 0xEEF7, 0xEEF7,
  0xEEF7, 0xEEF7, 0xEEF7, 0xEEF6, 0xEEF6, 0xEEF7, 0xEEF6, 0xF6F7, 0xEED6, 0xEED6, 0xEED6, 0xEEF7,
  0xF737, 0xF717, 0xE6D6, 0xDEB6, 0xDEB6, 0xDE97, 0xDEB6, 0xDEB6, 0xE696, 0xE696, 0xEED7, 0xF758,
  0xFFDA, 0xFFFA, 0xF7DA, 0xF7DA, 0xFFDA, 0xFFB9, 0xFF98, 0xFF77, 0xFF57, 0xFF37, 0xFF36, 0xFF16,
  0xFF16, 0xFF16, 0xF716, 0xF6F6, 0xF6F6, 0xFF16, 0xFF57, 0xFF78, 0xFF98, 0xFFB9, 0xFFFA, 0xF7FA,
  0xFFDA, 0xFFBA, 0xFF99, 0xFF78, 0xFF57, 0xFF16, 0xFED5, 0xFEB4, 0xF692, 0xEE51, 0xE630, 0xDE10,
  0xD5D0, 0xD5AF, 0xCD8F, 0xC56F, 0xBD6F, 0xBD50, 0xB530, 0xB50F, 0xAD10, 0xAD10, 0xAD10, 0xAD10,
  0xA511, 0xAD51, 0xB5B3, 0xBDD3, 0xBDD4, 0xB615, 0xBE36, 0xC656, 0xC656, 0xC656, 0xC636, 0xC657,
  0xCE77, 0xCE77, 0xCE56, 0xCE56, 0xCE57, 0xCE56, 0xD656, 0xDE56, 0xDE55, 0xD676, 0xD655, 0xCE35,
  0xD655, 0xE675, 0xE695, 0xD634, 0xCE15, 0xD634, 0xF6B5, 0xFEF5, 0xFEF5, 0xF6D4, 0xEE94, 0xE632,
  0xDDF1, 0xCDD2, 0xC5B2, 0xC5D3, 0xCE14, 0xDE55, 0xCE15, 0xCDF4, 0xDE55, 0xDE76, 0xC5F4, 0xC5F5,
  0xC5F5, 0xC5F4, 0xC5D3, 0xC5D3, 0xC5B2, 0xBD93, 0xBD93, 0xBD93, 0xBDB4, 0xBDB4, 0xC5D4, 0xC5F4,
  0xC5D4, 0xC5F4, 0xC5F4, 0xC5F5, 0xC5F5, 0xC5F5, 0xCE15, 0xD634, 0xD634, 0xDE54, 0xDE34, 0xD614,
  0xCDF4, 0xC5F4, 0xCDD4, 0xC5D3, 0xCDF4, 0xCDD3, 0xCDF4, 0xD613, 0xE654, 0xDE33, 0xD612, 0xD612,
  0xD5F2, 0xCDB1, 0xC571, 0xBD51, 0xBD51, 0xBD50, 0xB530, 0xB530, 0xB551, 0xB551, 0xB531, 0xB531,
  0xB551, 0xB531, 0xACF0, 0xACF1, 0xACF1, 0xACF0, 0xAD11, 0xB531, 0xAD11, 0xAD11, 0xA4F1, 0xA4F1,
  0x9CD0, 0x9CB0, 0xA4F2, 0xAD53, 0xAD52, 0xAD52, 0xAD73, 0xAD93, 0xAD93, 0xB594, 0xAD94, 0xAD73,
  0xAD73, 0xB594, 0xC5B3, 0xCDD3, 0xD5F4, 0xD5F3, 0xCDB3, 0xBD92, 0xB573, 0xB573, 0xB593, 0xB573,
  0xAD73, 0xA553, 0xAD53, 0xB594, 0xB594, 0xB573, 0xAD74, 0xAD94, 0xB573, 0xAD53, 0xAD53, 0xA574,
  0xA554, 0xA554, 0x9D54, 0x9D54, 0x9D54, 0x9D33, 0x9D33, 0x9D33, 0x9D33, 0x9D33, 0x9D13, 0x9D13,
  0x9D13, 0x94F3, 0x94F3, 0x9513, 0x9513, 0x9513, 0x9513, 0x9CF3, 0x9D13, 0x9D13, 0x9D13, 0x9D13,
  0x9D13, 0x9D12, 0x9D12, 0x9D12, 0x9D12, 0x9D12, 0x9D12, 0xA512, 0xFFDA, 0xFFDA, 0xFFB9, 0xFF99,
  0xF779, 0xFF79, 0xFF79, 0xFF58, 0xF738, 0xF738, 0xF758, 0xF737, 0xF738, 0xFF79, 0xFFB9, 0xFFDA,
  0xF7DB, 0xF7DA, 0xF7DA, 0xF7DA, 0xFFDA, 0xF7DB, 0xF7DA, 0xF7DA, 0xFFD9, 0xFFB9, 0xFF98, 0xF777,
  0xF757, 0xFF56, 0xFF36, 0xFF36, 0xFF16, 0xFF15, 0xFF15, 0xFF35, 0xFF35, 0xFEF5, 0xF6D4, 0xF6B4,
  0xF693, 0xEE72, 0xEE72, 0xE652, 0xE632, 0xE652, 0xDE31, 0xD5F1, 0xD5D0, 0xD5D0, 0xD5D0, 0xD5D0,
  0xD5D1, 0xDE12, 0xE652, 0xE653, 0xEED5, 0xF6F7, 0xF778, 0xFF78, 0xFF78, 0xFF58, 0xF758, 0xFF79,
  0xF758, 0xFF58, 0xFF38, 0xFF18, 0xFF18, 0xF717, 0xF6F7, 0xF6F7, 0xEEF7, 0xEED7, 0xEEF7, 0xEEF7,
  0xEEF7, 0xEED7, 0xEEF7, 0xF717, 0xEEF7, 0xEEF7, 0xEEF7, 0xEED6, 0xE6B5, 0xE6B5, 0xE6B6, 0xE6B6,
  0xE6B6, 0xEEB7, 0xE6D6, 0xE6D6, 0xE6B6, 0xE6B6, 0xF718, 0xFF38, 0xFF78, 0xF799, 0xF7B9, 0xF7DA,
  0xFFDA, 0xFFF9, 0xFFD9, 0xFFB8, 0xFF78, 0xFF77, 0xF778, 0xF778, 0xFF78, 0xFF58, 0xFF57, 0xFF37,
  0xFF16, 0xF716, 0xF6F6, 0xF717, 0xFF57, 0xFF58, 0xFF78, 0xFF98, 0xFF98, 0xFF78, 0xFF99, 0xFFB8,
  0xFFB8, 0xFF98, 0xFF57, 0xFF36, 0xFEF5, 0xF6D3, 0xF692, 0xEE51, 0xE610, 0xDDD0, 0xD5AF, 0xCD8F,
  0xC56F, 0xBD4F, 0xB52F, 0xB50F, 0xACEF, 0xA4CE, 0x9C8E, 0x9CAE, 0x9CCF, 0xA4F0, 0xAD52, 0xB593,
  0xBDD4, 0xC616, 0xC636, 0xC656, 0xC657, 0xC657, 0xCE56, 0xCE36, 0xCE56, 0xCE77, 0xCE77, 0xCE76,
  0xDE97, 0xD655, 0xD675, 0xF718, 0xF717, 0xF717, 0xF6D6, 0xEE94, 0xEE73, 0xE653, 0xE633, 0xDE13,
  0xD613, 0xD612, 0xEE73, 0xF672, 0xEE52, 0xE631, 0xDE11, 0xDDD0, 0xD5B0, 0xC5B0, 0xBD70, 0xB531,
  0xB531, 0xBD92, 0xBD93, 0xC5B3, 0xCDF4, 0xC592, 0xB531, 0xA511, 0xA511, 0xA511, 0xAD31, 0xAD11,
  0xAD11, 0xAD32, 0xB553, 0xAD32, 0xAD32, 0xAD32, 0xAD53, 0xB573, 0xB572, 0xB573, 0xC5F4, 0xC5F5,
  0xBDD4, 0xBDB4, 0xC5F4, 0xCE15, 0xCE35, 0xCE14, 0xCE14, 0xCE14, 0xC5F4, 0xCDD4, 0xCDF3, 0xD613,
  0xD614, 0xD613, 0xD5F3, 0xCDD2, 0xCDD2, 0xCDD2, 0xCDB2, 0xC592, 0xBD71, 0xC571, 0xBD51, 0xB551,
  0xBD51, 0xBD50, 0xBD51, 0xBD51, 0xBD51, 0xB531, 0xB510, 0xACF0, 0xA4F1, 0xA4F0, 0xA4F1, 0xA4F0,
  0xA4F1, 0xA4F1, 0xA4D0, 0xA4F0, 0xA4F1, 0xA4F1, 0xA4F1, 0xA4D1, 0xA4F1, 0xA4F1, 0xA4F1, 0xAD32,
  0xAD32, 0xA511, 0xA511, 0xAD33, 0xAD73, 0xB593, 0xB593, 0xB593, 0xAD73, 0xB5B4, 0xC5D4, 0xCDB3,
  0xCDB2, 0xCDB2, 0xCD92, 0xC592, 0xB572, 0xAD52, 0xAD52, 0xA553, 0xA553, 0xA553, 0xA553, 0xA554,
  0xA554, 0xAD53, 0xA574, 0xA574, 0xA574, 0xA554, 0xA554, 0x9D54, 0x9D54, 0xA554, 0xA554, 0xA554,
  0xA553, 0xA533, 0x9D34, 0x9D34, 0x9D33, 0x9D33, 0x9D33, 0x9513, 0x9D13, 0x9513, 0x94F3, 0x9D13,
  0x9D12, 0x9D12, 0x9D12, 0x9CF2, 0x9D13, 0x9D13, 0x9D13, 0x9D13, 0x9D12, 0x9D12, 0x9D12, 0x9D12,
  0x9D12, 0x9D12, 0x9D12, 0x9D13, 0xFFB8, 0xF798, 0xF778, 0xFF58, 0xFF57, 0xFF58, 0xFF58, 0xFF38,
  0xF737, 0xF737, 0xF717, 0xF717, 0xF717, 0xF737, 0xFF58, 0xFF99, 0xF7BA, 0xF7DA, 0xF7FB, 0xF7DB,
  0xFFDB, 0xFFDA, 0xF7DA, 0xF7DA, 0xFFB9, 0xF798, 0xF777, 0xFF56, 0xFF56, 0xFF36, 0xFF16, 0xFEF5,
  0xFEF4, 0xFEF5, 0xFEF4, 0xFF15, 0xFF15, 0xFEF5, 0xFEF4, 0xFED4, 0xF6B4, 0xF693, 0xEE72, 0xEE72,
  0xE652, 0xE672, 0xE652, 0xDE32, 0xDE11, 0xD5F1, 0xD5F1, 0xD5F1, 0xD5F1, 0xD5F1, 0xDE11, 0xDE32,
  0xE673, 0xF6D6, 0xFF37, 0xFF58, 0xFF58, 0xFFB9, 0xFFD9, 0xFFB9, 0xFF99, 0xFF79, 0xFF38, 0xF738,
  0xF738, 0xF737, 0xF717, 0xF717, 0xEEF7, 0xF6F7, 0xEEF7, 0xF6F7, 0xF717, 0xF6F7, 0xEEF7, 0xEED6,
  0xEED6, 0xEEF7, 0xEEF7, 0xEED6, 0xEED6, 0xE6D6, 0xE6B6, 0xEEB6, 0xEED6, 0xEED6, 0xF6F7, 0xEED7,
  0xEED7, 0xEED7, 0xF6D7, 0xF6B6, 0xEED6, 0xEEF7, 0xF758, 0xFF99, 0xFFB9, 0xF7DA, 0xFFDA, 0xFFDA,
  0xFFDA, 0xFFB9, 0xFF99, 0xFF99, 0xFF78, 0xFF57, 0xFF57, 0xFF36, 0xFEF6, 0xFF16, 0xF6F6, 0xF6D6,
  0xF6F7, 0xF6F6, 0xF6D6, 0xF6F6, 0xF6F6, 0xF737, 0xF758, 0xFF98, 0xFF98, 0xFF98, 0xFF78, 0xFF57,
  0xFF36, 0xFF15, 0xFED4, 0xF693, 0xF671, 0xE631, 0xDE11, 0xD5F0, 0xCDB0, 0xC590, 0xC56F, 0xBD4F,
  0xBD70, 0xB530, 0xACEF, 0xA4EF, 0xA4F0, 0xA4F0, 0xA4F1, 0xAD11, 0xBD92, 0xD635, 0xDE76, 0xD655,
  0xCE56, 0xCE56, 0xCE35, 0xD635, 0xD676, 0xDE97, 0xD677, 0xDE76, 0xE6D7, 0xE6B6, 0xEED6, 0xFF58,
  0xFF78, 0xFF56, 0xFF15, 0xFED4, 0xF672, 0xE611, 0xDDD1, 0xD5B0, 0xCDB1, 0xCDB0, 0xD5D0, 0xDDF0,
  0xDDF0, 0xD5D0, 0xD5B0, 0xCDB0, 0xCD8F, 0xC56F, 0xB52F, 0xAD10, 0xACF0, 0xAD51, 0xB573, 0xB573,
  0xB531, 0xB531, 0xAD11, 0x9CB0, 0x948F, 0x948F, 0x94B0, 0x94B0, 0x94B0, 0xA4F1, 0xAD32, 0xA511,
  0x9CD0, 0x9CD0, 0x9CD0, 0x9CD0, 0x9CD0, 0x9CD0, 0xA511, 0xA511, 0xAD12, 0xAD52, 0xAD73, 0xAD53,
  0xAD52, 0xAD52, 0xB573, 0xB593, 0xBD93, 0xC5B4, 0xC5D3, 0xC5B3, 0xC592, 0xC592, 0xBD92, 0xBD71,
  0xB530, 0xB531, 0xB552, 0xAD11, 0xAD11, 0xAD10, 0xAD10, 0xACF0, 0xACF0, 0xAD10, 0xAD10, 0xAD10,
  0xAD10, 0xAD10, 0xAD10, 0xA4F0, 0x9CD0, 0xA4D0, 0xA4D0, 0x9CB0, 0x9CB0, 0x9CD0, 0x9CD0, 0x9CD0,
  0x9CD0, 0x9CD0, 0xA4D1, 0xA4D1, 0xA4D1, 0xA4F1, 0xA4D1, 0xA511, 0xA4F1, 0x9CD0, 0xA511, 0xAD12,
  0xAD12, 0xB573, 0xBD93, 0xBD73, 0xBD93, 0xB532, 0xB552, 0xBD72, 0xBD92, 0xBD71, 0xBD51, 0xB552,
  0xAD52, 0xAD32, 0xA532, 0xA553, 0xA553, 0xA553, 0xA554, 0xA574, 0xA574, 0xA533, 0x9D33, 0x9D33,
  0x9D33, 0x9D34, 0x9D54, 0x9D54, 0x9D54, 0xA554, 0xA574, 0xB594, 0xAD74, 0xA554, 0x9D54, 0x9D54,
  0x9D34, 0x9D33, 0x9D13, 0x9D13, 0x9D13, 0x9513, 0x9CF3, 0x9CF2, 0x9CF2, 0x9CF2, 0x9D12, 0x9D12,
  0x9D13, 0x9D13, 0x9D13, 0x9D13, 0x9D12, 0x9D12, 0x9D12, 0x9D12, 0x9CF2, 0x9CF2, 0x9D12, 0xA512,
  0xF798, 0xFF78, 0xFF57, 0xFF57, 0xFF37, 0xF737, 0xF737, 0xF737, 0xF737, 0xF737, 0xF717, 0xF717,
  0xF717, 0xEF16, 0xF737, 0xF737, 0xF758, 0xFF99, 0xFFDA, 0xF7DB, 0xFFDB, 0xFFDA, 0xFFDA, 0xFFD9,
  0xFFB9, 0xFF77, 0xFF56, 0xFF36, 0xFF16, 0xFF15, 0xFEF5, 0xFED4, 0xFED4, 0xFED4, 0xFED4, 0xF6D4,
  0xF6B4, 0xF6D4, 0xFED4, 0xF6D4, 0xF6B3, 0xF693, 0xEE93, 0xEE72, 0xEE72, 0xE673, 0xE672, 0xE652,
  0xDE32, 0xDE12, 0xDE12, 0xDE32, 0xDE32, 0xDE32, 0xDE52, 0xE652, 0xE674, 0xF6B5, 0xFED6, 0xFF17,
  0xFF38, 0xFF99, 0xFFB9, 0xFFB9, 0xFF99, 0xFF99, 0xFF99, 0xF779, 0xF779, 0xF778, 0xF758, 0xF737,
  0xFF37, 0xFF37, 0xF717, 0xFF57, 0xFF58, 0xFF37, 0xF716, 0xFF37, 0xFF37, 0xF717, 0xF738, 0xEF17,
  0xEF16, 0xEEF7, 0xEED7, 0xEEF6, 0xEED6, 0xEEF6, 0xF6F7, 0xF717, 0xF738, 0xF737, 0xF717, 0xF738,
  0xF738, 0xF778, 0xFF99, 0xFF78, 0xFF78, 0xFF99, 0xFF99, 0xFF78, 0xFF78, 0xF758, 0xFF36, 0xFF36,
  0xFF36, 0xFF15, 0xF6F5, 0xF6B4, 0xEE74, 0xE673, 0xE674, 0xEEB5, 0xF6F6, 0xEEB6, 0xEEB5, 0xE6B5,
  0xE695, 0xEEB5, 0xF6F6, 0xFF37, 0xFF37, 0xFF37, 0xFF17, 0xFF16, 0xFF15, 0xFF15, 0xFF15, 0xFEF4,
  0xFED4, 0xFEB3, 0xF692, 0xE652, 0xDE11, 0xCDB0, 0xC56F, 0xC570, 0xC5B1, 0xC5B3, 0xBDB3, 0xB593,
  0xB593, 0xAD52, 0xAD52, 0xB552, 0xBD71, 0xCDD1, 0xD613, 0xD634, 0xD635, 0xD635, 0xD656, 0xD676,
  0xDE96, 0xDEB7, 0xDE97, 0xDE76, 0xEEB6, 0xF738, 0xFF37, 0xFF57, 0xFF57, 0xFF36, 0xFF15, 0xFEF4,
  0xF693, 0xEE32, 0xDE10, 0xD5D0, 0xCD90, 0xC54F, 0xC52F, 0xC54F, 0xCD6F, 0xCD70, 0xC570, 0xC570,
  0xC550, 0xC550, 0xB510, 0xACF0, 0xA4D0, 0xA511, 0xAD11, 0xA4F1, 0xA4D0, 0xAD11, 0xA4D0, 0x9490,
  0x8C90, 0x8C90, 0x8C6F, 0x8C6F, 0x8C6F, 0x8C6F, 0x948F, 0x948F, 0x94AF, 0x948F, 0x94AF, 0x94B0,
  0x9490, 0x9490, 0x94B0, 0x94B0, 0x9CB1, 0xA4F1, 0x9CF1, 0x9CD1, 0x94B0, 0x94B0, 0x94B0, 0x94D0,
  0x9CD1, 0x9CD1, 0xA4F1, 0xA511, 0xA4F1, 0xAD11, 0xAD31, 0xAD31, 0xAD11, 0xAD11, 0xA4F1, 0xA4F1,
  0xA4F1, 0x9CF1, 0x9CF1, 0x9CD0, 0x9CD0, 0x9CD1, 0xA4D1, 0xA4F1, 0xA4F0, 0xA4F0, 0xA510, 0xA4F0,
  0xA4D1, 0xA4F1, 0xA4F1, 0xA4D0, 0xA4D0, 0x9CD0, 0x9CD0, 0x9CD0, 0x9CB0, 0x9CB0, 0xA4D0, 0xA4D0,
  0xA4D0, 0xA4B0, 0xA4D1, 0xA4F1, 0xA4F1, 0xAD11, 0xB572, 0xB572, 0xAD31, 0xB532, 0xB512, 0xAD12,
  0xAD12, 0xACF1, 0xA511, 0xA511, 0xAD31, 0xA511, 0xA511, 0xAD11, 0xAD11, 0xA4F1, 0xA532, 0xA533,
  0xA533, 0x9D13, 0x9D33, 0xA553, 0x9D33, 0x9D13, 0x9D12, 0x9D12, 0x9D12, 0x9D13, 0x9D13, 0x9D33,
  0x9D33, 0x9D33, 0xA533, 0xA533, 0xA513, 0x9D13, 0x9D34, 0x9D34, 0x9D34, 0x9D33, 0x9D13, 0x9CF2,
  0x94F2, 0x94F2, 0x94F2, 0x94F2, 0x9CF2, 0x9D13, 0xA533, 0x9D13, 0x9D13, 0x9D13, 0x9D13, 0x9D13,
  0x9CF2, 0x9D12, 0x9D12, 0x9CF2, 0x9CF2, 0x9CF1, 0x9CF1, 0xA4F1, 0xFFDA, 0xFFDA, 0xFF99, 0xFF78,
  0xF737, 0xF716, 0xF736, 0xF716, 0xF716, 0xF737, 0xF737, 0xF737, 0xF717, 0xF716, 0xEF16, 0xF716,
  0xF737, 0xF778, 0xFFB9, 0xFFDA, 0xFFDA, 0xFFD9, 0xFFB9, 0xFFB8, 0xFF77, 0xFF36, 0xFF16, 0xFEF5,
  0xFED4, 0xFED4, 0xFED4, 0xFED4, 0xFED3, 0xF6B3, 0xF6B3, 0xF6B3, 0xF6B3, 0xF6D4, 0xFED4, 0xF6D4,
  0xF6B3, 0xF693, 0xF693, 0xEE93, 0xEE73, 0xEE73, 0xE672, 0xE652, 0xDE52, 0xE652, 0xE673, 0xE673,
  0xE673, 0xE673, 0xE673, 0xE652, 0xE674, 0xF6B5, 0xF757, 0xF778, 0xFF78, 0xFF58, 0xFF58, 0xFF79,
  0xF799, 0xF7B9, 0xFFD9, 0xFFB9, 0xFFB9, 0xFF78, 0xFF57, 0xFF16, 0xFF36, 0xFF16, 0xF6F6, 0xF6D5,
  0xEEB5, 0xEEB5, 0xEEB5, 0xF6D5, 0xF717, 0xFF58, 0xFF58, 0xFF78, 0xFF57, 0xFF17, 0xF6F6, 0xF6F6,
  0xFF37, 0xFF37, 0xF737, 0xFF99, 0xFFDA, 0xF7B9, 0xF7B9, 0xFFDA, 0xFFDA, 0xFFFA, 0xF7D9, 0xF798,
  0xF757, 0xFF16, 0xFEF5, 0xFEF5, 0xFED4, 0xFED4, 0xF6B4, 0xF6B3, 0xF693, 0xEE73, 0xEE72, 0xE652,
  0xDE11, 0xDDF1, 0xD5F1, 0xD5F1, 0xD612, 0xD613, 0xDE33, 0xDE54, 0xE674, 0xF6D6, 0xFF16, 0xFF15,
  0xFF15, 0xFF15, 0xFF15, 0xF6B4, 0xF6B4, 0xF6F5, 0xFEF5, 0xFEF4, 0xFEF4, 0xFED4, 0xF693, 0xE631,
  0xD5D0, 0xC56F, 0xC54F, 0xBD4F, 0xB550, 0xB551, 0xB572, 0xBDB3, 0xB593, 0xAD72, 0xAD52, 0xB551,
  0xBD72, 0xBD71, 0xBD92, 0xC5D3, 0xC5D4, 0xC615, 0xC656, 0xCE76, 0xCE76, 0xD676, 0xD677, 0xE6B7,
  0xEEB6, 0xF6F6, 0xFF16, 0xFEF5, 0xF6D4, 0xF6B3, 0xF693, 0xF692, 0xEE52, 0xE611, 0xDDD0, 0xCDAF,
  0xC56F, 0xBD2F, 0xB50F, 0xB4EF, 0xB50F, 0xB50F, 0xB50F, 0xB50F, 0xB50F, 0xB510, 0xACF0, 0xA4D0,
  0x9CAF, 0x94AF, 0x9CAF, 0x9CB0, 0x948F, 0x948F, 0x946F, 0x946F, 0x8C90, 0x8C6F, 0x8C4F, 0x8C6F,
  0x844F, 0x844E, 0x844E, 0x844E, 0x8C4F, 0x8C4F, 0x8C6F, 0x8C6F, 0x8C6F, 0x8C70, 0x8C70, 0x8C70,
  0x9490, 0x94B1, 0x9490, 0x9490, 0x9490, 0x8C90, 0x8C90, 0x9490, 0x9490, 0x9490, 0x9490, 0x9490,
  0x94B0, 0x9CD1, 0x9CF1, 0xA4F1, 0xA4F1, 0xA4F1, 0x9CB1, 0x9CB0, 0x9CB0, 0x94B0, 0x9490, 0x94B0,
  0x94B1, 0x9CF1, 0x9CF1, 0xA4F1, 0x9CD1, 0x9CD0, 0x9CD0, 0x9CD0, 0x9CD0, 0x9CF1, 0xA4F1, 0xA4F1,
  0xA4F1, 0xA4F1, 0x9CD0, 0x9CB0, 0x94B0, 0x94B0, 0xA4D0, 0xA4F0, 0xA4F0, 0xA4D1, 0xA4D1, 0xA4D1,
  0xA4D1, 0xAD11, 0xAD11, 0xA4F0, 0xA4F1, 0x9CF1, 0x9CF1, 0x9CF1, 0x9CD1, 0x9CD1, 0x94B0, 0x94B1,
  0x94B1, 0x94B1, 0x94D1, 0x9CF2, 0xA4F2, 0x9CF2, 0xA512, 0xA512, 0xA4F2, 0x9D12, 0x9CF2, 0x9CF2,
  0x9CD2, 0x9CF2, 0x9CF2, 0x9CF2, 0x9D12, 0xA533, 0xA553, 0xA553, 0x9D33, 0xA553, 0xA553, 0xA533,
  0xA553, 0xA553, 0x9D33, 0x9D34, 0x9D33, 0x9D13, 0xA512, 0xA512, 0x9D12, 0x9D12, 0x9D13, 0x9D12,
  0x9D33, 0x9D33, 0xA533, 0x9CF2, 0x9CF2, 0x9CF3, 0x9D13, 0x9D13, 0x9CF2, 0x9CF2, 0x9D12, 0xA512,
  0x9D12, 0x9CF2, 0x9CF2, 0xA4F1, 0xFF78, 0xFF77, 0xF737, 0xF716, 0xF6F6, 0xF6F5, 0xF6F6, 0xF716,
  0xF737, 0xF737, 0xF757, 0xFF78, 0xF757, 0xFF78, 0xFF78, 0xFF78, 0xFF78, 0xFFB8, 0xFFD9, 0xFFD9,
  0xF7B8, 0xF798, 0xF778, 0xF777, 0xF736, 0xFEF5, 0xFED4, 0xF6D4, 0xF6B3, 0xF6B3, 0xFED3, 0xF6D3,
  0xF6D3, 0xF6D4, 0xFED4, 0xF6D4, 0xF6F5, 0xFEF5, 0xFEF5, 0xFEF4, 0xFED4, 0xF6B4, 0xF6B3, 0xF6B3,
  0xEE93, 0xEE93, 0xE672, 0xE653, 0xE653, 0xE653, 0xE673, 0xE673, 0xEEB4, 0xF6D5, 0xF6D4, 0xEEB4,
  0xF6F5, 0xFF58, 0xFFD9, 0xFFD9, 0xFFD9, 0xFFB9, 0xF778, 0xFF99, 0xFFD9, 0xF7D9, 0xF7D9, 0xFF99,
  0xFF58, 0xFF37, 0xFF15, 0xFEF5, 0xF6B4, 0xEEB5, 0xEE94, 0xE674, 0xE674, 0xE694, 0xEE94, 0xEEB5,
  0xF716, 0xFF58, 0xF758, 0xFF57, 0xFF57, 0xFF16, 0xF716, 0xFF17, 0xF717, 0xF717, 0xF717, 0xF757,
  0xF778, 0xFF99, 0xFFB9, 0xFFB9, 0xFFBA, 0xFFB9, 0xFFB8, 0xFF98, 0xFF77, 0xFF36, 0xFF15, 0xFEF4,
  0xFED4, 0xFED4, 0xFEB3, 0xF6B3, 0xF693, 0xF692, 0xEE52, 0xE652, 0xDE31, 0xDE11, 0xDE11, 0xCDD0,
  0xCDB0, 0xCDB1, 0xCDD1, 0xCDB1, 0xD5D1, 0xDE12, 0xE673, 0xE673, 0xEE94, 0xF6B4, 0xEEB4, 0xE673,
  0xE653, 0xEE73, 0xE653, 0xE632, 0xE632, 0xE611, 0xD5F0, 0xCD90, 0xC56F, 0xBD4F, 0xBD2F, 0xB52F,
  0xAD0F, 0xACEF, 0xA4F0, 0xA510, 0xA530, 0xA552, 0xAD72, 0xB593, 0xBDB3, 0xB593, 0xB593, 0xBDB4,
  0xC5F4, 0xC615, 0xC615, 0xCE35, 0xDE95, 0xE6B6, 0xE675, 0xEEB6, 0xEE95, 0xEE74, 0xEE93, 0xEE73,
  0xEE52, 0xE631, 0xE631, 0xE631, 0xE611, 0xDDD0, 0xCD8F, 0xC54F, 0xBD2F, 0xB50F, 0xACEF, 0xA4CF,
  0xA4AE, 0xA4AE, 0x9CAF, 0x9CAF, 0x9CAE, 0x94AF, 0x94AF, 0x948F, 0x948F, 0x948F, 0x948F, 0x8C6F,
  0x8C6F, 0x8C6F, 0x948F, 0x948F, 0x948F, 0x8C6F, 0x8C4F, 0x8C4F, 0x8C2E, 0x842E, 0x840E, 0x842F,
  0x7C2F, 0x7C0F, 0x7C2F, 0x7C0F, 0x7C0E, 0x842F, 0x842F, 0x844F, 0x8C4F, 0x8C4F, 0x844F, 0x844F,
  0x844F, 0x8C70, 0x8C90, 0x9470, 0x8C6F, 0x846F, 0x844F, 0x844F, 0x8C70, 0x8C4F, 0x8C70, 0x94B0,
  0x9CB1, 0x9CB1, 0x94B0, 0x94B0, 0x94B0, 0x9490, 0x9490, 0x9490, 0x94B0, 0xA512, 0xA532, 0xA512,
  0xA4F1, 0x9CD1, 0x9CB1, 0x9CB0, 0x9CB0, 0x9CD0, 0x9CD0, 0x9CD0, 0x9CB0, 0x94B0, 0x94B0, 0x9490,
  0x948F, 0x9490, 0x9CB0, 0x9CB0, 0x9CB0, 0x9CB0, 0x9CD0, 0x9CB0, 0x9CD0, 0x9CD0, 0x9CB0, 0x9CB0,
  0x9CD1, 0x94D1, 0x94D1, 0x94B0, 0x8C90, 0x8C90, 0x8C90, 0x8C70, 0x8C70, 0x8C91, 0x8C90, 0x8CB1,
  0x94D1, 0x9CF2, 0x9CF2, 0xA512, 0xA512, 0x9CF2, 0x9D12, 0x9D13, 0x9CF2, 0x9CF2, 0x9D12, 0xA533,
  0xA533, 0xAD53, 0xAD73, 0xAD73, 0xA553, 0xAD53, 0xAD74, 0xAD53, 0xA553, 0x9D53, 0x9D33, 0x9D34,
  0x9D33, 0xA533, 0xAD53, 0xA533, 0xA532, 0xA533, 0x9D13, 0x9D13, 0x9D33, 0x9D33, 0x9D12, 0x9CF2,
  0x9CF2, 0x94F2, 0x9CF3, 0x9CF2, 0x9CF2, 0x9CF2, 0x9CF2, 0xA4F2, 0x9CF1, 0x9CF1, 0x9CD1, 0x9CF1,
  0xFF15, 0xF6F5, 0xF6B4, 0xF6B3, 0xF693, 0xEEB4, 0xF6D4, 0xF716, 0xFF36, 0xFF37, 0xFF77, 0xFF77,
  0xFF57, 0xFF37, 0xFF36, 0xFF36, 0xFF57, 0xF777, 0xFF98, 0xFFD9, 0xFFD9, 0xFFB9, 0xFF98, 0xFF98,
  0xFF57, 0xFF36, 0xFF15, 0xFEF4, 0xFEF4, 0xFED4, 0xFED4, 0xFED4, 0xFEF4, 0xFF15, 0xFF36, 0xFF36,
  0xFF36, 0xFF36, 0xFF15, 0xFEF5, 0xFEF4, 0xFED4, 0xFED4, 0xFED4, 0xF6D4, 0xF6B3, 0xEEB3, 0xEE93,
  0xEE73, 0xE673, 0xE673, 0xE673, 0xF6D4, 0xFED5, 0xF6B4, 0xEEB4, 0xF6D5, 0xFF57, 0xFF98, 0xFF98,
  0xFFD9, 0xFFDA, 0xF7DA, 0xFFD9, 0xFFB9, 0xF7B9, 0xFFB9, 0xFF78, 0xFF37, 0xFF15, 0xFEF4, 0xFED4,
  0xF6B4, 0xEE94, 0xE694, 0xE694, 0xEE94, 0xEED5, 0xFF16, 0xFF57, 0xFF78, 0xFF78, 0xFF57, 0xFF17,
  0xFF16, 0xFEF5, 0xF6F5, 0xF6F6, 0xF6F7, 0xF717, 0xF717, 0xEEB6, 0xEED6, 0xEEF7, 0xF717, 0xFF38,
  0xFF58, 0xFF58, 0xFF58, 0xFF58, 0xFF57, 0xFF56, 0xFF36, 0xFF16, 0xFEF5, 0xFED5, 0xFED4, 0xFEF4,
  0xFEF4, 0xFEF4, 0xF6B3, 0xF693, 0xEE72, 0xE652, 0xDE31, 0xD611, 0xCDD0, 0xCDB0, 0xCDB0, 0xCDB0,
  0xCD90, 0xCD90, 0xCDB1, 0xCDF2, 0xD5F2, 0xD613, 0xD633, 0xDE33, 0xE632, 0xDE32, 0xDE12, 0xDE12,
  0xDDF1, 0xD5F0, 0xCDB0, 0xCD90, 0xC56F, 0xBD4F, 0xBD50, 0xB52F, 0xAD0F, 0xACEF, 0xA4CF, 0xA4CF,
  0x9CCF, 0x9CF0, 0x9CF0, 0xA531, 0xB572, 0xBD93, 0xBD93, 0xBDB3, 0xC5D3, 0xDE75, 0xF6F7, 0xEED6,
  0xF6F6, 0xF6D5, 0xF693, 0xEE53, 0xDE13, 0xE612, 0xE632, 0xE632, 0xDE11, 0xDDF1, 0xD5D0, 0xD5AF,
  0xD5B0, 0xCD8F, 0xC54F, 0xB52F, 0xACEE, 0xA4CE, 0x9CAE, 0x9CAF, 0x948E, 0x946E, 0x946E, 0x946E,
  0x8C6E, 0x8C6F, 0x8C6E, 0x8C6E, 0x8C6E, 0x8C6F, 0x946F, 0x946F, 0x8C4F, 0x8C6F, 0x948F, 0x948F,
  0x946F, 0x8C4F, 0x8C2E, 0x840E, 0x840E, 0x7C0E, 0x7BEE, 0x7BEE, 0x73EE, 0x73CE, 0x73CE, 0x73EE,
  0x73EE, 0x73EE, 0x7C0E, 0x7C0F, 0x840F, 0x840F, 0x7C0F, 0x7C0F, 0x7C0F, 0x842F, 0x842F, 0x8C2F,
  0x842F, 0x842E, 0x7C0E, 0x7C0F, 0x842F, 0x842F, 0x842F, 0x8C4F, 0x8C70, 0x9490, 0x9490, 0x9490,
  0x94B0, 0x9CD0, 0x9CB0, 0x9CB0, 0x9CD0, 0xA4F1, 0xAD32, 0xAD32, 0xAD11, 0xA511, 0xA4D1, 0x9CD1,
  0x9CD1, 0x9CD0, 0x9CB0, 0x9CD0, 0x9CD1, 0x94B0, 0x9490, 0x9490, 0x948F, 0x8C8F, 0x946F, 0x8C6F,
  0x8C6F, 0x948F, 0x948F, 0x94B0, 0x9CD0, 0xA4F1, 0x9CF1, 0x9CF1, 0x94B0, 0x9490, 0x9490, 0x9490,
  0x8C70, 0x8C6F, 0x8C6F, 0x844F, 0x8450, 0x8470, 0x8470, 0x8470, 0x8490, 0x8CB1, 0x94D1, 0x9CF2,
  0x9D12, 0x9D13, 0x9CF2, 0x9CF2, 0x9D13, 0x9D13, 0xA533, 0xA533, 0xA533, 0xA533, 0xA533, 0xA533,
  0xA533, 0xA533, 0xA533, 0xA533, 0xA533, 0xA533, 0xA533, 0xA533, 0xA533, 0xA533, 0xA532, 0xA512,
  0xA512, 0x9D12, 0x9D13, 0x9D13, 0x9D13, 0x9D13, 0x9D12, 0x9CF2, 0x9CF2, 0x94D2, 0x9CF2, 0x9CF2,
  0x9CD2, 0x9CD1, 0x9CF1, 0x9CF1, 0x9CF1, 0x9CD1, 0x9CF1, 0x9CF1, 0xFF15, 0xF6F5, 0xFED4, 0xF6B4,
  0xF6B3, 0xF693, 0xEEB3, 0xEED4, 0xF6D4, 0xFEB4, 0xFEF4, 0xFF15, 0xFF36, 0xFF15, 0xFEF5, 0xFEF4,
  0xFF15, 0xFF36, 0xFF77, 0xFFD9, 0xF7DA, 0xFFDA, 0xFFDA, 0xFFD9, 0xFFB8, 0xFF77, 0xFF36, 0xFF15,
  0xFEF5, 0xFEF5, 0xFEF5, 0xFEF5, 0xFF15, 0xFF77, 0xFF98, 0xFFB8, 0xFF78, 0xFF57, 0xFF37, 0xFF36,
  0xFF15, 0xFF15, 0xFF15, 0xFEF5, 0xFEF5, 0xFEF5, 0xFEF5, 0xFEF4, 0xF6D4, 0xF6B3, 0xF693, 0xF6B4,
  0xF6B4, 0xF6B3, 0xF693, 0xEE72, 0xEE73, 0xFEF5, 0xFF98, 0xF7D9, 0xFFDA, 0xFFDA, 0xFFB9, 0xFFB9,
  0xF778, 0xF757, 0xFF36, 0xFF16, 0xFEF5, 0xF6D4, 0xF6B3, 0xEEB4, 0xEEB4, 0xEE94, 0xEE93, 0xEE94,
  0xEEB4, 0xF6D4, 0xFF15, 0xFF36, 0xFF36, 0xFF16, 0xF6D5, 0xFED5, 0xF6B5, 0xF6B3, 0xEEB3, 0xEE94,
  0xEE94, 0xEEB5, 0xEED6, 0xEED6, 0xEEF6, 0xF737, 0xF737, 0xFF37, 0xFF37, 0xFF16, 0xF6F6, 0xF6F6,
  0xF6F6, 0xF6D5, 0xF6F5, 0xFEF5, 0xFEF5, 0xFF15, 0xFEF5, 0xFF16, 0xFF56, 0xFF56, 0xFF36, 0xFF15,
  0xFED4, 0xEE72, 0xE631, 0xE611, 0xDE11, 0xD5F1, 0xCDD0, 0xCDB1, 0xCDB0, 0xCDB1, 0xC5B1, 0xCDF2,
  0xCDF3, 0xCDF3, 0xCE13, 0xD5F3, 0xD613, 0xD632, 0xDE32, 0xE632, 0xE633, 0xE632, 0xDE12, 0xD5F1,
  0xCDB0, 0xC590, 0xBD70, 0xBD50, 0xB530, 0xAD30, 0xAD0F, 0xA510, 0xA4F0, 0xA4CF, 0xA4CF, 0xA4EF,
  0xAD0F, 0xB550, 0xBD71, 0xCDF3, 0xD5F3, 0xDE54, 0xFED5, 0xFEF5, 0xFED5, 0xF694, 0xF693, 0xEE73,
  0xE612, 0xDE12, 0xDE12, 0xD5F2, 0xD5D1, 0xCDB0, 0xC570, 0xC56F, 0xBD6F, 0xBD4F, 0xB52F, 0xACEF,
  0x9CAE, 0x948E, 0x8C6E, 0x8C4E, 0x8C4E, 0x8C2E, 0x8C2E, 0x842E, 0x842E, 0x8C2E, 0x842E, 0x842E,
  0x842E, 0x842E, 0x8C2E, 0x8C4F, 0x8C4F, 0x8C6F, 0x8C4F, 0x8C4E, 0x8C4F, 0x8C2F, 0x840E, 0x7BEE,
  0x73EE, 0x73EE, 0x73CE, 0x6BCE, 0x73CE, 0x6BCE, 0x6BAE, 0x6BAE, 0x6BAE, 0x6BAE, 0x73CE, 0x73EE,
  0x73EE, 0x73EE, 0x73EE, 0x740F, 0x73EE, 0x7BEE, 0x7BEF, 0x7C0F, 0x840F, 0x83EE, 0x7C0F, 0x7C0F,
  0x7C0F, 0x7C0F, 0x842F, 0x8C4F, 0x8C6F, 0x8C6F, 0x9470, 0x9490, 0x9CD1, 0xA4F1, 0x9CD1, 0x9CB0,
  0x9CB0, 0x9CD0, 0xA4D0, 0xA4F1, 0xAD11, 0xAD11, 0xA4F0, 0xA4D1, 0xA4F1, 0xACF0, 0xAD10, 0xB552,
  0xA4F1, 0xA4D0, 0x9CD1, 0x9CB1, 0x94B0, 0x948F, 0x948F, 0x8C6F, 0x8C70, 0x9490, 0x9C90, 0x9CB0,
  0x94B0, 0x9CB0, 0x9CB0, 0x9CD0, 0x94AF, 0x946F, 0x8C70, 0x9490, 0x8C90, 0x9490, 0x8C90, 0x8C70,
  0x8C70, 0x8450, 0x8430, 0x8450, 0x7C50, 0x8470, 0x8470, 0x8C91, 0x94D2, 0x94F2, 0x9D12, 0x9D13,
  0x9D13, 0x9D13, 0x9D13, 0x9D13, 0x9D33, 0xA533, 0xA553, 0xA533, 0xA553, 0x9D54, 0x9D53, 0x9D33,
  0xA533, 0xAD53, 0xAD33, 0xA512, 0xA512, 0xA512, 0x9D12, 0x9D12, 0x9D13, 0x9D13, 0x9D13, 0x9D13,
  0x9D12, 0x9D12, 0x9D12, 0x9D12, 0x9D12, 0x9CD2, 0x9CD2, 0x9CF2, 0x9CD2, 0x9CF2, 0xA4F2, 0x9CF2,
  0x9CF2, 0x9CF2, 0x9CF1, 0x94F1, 0xFF36, 0xFF15, 0xFEF5, 0xFED4, 0xFED3, 0xFED4, 0xF6B3, 0xF6B4,
  0xFED4, 0xFED4, 0xFEF5, 0xFF36, 0xFF57, 0xFF57, 0xFF37, 0xF716, 0xF716, 0xFF36, 0xFF36, 0xFF77,
  0xFF98, 0xF798, 0xFFB8, 0xFFB8, 0xFF97, 0xF756, 0xFF35, 0xFF35, 0xFF15, 0xFF15, 0xFF15, 0xFF15,
  0xFF36, 0xFF78, 0xFF98, 0xFF78, 0xFF58, 0xFF57, 0xFF57, 0xFF36, 0xFF36, 0xFF16, 0xFF15, 0xFF16,
  0xFF37, 0xFF57, 0xFF57, 0xFF37, 0xFF16, 0xFEF6, 0xFEF5, 0xFEB4, 0xFEF4, 0xF6D4, 0xF6B4, 0xFED4,
  0xFEF5, 0xFF16, 0xFF98, 0xFFD9, 0xFFD9, 0xF7D9, 0xF7B8, 0xFF77, 0xFF36, 0xFF36, 0xFF15, 0xF6D4,
  0xF6B3, 0xF693, 0xEE72, 0xEE72, 0xEE73, 0xEE53, 0xE652, 0xE652, 0xE652, 0xE652, 0xE652, 0xEE73,
  0xF693, 0xF693, 0xF693, 0xF6B4, 0xF6B4, 0xEED3, 0xEEB3, 0xEE93, 0xE672, 0xEEB3, 0xFEF5, 0xFF16,
  0xFEF6, 0xFEF5, 0xFEF5, 0xF6D5, 0xF694, 0xEE93, 0xEE73, 0xE673, 0xE673, 0xEE73, 0xEEB4, 0xF6B4,
  0xF6D4, 0xFED4, 0xF6F6, 0xFF37, 0xFF78, 0xFF98, 0xFF78, 0xFF56, 0xFF15, 0xFED4, 0xF692, 0xEE31,
  0xE611, 0xD5F1, 0xD5F1, 0xD5F1, 0xCDD1, 0xCDB1, 0xC5B1, 0xC5B1, 0xCDD2, 0xCDF3, 0xCE13, 0xCE14,
  0xCE14, 0xCE13, 0xD633, 0xDE33, 0xE633, 0xE653, 0xE653, 0xE653, 0xDE33, 0xDDF2, 0xD5D1, 0xCDD1,
  0xCDB1, 0xC591, 0xBD70, 0xBD50, 0xB530, 0xB530, 0xB510, 0xB530, 0xBD71, 0xCDD1, 0xD5F2, 0xDE33,
  0xDE13, 0xDE12, 0xE632, 0xEE73, 0xF693, 0xEE73, 0xEE72, 0xE632, 0xDDF1, 0xD5D1, 0xCDB0, 0xC590,
  0xC570, 0xBD50, 0xB52F, 0xB50F, 0xB50F, 0xACEF, 0xACCF, 0xA4AF, 0x9C8E, 0x946E, 0x8C2E, 0x842E,
  0x840D, 0x840D, 0x7C0E, 0x7C0E, 0x7C0D, 0x7C0D, 0x840E, 0x840E, 0x840E, 0x840E, 0x7C0E, 0x7C0E,
  0x842F, 0x840E, 0x7C0E, 0x7C0E, 0x7C0E, 0x7BEE, 0x73CE, 0x73CE, 0x6BCE, 0x73AE, 0x6BAE, 0x6BAE,
  0x6BAE, 0x6BAE, 0x6B8E, 0x6B8E, 0x6B8E, 0x6B8E, 0x6B8E, 0x6BAE, 0x6BAE, 0x6BAE, 0x6BAE, 0x6BAE,
  0x73CE, 0x73CE, 0x73EE, 0x7BEF, 0x7BEE, 0x7BEE, 0x7C0F, 0x7C0F, 0x840F, 0x842F, 0x842F, 0x8C6F,
  0x8C4F, 0x946F, 0x946F, 0x94B0, 0x9CD0, 0x9CD0, 0x9490, 0x9490, 0x9490, 0x9490, 0x9C8F, 0x9CB0,
  0x9CD0, 0x9CD0, 0x9CD0, 0xA4D0, 0xA4F1, 0xAD11, 0xBD72, 0xB572, 0xA4F1, 0xAD11, 0xA4F1, 0xA4D1,
  0xA4D1, 0x9CD0, 0xA4D0, 0x9CD0, 0x9490, 0x9490, 0x94B0, 0x9490, 0x9490, 0x948F, 0x946F, 0x946F,
  0x946F, 0x8C6F, 0x8C6F, 0x8C50, 0x8C70, 0x9490, 0x9491, 0x8C70, 0x8C50, 0x8450, 0x8450, 0x8450,
  0x7C50, 0x8450, 0x8470, 0x8C91, 0x8C91, 0x8CD2, 0x9513, 0x9D13, 0x9D13, 0x9D33, 0x9D33, 0x9D33,
  0xA533, 0xA554, 0xA574, 0xA574, 0xA574, 0x9D54, 0x9D54, 0x9D33, 0xA533, 0xA532, 0xA512, 0x9D12,
  0x9D12, 0x9CF2, 0x9D13, 0x9D13, 0x9D13, 0x9D13, 0x9D12, 0x9D13, 0x9D12, 0x9D12, 0x9CF2, 0x9CF2,
  0x9CF2, 0x9CF1, 0x9CD1, 0x9CF1, 0x9CF1, 0x9CD1, 0x9CD1, 0x9CD1, 0x9CF1, 0x9CF1, 0x9CD1, 0x9CD1,
  0xFF56, 0xFF36, 0xFF15, 0xFEF4, 0xFEF4, 0xFEF4, 0xFED4, 0xFED4, 0xFED4, 0xFEF5, 0xFF36, 0xF777,
  0xFFB8, 0xFFD9, 0xFFB9, 0xFF97, 0xFF77, 0xFF56, 0xFF36, 0xFF35, 0xFF35, 0xFF36, 0xFF36, 0xFF36,
  0xFF15, 0xFEF5, 0xF6F5, 0xF6F5, 0xFEF5, 0xFF15, 0xFEF5, 0xFEF5, 0xFEF5, 0xFF16, 0xFF16, 0xFF16,
  0xFEF6, 0xF716, 0xFF37, 0xFF16, 0xFF36, 0xFF16, 0xFF36, 0xFF37, 0xFF78, 0xFFB9, 0xFF99, 0xFFB9,
  0xFFB9, 0xFF98, 0xFF57, 0xFF36, 0xFF15, 0xFF15, 0xFF15, 0xFF15, 0xFF15, 0xFF16, 0xFF37, 0xFF57,
  0xFF57, 0xFF56, 0xFF36, 0xFF15, 0xFF15, 0xFED4, 0xF6D4, 0xF6B3, 0xF693, 0xEE72, 0xEE72, 0xEE72,
  0xE652, 0xE652, 0xE632, 0xDE12, 0xDE11, 0xE632, 0xE632, 0xE632, 0xF652, 0xF673, 0xF693, 0xF693,
  0xEE73, 0xF693, 0xF693, 0xF693, 0xF693, 0xFEB3, 0xFEB4, 0xF6B3, 0xF672, 0xF672, 0xF672, 0xEE72,
  0xEE52, 0xEE52, 0xE632, 0xE632, 0xE632, 0xE652, 0xE652, 0xE672, 0xEE93, 0xEE73, 0xEE93, 0xEEB4,
  0xF6F5, 0xF716, 0xFF36, 0xFF15, 0xFEF4, 0xFEB3, 0xF693, 0xEE52, 0xE632, 0xDE11, 0xD5F1, 0xD5F1,
  0xD5D1, 0xCDB1, 0xCDB1, 0xCDB1, 0xC5B1, 0xC5D2, 0xC5F3, 0xCE14, 0xC5F4, 0xC613, 0xCDF3, 0xD613,
  0xDE33, 0xE633, 0xE653, 0xEE74, 0xEE74, 0xE653, 0xE653, 0xE653, 0xE653, 0xE633, 0xDE12, 0xD5F2,
  0xCDB1, 0xC590, 0xC570, 0xC591, 0xD5F2, 0xDE12, 0xE633, 0xE653, 0xE632, 0xEE52, 0xE631, 0xE631,
  0xE631, 0xDE11, 0xD5F1, 0xD5F1, 0xD5D0, 0xCDB0, 0xC590, 0xBD50, 0xB530, 0xAD10, 0xACEF, 0xA4CF,
  0x9CAF, 0x9C8F, 0x9CAF, 0x9C8F, 0x946F, 0x8C4F, 0x842E, 0x840E, 0x7C0E, 0x7C0E, 0x7BEE, 0x7C0E,
  0x7BEE, 0x7BEE, 0x7BEE, 0x7BEE, 0x7BEE, 0x7BCE, 0x73EE, 0x73EE, 0x73EE, 0x73EE, 0x73CE, 0x73CE,
  0x73CE, 0x6BAE, 0x6BAD, 0x6BAE, 0x6B8D, 0x6B8E, 0x6B6D, 0x638D, 0x6B8E, 0x638E, 0x636E, 0x636E,
  0x636E, 0x636E, 0x636E, 0x636D, 0x6B8D, 0x6BAE, 0x6B8D, 0x6B8D, 0x6BAE, 0x6BAE, 0x73AE, 0x73CE,
  0x7BEE, 0x7BEE, 0x7C0E, 0x7C0F, 0x842F, 0x844F, 0x8C4F, 0x8C4F, 0x8C6F, 0x8C70, 0x8C6F, 0x946F,
  0x946F, 0x8C6F, 0x8C6F, 0x8C70, 0x8C70, 0x8C70, 0x9490, 0x94B0, 0x9CB0, 0x94B0, 0x94B0, 0x9CD0,
  0xA4F0, 0xA4F0, 0xACF0, 0xAD11, 0xACF1, 0xA4D1, 0x9CB0, 0xA4B0, 0xA4D1, 0xAD11, 0xB531, 0xACF1,
  0x9CB0, 0x94B0, 0x948F, 0x8C6F, 0x8C6F, 0x8C4F, 0x8C6F, 0x8C6F, 0x8C4F, 0x8C4F, 0x842F, 0x840F,
  0x7C0F, 0x842F, 0x842F, 0x842F, 0x842F, 0x842F, 0x842F, 0x8430, 0x7C2F, 0x7C2F, 0x8450, 0x8470,
  0x8450, 0x8491, 0x94D2, 0x9513, 0x9D13, 0x9D13, 0xA533, 0xA554, 0xA553, 0xA553, 0xA554, 0xAD74,
  0xA554, 0xA553, 0xA553, 0xA533, 0xAD53, 0xA532, 0xA512, 0x9D12, 0x9D13, 0x9D13, 0x9D13, 0x9D13,
  0x9D13, 0x9CF2, 0x9CF2, 0x9CD1, 0x94D1, 0x94F1, 0x9CD1, 0x94D1, 0x94D1, 0x9CD0, 0x9CD0, 0x9CD0,
  0x9CB0, 0x9CB0, 0x9CB0, 0x9CB0, 0x9CB0, 0x94B0, 0x9CD1, 0x9CD0, 0xFF56, 0xFF36, 0xFF36, 0xFF36,
  0xFF36, 0xFF36, 0xFF16, 0xF716, 0xF736, 0xFF77, 0xFFB8, 0xF7D9, 0xFFD9, 0xFFD9, 0xFFB8, 0xFF77,
  0xFF56, 0xFF15, 0xFEF4, 0xFED4, 0xFED4, 0xFED5, 0xFEF5, 0xFEF5, 0xFED5, 0xFEB4, 0xF6B4, 0xEEB4,
  0xEEB4, 0xEEB4, 0xEEB4, 0xEEB4, 0xF6B4, 0xF6B4, 0xF6D5, 0xFED5, 0xF6D5, 0xEED5, 0xF6D6, 0xF6F6,
  0xFF17, 0xFF17, 0xFF37, 0xF737, 0xFF78, 0xFFBA, 0xFFDA, 0xF7FA, 0xF7FA, 0xF7D9, 0xFFB8, 0xFFB8,
  0xF777, 0xFF36, 0xFF36, 0xFF15, 0xFEF5, 0xFEF5, 0xFED4, 0xFED4, 0xFED5, 0xF6B4, 0xF6B4, 0xF6B3,
  0xF6B3, 0xF693, 0xEE93, 0xEE73, 0xE652, 0xEE72, 0xEE52, 0xE652, 0xE632, 0xE653, 0xE632, 0xDE32,
  0xDE32, 0xE632, 0xE652, 0xE652, 0xE652, 0xE652, 0xEE73, 0xEE53, 0xEE73, 0xFEB4, 0xFED4, 0xFED4,
  0xFEF4, 0xFED4, 0xFED4, 0xFEB3, 0xF693, 0xF692, 0xF692, 0xEE72, 0xEE52, 0xE632, 0xE631, 0xE631,
  0xE611, 0xDE31, 0xDE31, 0xDE31, 0xE632, 0xE632, 0xF693, 0xF693, 0xEE53, 0xEE73, 0xEE72, 0xEE73,
  0xEE73, 0xEE52, 0xEE52, 0xE632, 0xE612, 0xDDF1, 0xD5F1, 0xD5F1, 0xD5F2, 0xD5F2, 0xD5F2, 0xD5F2,
  0xCDD1, 0xCDF2, 0xCDF3, 0xCDF3, 0xCDF3, 0xCDF3, 0xC5D3, 0xCDD2, 0xD613, 0xDE33, 0xDE33, 0xE653,
  0xEE94, 0xF6B4, 0xF6B4, 0xF694, 0xF694, 0xF6B4, 0xF694, 0xF694, 0xEE73, 0xE653, 0xDE12, 0xE653,
  0xEE73, 0xDDF2, 0xDE11, 0xEE52, 0xF693, 0xF673, 0xEE52, 0xE631, 0xDE11, 0xD5D1, 0xCDB0, 0xCD90,
  0xC570, 0xBD50, 0xB530, 0xACEF, 0xA4EF, 0x9CCF, 0x9CAF, 0x948F, 0x946F, 0x946F, 0x946F, 0x944F,
  0x8C4E, 0x8C4E, 0x842E, 0x842E, 0x840E, 0x7BEE, 0x7BEE, 0x7BEE, 0x7BEE, 0x7BEE, 0x7BEE, 0x7BEE,
  0x7BCE, 0x73CE, 0x73CE, 0x6BCE, 0x6BCE, 0x6BCE, 0x6BCD, 0x6BAD, 0x6BAE, 0x6BAE, 0x6B8D, 0x6B8D,
  0x6B8D, 0x6B8D, 0x6B8D, 0x6B8D, 0x6B8E, 0x638E, 0x638E, 0x636E, 0x636D, 0x636E, 0x636D, 0x636D,
  0x636D, 0x638D, 0x636D, 0x638D, 0x638E, 0x6B8D, 0x6B8D, 0x73CE, 0x73CE, 0x7BEF, 0x7C0F, 0x7BEF,
  0x7C0F, 0x842F, 0x842F, 0x842F, 0x8450, 0x8C4F, 0x8C4F, 0x842F, 0x842F, 0x844F, 0x8C4F, 0x8C70,
  0x8C6F, 0x8C70, 0x8C70, 0x8C70, 0x8C6F, 0x8C70, 0x8C70, 0x9490, 0x94B0, 0xA4D0, 0xA4F0, 0xAD11,
  0xAD31, 0xA4D1, 0x9CB0, 0xA4D1, 0xA4F1, 0xAD10, 0xB510, 0xACF0, 0x9CB0, 0x94B0, 0x948F, 0x946F,
  0x8C6F, 0x946F, 0x9490, 0x9490, 0x8C4F, 0x842F, 0x7C0F, 0x7BCE, 0x7BCE, 0x7C0E, 0x7C0E, 0x7C0F,
  0x842F, 0x842F, 0x8430, 0x8430, 0x8450, 0x842F, 0x7C2F, 0x7C2F, 0x7C2F, 0x8470, 0x8CD1, 0x94F2,
  0x9D33, 0xA534, 0xA533, 0xA553, 0xA533, 0x9D12, 0xA533, 0xA553, 0xAD53, 0xAD53, 0xAD52, 0xAD52,
  0xB553, 0xB552, 0xB573, 0xAD33, 0xA533, 0x9D13, 0x9D12, 0x9D12, 0x9CF2, 0x94D1, 0x94D1, 0x94B1,
  0x94B1, 0x94B1, 0x94B1, 0x94B1, 0x9490, 0x9CB0, 0x9490, 0x948F, 0x9C90, 0x9490, 0x9C90, 0x9C90,
  0x948F, 0x948F, 0x9490, 0x94B0, 0xFF77, 0xFF77, 0xFF78, 0xFF78, 0xFF78, 0xFF78, 0xFF98, 0xFF98,
  0xFFB9, 0xFFD9, 0xFFD9, 0xFFB9, 0xFF98, 0xFF57, 0xFF16, 0xF6F5, 0xF6F4, 0xF6B4, 0xF693, 0xF693,
  0xEE93, 0xEE73, 0xEE93, 0xE693, 0xEE93, 0xEE93, 0xEE94, 0xEEB4, 0xEE94, 0xEEB4, 0xEEB4, 0xEE94,
  0xEEB4, 0xEEB5, 0xEED6, 0xEEF5, 0xEED5, 0xF6D6, 0xF6F6, 0xF6F6, 0xF6F6, 0xF6F6, 0xF6F6, 0xFF37,
  0xF758, 0xF7B9, 0xF7FA, 0xF7FA, 0xFFDA, 0xFFD9, 0xFFB9, 0xFF98, 0xFF78, 0xFF37, 0xFF16, 0xFEF4,
  0xF6D4, 0xF6D4, 0xF6B3, 0xF6B3, 0xEE93, 0xEE73, 0xEE52, 0xE652, 0xE652, 0xE652, 0xE652, 0xE652,
  0xE652, 0xE652, 0xE653, 0xDE52, 0xDE53, 0xE653, 0xDE53, 0xDE53, 0xDE53, 0xE673, 0xE653, 0xDE53,
  0xE694, 0xE694, 0xE674, 0xE674, 0xF6B5, 0xFF15, 0xFF36, 0xFF36, 0xFF56, 0xF756, 0xFF15, 0xFEF5,
  0xFED4, 0xF6B3, 0xF6B3, 0xEE92, 0xEE52, 0xEE52, 0xEE52, 0xE652, 0xE631, 0xDE31, 0xE631, 0xE632,
  0xE632, 0xEE53, 0xF6B4, 0xF6D4, 0xEE94, 0xEE73, 0xEE73, 0xEE73, 0xEE74, 0xEE53, 0xE653, 0xE653,
  0xDE32, 0xDE11, 0xDE11, 0xDE32, 0xDE33, 0xDE33, 0xDE12, 0xD612, 0xD5F2, 0xD612, 0xD612, 0xDE32,
  0xDE53, 0xD613, 0xD5F3, 0xD613, 0xD613, 0xDE33, 0xE674, 0xE653, 0xEE74, 0xF6B5, 0xF6D5, 0xEE94,
  0xEE94, 0xF694, 0xEE73, 0xEE53, 0xF694, 0xF694, 0xEE73, 0xEE93, 0xEE93, 0xEE74, 0xEE73, 0xEE52,
  0xEE52, 0xEE32, 0xE611, 0xDDF0, 0xD5B0, 0xCDB0, 0xC570, 0xBD30, 0xB510, 0xACEF, 0xA4CF, 0x9CAF,
  0x948F, 0x948F, 0x948F, 0x8C6F, 0x8C6E, 0x8C4E, 0x8C2E, 0x8C4E, 0x8C4E, 0x8C4F, 0x844F, 0x842E,
  0x842E, 0x840E, 0x840E, 0x7C0E, 0x7C0E, 0x7C0E, 0x7C0F, 0x7BEE, 0x73CE, 0x73CE, 0x73CE, 0x73CE,
  0x73CE, 0x73CE, 0x6BAD, 0x6BAE, 0x73CE, 0x73EE, 0x73CE, 0x73CE, 0x73CE, 0x73CE, 0x73CE, 0x6BCE,
  0x6BCE, 0x6BAE, 0x6BAE, 0x6BAE, 0x6BAE, 0x6BAE, 0x6B8D, 0x638E, 0x638E, 0x638E, 0x638E, 0x638E,
  0x636D, 0x636D, 0x638D, 0x6BAE, 0x6BAE, 0x73CE, 0x73CE, 0x73EE, 0x73EF, 0x7C0F, 0x7C0F, 0x7C0F,
  0x7C2F, 0x7C2F, 0x7C2F, 0x7C2F, 0x842F, 0x842F, 0x842F, 0x842F, 0x842F, 0x844F, 0x842F, 0x842F,
  0x844F, 0x8C4F, 0x844F, 0x8C4F, 0x8C6F, 0x9490, 0x9CB0, 0x9CD0, 0x9CF1, 0x9CD1, 0x9CD1, 0xA4F1,
  0xA4F0, 0xA4F0, 0xAD10, 0xAD10, 0x9CD0, 0x9CD0, 0x9C90, 0x9CB0, 0x94B0, 0x94B0, 0x94B0, 0x8C6F,
  0x8C4F, 0x842F, 0x7BEE, 0x73CE, 0x7BEE, 0x73CE, 0x7BCE, 0x7BCE, 0x73CE, 0x73EE, 0x7C0F, 0x7C0F,
  0x7C0F, 0x8430, 0x8430, 0x8430, 0x7C2F, 0x844F, 0x8470, 0x8CB1, 0x94B1, 0x94D1, 0x94B1, 0x9CD1,
  0x9D12, 0xA533, 0xA553, 0xAD73, 0xAD53, 0xA532, 0xA511, 0xAD11, 0xAD11, 0xAD11, 0xA4F1, 0xA4F1,
  0x9CF1, 0x9CD1, 0x9CD1, 0x9CD1, 0x94B1, 0x94B1, 0x94D1, 0x94D1, 0x94D1, 0x94D1, 0x94D1, 0x9490,
  0x9490, 0x9490, 0x9490, 0x9490, 0x9C90, 0x9C90, 0x9CB0, 0x9CB0, 0x9CB0, 0x9CB0, 0x9CB0, 0x9490,
  0xF7B8, 0xF7B8, 0xFFB8, 0xFF98, 0xFF78, 0xFFB9, 0xFFD9, 0xF7FA, 0xF7DA, 0xFFD9, 0xF7D9, 0xF798,
  0xFF56, 0xFF15, 0xFED4, 0xFEB3, 0xF6B3, 0xF693, 0xEE92, 0xEE72, 0xEE72, 0xE652, 0xE652, 0xE673,
  0xE673, 0xEE93, 0xF6B4, 0xFEF5, 0xF715, 0xF715, 0xF716, 0xF6F6, 0xF6F5, 0xFF36, 0xF716, 0xEEF6,
  0xF6F6, 0xF6F7, 0xF717, 0xF737, 0xF778, 0xFF78, 0xFFB9, 0xFF99, 0xF778, 0xF778, 0xFF98, 0xFF78,
  0xFF77, 0xFF57, 0xFF36, 0xF715, 0xFEF5, 0xF6F5, 0xF6D4, 0xF6B4, 0xEE93, 0xEE93, 0xE693, 0xE693,
  0xE673, 0xE652, 0xE632, 0xE632, 0xDE32, 0xDE32, 0xDE32, 0xDE32, 0xDE53, 0xDE33, 0xDE33, 0xDE33,
  0xDE53, 0xDE53, 0xDE74, 0xDE53, 0xDE54, 0xE674, 0xE674, 0xE674, 0xE694, 0xEEB4, 0xEE95, 0xEED5,
  0xF6F6, 0xF6F6, 0xF737, 0xFF78, 0xFF98, 0xFF98, 0xF777, 0xFF57, 0xFF36, 0xFF15, 0xFEF5, 0xFED4,
  0xF6B3, 0xF693, 0xF672, 0xEE52, 0xE652, 0xEE52, 0xEE52, 0xEE52, 0xEE53, 0xEE73, 0xF693, 0xF693,
  0xEE73, 0xF694, 0xF694, 0xEEB5, 0xEEB5, 0xEE95, 0xE674, 0xE674, 0xE654, 0xE673, 0xE673, 0xEE94,
  0xEE74, 0xE633, 0xDE12, 0xD612, 0xD5F2, 0xD5F2, 0xD5F2, 0xD613, 0xDE33, 0xEE94, 0xF6F5, 0xFF36,
  0xF6F5, 0xFEB4, 0xF6B4, 0xF694, 0xEE73, 0xE673, 0xE653, 0xE652, 0xDE32, 0xDE12, 0xDE12, 0xDDF2,
  0xDDF2, 0xDE12, 0xDDF2, 0xDE12, 0xDE32, 0xE632, 0xE632, 0xDE11, 0xD5F1, 0xD5B0, 0xCDB0, 0xCD90,
  0xC570, 0xC570, 0xBD2F, 0xB50F, 0xACEF, 0xA4CF, 0x9CAF, 0x948F, 0x948F, 0x946F, 0x8C6F, 0x8C4F,
  0x8C4E, 0x844F, 0x844F, 0x842F, 0x842F, 0x842F, 0x842F, 0x842F, 0x840E, 0x840E, 0x840F, 0x840E,
  0x840E, 0x7C2F, 0x7C2E, 0x7C0E, 0x7C0E, 0x7BEE, 0x7BEE, 0x7BEE, 0x7BEE, 0x73EE, 0x7BEE, 0x7BEE,
  0x7C0E, 0x842E, 0x842E, 0x842E, 0x842F, 0x842F, 0x842F, 0x842F, 0x840E, 0x840E, 0x842F, 0x842F,
  0x7C0F, 0x73EE, 0x6BCE, 0x6BAE, 0x6BAD, 0x6BAD, 0x6B8D, 0x6B8D, 0x6B8E, 0x6B8E, 0x6B8E, 0x6B8E,
  0x6BAE, 0x6BAE, 0x6BAE, 0x6BAE, 0x6BAE, 0x73CE, 0x73EE, 0x73EF, 0x73EF, 0x7BEF, 0x7C0F, 0x7C0F,
  0x7C0F, 0x7C0F, 0x7BEF, 0x7BEF, 0x840F, 0x842F, 0x842F, 0x842F, 0x842F, 0x842F, 0x8C50, 0x8C4F,
  0x8C4F, 0x8C70, 0x8C70, 0x8C90, 0x9490, 0x948F, 0x94B0, 0x9CB0, 0x9CD0, 0x9CD0, 0x9CD0, 0xA4F1,
  0x9CD0, 0x9CB0, 0x9CB0, 0x9CB0, 0x9CB0, 0x9CB0, 0x94B0, 0x9490, 0x8C4F, 0x842F, 0x7BEE, 0x73CE,
  0x73CE, 0x73AE, 0x73AE, 0x73CE, 0x73CE, 0x73EE, 0x73EE, 0x73EF, 0x740E, 0x7C0F, 0x7C2F, 0x7C2F,
  0x7C2F, 0x7C0F, 0x7C0F, 0x8430, 0x8430, 0x8430, 0x7C50, 0x8450, 0x8C90, 0x9CD1, 0xA512, 0xA512,
  0xA511, 0x9CF1, 0x9CD0, 0x94D0, 0x9CD1, 0x9CF1, 0xA4F1, 0xA4F1, 0x9CF1, 0x9CD1, 0x9CD0, 0x9CD1,
  0x94B0, 0x94B1, 0x94D1, 0x9CD2, 0x94B1, 0x94B1, 0x9490, 0x8C90, 0x8C90, 0x948F, 0x946F, 0x9490,
  0x946F, 0x9490, 0x9490, 0x9490, 0x9490, 0x9CB0, 0x9CB0, 0x9C8F, 0xFF78, 0xFF78, 0xF777, 0xFF57,
  0xFF57, 0xF7B9, 0xF7DA, 0xF7FA, 0xFFD9, 0xFFB9, 0xFFB8, 0xFF77, 0xFF36, 0xFEF4, 0xFED3, 0xF6B3,
  0xF6B3, 0xF693, 0xEE93, 0xEE72, 0xE652, 0xE672, 0xE672, 0xE672, 0xEE73, 0xEEB4, 0xFED5, 0xFF36,
  0xFF77, 0xFF77, 0xFF36, 0xFF16, 0xFF15, 0xFEF5, 0xEEB5, 0xEE94, 0xEED5, 0xF6F6, 0xF6F6, 0xFF57,
  0xFF57, 0xFF37, 0xFF17, 0xF6F6, 0xF6D5, 0xF6D5, 0xF6B5, 0xEED5, 0xEED5, 0xEEB4, 0xEEB4, 0xEE94,
  0xEE94, 0xEE93, 0xEE93, 0xE673, 0xE673, 0xE673, 0xE673, 0xE673, 0xE673, 0xE673, 0xE652, 0xE652,
  0xDE32, 0xDE32, 0xDE32, 0xD632, 0xD612, 0xD633, 0xD632, 0xDE33, 0xE673, 0xE673, 0xDE53, 0xDE33,
  0xDE33, 0xDE53, 0xDE53, 0xE653, 0xE693, 0xE673, 0xEE94, 0xF6D5, 0xF6D5, 0xEEB5, 0xEED6, 0xF737,
  0xFF78, 0xFF98, 0xFFB9, 0xF7B8, 0xFF98, 0xFF98, 0xF777, 0xF736, 0xFF15, 0xFED4, 0xFED4, 0xF6B3,
  0xF693, 0xF693, 0xF693, 0xF693, 0xF694, 0xF694, 0xF694, 0xF693, 0xF693, 0xF694, 0xF6B4, 0xEEB4,
  0xEEB5, 0xEEB5, 0xE6B5, 0xE695, 0xE695, 0xE6B5, 0xEED6, 0xEEB5, 0xE695, 0xE674, 0xDE74, 0xD654,
  0xCE14, 0xCE14, 0xCE14, 0xCE14, 0xDE54, 0xF737, 0xFF78, 0xFF57, 0xFF15, 0xFED4, 0xFEB4, 0xEE73,
  0xEE52, 0xE632, 0xE611, 0xDE11, 0xDDF1, 0xDDF1, 0xD5D1, 0xD5D1, 0xD5D1, 0xD5D1, 0xD5B1, 0xCDB1,
  0xD5D1, 0xD5D0, 0xD5D0, 0xCDB0, 0xCD90, 0xC56F, 0xC570, 0xBD4F, 0xBD2F, 0xB50F, 0xACEF, 0xACCF,
  0xA4CF, 0x9CAF, 0x9CAF, 0x948F, 0x948F, 0x946F, 0x8C4F, 0x8C4E, 0x8C4F, 0x844E, 0x842F, 0x842F,
  0x7C0E, 0x840F, 0x842F, 0x842F, 0x842F, 0x842F, 0x842F, 0x842F, 0x842F, 0x844F, 0x842F, 0x842F,
  0x842F, 0x840F, 0x7C2F, 0x7C2F, 0x842F, 0x842F, 0x842F, 0x844F, 0x844F, 0x844F, 0x8C4F, 0x8C6F,
  0x8C90, 0x9490, 0x94B0, 0x9CB0, 0x9CB0, 0x94B0, 0x94B0, 0x9490, 0x8C70, 0x8C50, 0x842F, 0x7C2F,
  0x7C0F, 0x73EE, 0x73CE, 0x73CE, 0x73CE, 0x73CE, 0x6BAE, 0x6BAE, 0x6BAE, 0x6BAE, 0x6BCE, 0x6BAE,
  0x6BAE, 0x73CE, 0x73CE, 0x73EE, 0x73EE, 0x73EE, 0x73EF, 0x73EF, 0x740F, 0x7C2F, 0x7C0F, 0x7C0F,
  0x7C0F, 0x7C2F, 0x842F, 0x8430, 0x842F, 0x842F, 0x8450, 0x8C50, 0x8C6F, 0x8C6F, 0x8C4F, 0x8C6F,
  0x8C6F, 0x8C6F, 0x8C90, 0x94B0, 0x94B0, 0x94B0, 0x94B0, 0x9CD0, 0x9CB0, 0x9490, 0x9490, 0x9490,
  0x94B0, 0x9CD0, 0x9CB1, 0x9CB1, 0x9490, 0x8C6F, 0x8C2F, 0x7BEE, 0x73EE, 0x73CE, 0x73CE, 0x73CE,
  0x73CE, 0x7BEE, 0x7BEE, 0x7BEF, 0x740F, 0x7C0F, 0x8450, 0x8450, 0x8450, 0x8450, 0x7C2F, 0x8450,
  0x8470, 0x8C91, 0x8C91, 0x8C70, 0x8C90, 0x94B0, 0x9CD0, 0x9CD0, 0xA4D0, 0x9CD0, 0x9CD0, 0x9CD1,
  0x9CD1, 0x9CD1, 0x9CF1, 0xA4F1, 0x9CF1, 0xA4F1, 0x9CF1, 0x9CB0, 0x94B0, 0x9490, 0x94D1, 0x9CF2,
  0x94B1, 0x8C90, 0x8C70, 0x8C70, 0x8C70, 0x8C6F, 0x8C6F, 0x8C70, 0x8C6F, 0x8C6F, 0x8C70, 0x9470,
  0x946F, 0x946F, 0x948F, 0x948F, 0xFF57, 0xFF77, 0xFF98, 0xFFB8, 0xFFB9, 0xFFD9, 0xFFD9, 0xFFD9,
  0xFF98, 0xFF76, 0xFF56, 0xFF15, 0xFEF4, 0xFED3, 0xF6B2, 0xEE92, 0xF693, 0xF6B3, 0xEE93, 0xE672,
  0xE652, 0xE652, 0xE652, 0xE652, 0xEE93, 0xFEF4, 0xFEF5, 0xFEF5, 0xFF15, 0xFF15, 0xFF15, 0xFEF5,
  0xF6B4, 0xEE93, 0xEE73, 0xE673, 0xF6D5, 0xFF36, 0xF715, 0xF6F5, 0xF6B4, 0xEE94, 0xEE93, 0xEE73,
  0xEE73, 0xEE53, 0xEE53, 0xEE74, 0xE674, 0xE674, 0xEE94, 0xEE74, 0xEE74, 0xE673, 0xE694, 0xE673,
  0xE673, 0xE673, 0xE653, 0xE653, 0xEE94, 0xEEB4, 0xEE73, 0xE653, 0xDE32, 0xDE32, 0xD612, 0xD632,
  0xD612, 0xD612, 0xDE33, 0xE653, 0xEE74, 0xE653, 0xDE33, 0xD612, 0xD612, 0xDE32, 0xE653, 0xE653,
  0xE653, 0xE653, 0xEE73, 0xE673, 0xEE74, 0xE694, 0xE694, 0xF6F6, 0xFF37, 0xFF78, 0xFF99, 0xFF99,
  0xFF98, 0xFF98, 0xF798, 0xF777, 0xFF57, 0xFF56, 0xFF15, 0xFEF4, 0xFED3, 0xFED4, 0xFED4, 0xFEB4,
  0xF694, 0xF694, 0xF6B4, 0xF6B4, 0xEE93, 0xEE73, 0xEE73, 0xEE94, 0xE674, 0xE694, 0xE695, 0xDE96,
  0xDE96, 0xDE96, 0xDE96, 0xDE96, 0xDE75, 0xDE74, 0xDE54, 0xDE54, 0xDE95, 0xDE55, 0xD655, 0xD634,
  0xDE54, 0xEED6, 0xFF16, 0xFF15, 0xFEF4, 0xF6D4, 0xF6B3, 0xF6B3, 0xF693, 0xEE72, 0xEE32, 0xEE52,
  0xEE52, 0xE632, 0xE611, 0xDDF2, 0xD5F2, 0xD5D1, 0xD5D1, 0xCDB1, 0xCD90, 0xC590, 0xC570, 0xC570,
  0xBD4F, 0xBD2F, 0xB52F, 0xAD0F, 0xACEF, 0xA4EF, 0xA4CF, 0xA4CF, 0x9CAF, 0x9CAF, 0x948F, 0x94B0,
  0x948F, 0x8C6F, 0x8C6F, 0x8C6F, 0x8C6F, 0x844F, 0x842F, 0x842F, 0x842F, 0x842F, 0x842F, 0x844F,
  0x844F, 0x844F, 0x844F, 0x8450, 0x8450, 0x8450, 0x8450, 0x8450, 0x8450, 0x8450, 0x844F, 0x8470,
  0x8C70, 0x8C70, 0x8C70, 0x8C70, 0x8C70, 0x8C90, 0x9490, 0x94B0, 0x9CD1, 0xA4D1, 0xA4F1, 0xA4F1,
  0xA4F1, 0xA4F0, 0x9CD0, 0x9CB0, 0x9CB0, 0x9CB0, 0x94B0, 0x9490, 0x9490, 0x8C70, 0x8C70, 0x8C4F,
  0x842F, 0x842F, 0x7C0F, 0x7BEE, 0x73EE, 0x73EE, 0x73EE, 0x73CE, 0x73CE, 0x73EE, 0x73EE, 0x73EE,
  0x73EE, 0x73EE, 0x73EE, 0x740F, 0x740F, 0x742F, 0x7C2F, 0x7C0F, 0x7C0F, 0x7C0F, 0x842F, 0x8430,
  0x842F, 0x8430, 0x8450, 0x8450, 0x8C4F, 0x8C6F, 0x8C70, 0x8C6F, 0x8C6F, 0x8C70, 0x8C90, 0x94D1,
  0x94D1, 0x94B1, 0x94B0, 0x94B0, 0x94B0, 0x9490, 0x8C90, 0x8C6F, 0x8C6F, 0x9490, 0x9490, 0x9490,
  0x9470, 0x9490, 0x9490, 0x8C4F, 0x840F, 0x7C0F, 0x7BEE, 0x7BEE, 0x73CE, 0x73EE, 0x7C0F, 0x7C0F,
  0x7C0F, 0x7C0F, 0x7C0F, 0x8470, 0x8C91, 0x8470, 0x844F, 0x8450, 0x8CB1, 0x94D1, 0x94D1, 0x94D1,
  0x9CF1, 0xA4F1, 0xA511, 0xA4F1, 0xA4F1, 0xA4F1, 0xA4D1, 0xA4F1, 0xA4D1, 0x9CD1, 0x9CB1, 0x9CB0,
  0x9CB0, 0x9CB0, 0x94B0, 0x94B0, 0x9490, 0x94B0, 0x94B0, 0x94B1, 0x9490, 0x8C70, 0x8C6F, 0x8C70,
  0x8C70, 0x8C6F, 0x8C90, 0x8C70, 0x8C6F, 0x8C90, 0x8C70, 0x8C70, 0x9490, 0x9490, 0x9490, 0x94B0,
  0xF735, 0xFF97, 0xFFB8, 0xFFB8, 0xFF98, 0xFFB8, 0xFF98, 0xFF77, 0xFF36, 0xFF34, 0xF6F4, 0xF6B3,
  0xF693, 0xF693, 0xEE92, 0xEE92, 0xEE72, 0xEE72, 0xEE72, 0xE652, 0xE652, 0xE652, 0xE652, 0xE652,
  0xEE73, 0xEE73, 0xEE72, 0xEE73, 0xEEB4, 0xF6F5, 0xFEF5, 0xF6D4, 0xEE93, 0xEE93, 0xEE73, 0xE672,
  0xE673, 0xE693, 0xEE93, 0xEE93, 0xEE93, 0xEE73, 0xE673, 0xE673, 0xE673, 0xDE73, 0xDE73, 0xE653,
  0xE653, 0xE674, 0xE674, 0xE674, 0xE674, 0xE674, 0xE694, 0xE674, 0xE674, 0xE694, 0xE674, 0xE653,
  0xE673, 0xE673, 0xE653, 0xE633, 0xDE12, 0xDE12, 0xDE32, 0xDE12, 0xDE33, 0xDE32, 0xDE32, 0xE653,
  0xE653, 0xDE12, 0xDE32, 0xD612, 0xD612, 0xDE32, 0xE653, 0xE653, 0xE653, 0xE632, 0xDE33, 0xE653,
  0xEE94, 0xEE94, 0xEE94, 0xEEB5, 0xF6D5, 0xF6F6, 0xFF17, 0xFF17, 0xFF37, 0xFF37, 0xFF57, 0xFF78,
  0xFF98, 0xFF77, 0xFF36, 0xFF15, 0xFEF5, 0xFEF5, 0xFEF5, 0xFED4, 0xF6B3, 0xF693, 0xF693, 0xEE73,
  0xE652, 0xE632, 0xE632, 0xE632, 0xDE12, 0xDE33, 0xDE54, 0xDE74, 0xDE75, 0xDE95, 0xE695, 0xE6D6,
  0xE695, 0xEEB5, 0xF6F5, 0xF6F6, 0xFF37, 0xEEB5, 0xE674, 0xE654, 0xDE53, 0xE653, 0xEE73, 0xF694,
  0xEE93, 0xDE52, 0xDE12, 0xEE52, 0xFED4, 0xFED4, 0xFEB4, 0xFEB4, 0xF673, 0xE632, 0xE612, 0xDDF1,
  0xD5F1, 0xCDB1, 0xCDB1, 0xC591, 0xC570, 0xBD50, 0xBD30, 0xB52F, 0xB50F, 0xACEF, 0xACEF, 0xACEF,
  0xA4CF, 0xA4D0, 0x9CB0, 0x9CB0, 0x9CD0, 0x9CB0, 0x94B0, 0x9490, 0x9490, 0x8C8F, 0x8C6F, 0x8C90,
  0x8C70, 0x8C6F, 0x8C70, 0x8C70, 0x844F, 0x844F, 0x8C6F, 0x8C70, 0x8C70, 0x8C70, 0x8C70, 0x8C70,
  0x8C70, 0x8C70, 0x8C70, 0x8C70, 0x8C70, 0x8C70, 0x8C90, 0x8C90, 0x94B0, 0x8C90, 0x94B0, 0x8C90,
  0x9490, 0x94B0, 0x94B0, 0x94D0, 0x9CD1, 0x9CD1, 0xA4F1, 0xA4F1, 0xA4F1, 0x9CF0, 0x9CF1, 0xA4F1,
  0x9CD1, 0x9CD1, 0x9CF1, 0xA4F1, 0xA511, 0xA512, 0xA512, 0xA4F1, 0x9CD1, 0x94B1, 0x9490, 0x8C6F,
  0x842F, 0x7C0E, 0x7C0E, 0x7C0E, 0x7C0E, 0x7C0F, 0x7C0E, 0x7C0E, 0x7C2F, 0x7C0F, 0x7C0F, 0x7C0F,
  0x7C0F, 0x7C0E, 0x7C0F, 0x7C0F, 0x7C2F, 0x7C2F, 0x842F, 0x8450, 0x8450, 0x8C50, 0x8C70, 0x8C70,
  0x8C70, 0x9490, 0x8C90, 0x9490, 0x9490, 0x8C70, 0x9490, 0x94D1, 0x9CF2, 0x9CD1, 0x94B1, 0x94B0,
  0x8C90, 0x8C70, 0x8C6F, 0x8C4F, 0x8C4F, 0x8C6F, 0x8C70, 0x8C70, 0x8C4F, 0x946F, 0x9470, 0x8C70,
  0x842F, 0x842F, 0x8C4F, 0x842F, 0x840F, 0x7C0F, 0x7C0F, 0x7C2F, 0x740F, 0x73EE, 0x73EE, 0x7C0F,
  0x8450, 0x7C0F, 0x7C0F, 0x7C2F, 0x8470, 0x8C90, 0x8C90, 0x94D1, 0x9CD1, 0x9CF2, 0xA512, 0xA532,
  0xA512, 0xA4F2, 0xA4F1, 0x9CD1, 0xA4F1, 0x9CF1, 0x9CD1, 0x9CB0, 0x9CB0, 0x9490, 0x94B0, 0x94B0,
  0x94B0, 0x94B0, 0x9490, 0x9490, 0x8C70, 0x8C70, 0x8C70, 0x8C90, 0x9490, 0x9490, 0x94B1, 0x9490,
  0x9490, 0x9490, 0x9490, 0x8C90, 0x9490, 0x8C90, 0x94B0, 0x94B0, 0xF6D3, 0xF6F4, 0xF6F4, 0xF6D5,
  0xF6D4, 0xF6F4, 0xF6D4, 0xF6D4, 0xFED4, 0xF6B2, 0xEE92, 0xEE92, 0xEE72, 0xEE72, 0xEE73, 0xEE93,
  0xEE73, 0xEE93, 0xEE73, 0xE673, 0xE672, 0xEE52, 0xEE52, 0xEE72, 0xEE72, 0xEE52, 0xEE72, 0xEE93,
  0xF6B3, 0xF6B4, 0xF6B4, 0xEE93, 0xEE93, 0xEE93, 0xE653, 0xE652, 0xE653, 0xE653, 0xE673, 0xEE93,
  0xF6B4, 0xF6B4, 0xEE73, 0xE673, 0xE673, 0xE673, 0xDE53, 0xDE53, 0xDE53, 0xDE53, 0xDE53, 0xDE74,
  0xDE74, 0xE674, 0xE694, 0xE674, 0xE674, 0xE674, 0xE674, 0xEE95, 0xEE95, 0xEEB5, 0xF6D5, 0xEEB4,
  0xEE94, 0xE673, 0xE653, 0xE633, 0xDE33, 0xDE32, 0xDE12, 0xE653, 0xE673, 0xDE52, 0xDE52, 0xDE32,
  0xDE32, 0xE653, 0xE653, 0xE653, 0xE653, 0xDE33, 0xDE32, 0xDE33, 0xDE33, 0xE673, 0xE694, 0xEE94,
  0xEE94, 0xF6B5, 0xF6B5, 0xFED5, 0xFEF5, 0xFEF6, 0xFEF6, 0xFF37, 0xFF78, 0xFF78, 0xFF57, 0xFF16,
  0xFEF5, 0xFF15, 0xFEF5, 0xFED4, 0xF6B3, 0xEE93, 0xEE73, 0xE652, 0xE632, 0xDE12, 0xDE12, 0xDE32,
  0xDE33, 0xDE53, 0xDE53, 0xDE53, 0xF6F6, 0xFF57, 0xF6F6, 0xF6D5, 0xEEB4, 0xF695, 0xE673, 0xDE53,
  0xDE53, 0xD5F2, 0xCDD2, 0xCDB2, 0xCDD2, 0xCDD2, 0xCDF2, 0xCDD2, 0xCDD2, 0xC5B2, 0xCDB2, 0xDDF2,
  0xEE73, 0xF693, 0xF693, 0xEE73, 0xE652, 0xDE12, 0xD5D1, 0xCDB0, 0xC590, 0xC56F, 0xBD70, 0xBD50,
  0xB52F, 0xB50F, 0xB50F, 0xAD0F, 0xACEF, 0xACEF, 0xACCF, 0xA4CF, 0xA4CF, 0x9CB0, 0x9C8F, 0x9C90,
  0x94B0, 0x94B0, 0x9490, 0x9490, 0x9490, 0x9490, 0x8C90, 0x8C90, 0x8C90, 0x8C90, 0x8C90, 0x8C90,
  0x8C90, 0x94B0, 0x8C90, 0x94B0, 0x9490, 0x9490, 0x9490, 0x94B0, 0x94B0, 0x94B0, 0x94B0, 0x94B1,
  0x94B1, 0x94B1, 0x94B1, 0x94B0, 0x94B0, 0x94B1, 0x94B1, 0x94B1, 0x94B1, 0x94D1, 0x9CD1, 0x9CD0,
  0x9CD0, 0x9CD1, 0x9CF1, 0x9CF1, 0x9CF1, 0x9CF1, 0x9CF1, 0xA4F1, 0xA4F1, 0xA511, 0xA512, 0xA511,
  0xAD31, 0xAD52, 0xAD52, 0xAD32, 0xA4F1, 0x9CD0, 0x9CB0, 0x94B0, 0x8C6F, 0x8C4F, 0x8C4F, 0x8C4F,
  0x8C4F, 0x9470, 0x948F, 0x8C70, 0x8C50, 0x842F, 0x842F, 0x840F, 0x840F, 0x7C2F, 0x842F, 0x842F,
  0x842F, 0x8450, 0x8C4F, 0x8C4F, 0x8C70, 0x8C90, 0x9490, 0x94B1, 0x94B1, 0x9CB1, 0x94B1, 0x9CB1,
  0x9CD1, 0x9490, 0x94D1, 0x94B1, 0x94B1, 0x94B0, 0x9490, 0x8C70, 0x8C70, 0x8C70, 0x8C70, 0x8C6F,
  0x9490, 0x9490, 0x9490, 0x8C90, 0x8C70, 0x844F, 0x846F, 0x8C90, 0x9490, 0x9490, 0x94B0, 0x8C70,
  0x844F, 0x842F, 0x8450, 0x7C2F, 0x740F, 0x740F, 0x7BEF, 0x7C2F, 0x7C0F, 0x7C0F, 0x7C0F, 0x7C0F,
  0x7C0F, 0x7C2F, 0x8450, 0x8C91, 0x94B1, 0x9CF2, 0x9CF2, 0x9CF2, 0x9D12, 0x9D12, 0x9D12, 0x9CF1,
  0x9CF1, 0x9CF1, 0x9CD1, 0x94D1, 0x94B1, 0x94B0, 0x9490, 0x94B0, 0x94B1, 0x9CF1, 0x9CD1, 0x94B0,
  0x9490, 0x8C90, 0x8C70, 0x8C90, 0x9490, 0x9490, 0x94B1, 0x94B0, 0x94B0, 0x9490, 0x9491, 0x9491,
  0x8C90, 0x8CB0, 0x8CB0, 0x8CB1, 0xEE72, 0xEE92, 0xEE92, 0xEE92, 0xEE72, 0xEE72, 0xEE92, 0xEE72,
  0xEE72, 0xEE72, 0xE672, 0xEE72, 0xEE73, 0xF693, 0xF693, 0xF6B3, 0xF693, 0xF693, 0xEE93, 0xEE93,
  0xEE93, 0xF6B3, 0xF6D3, 0xF6D4, 0xFED4, 0xF6D4, 0xFED4, 0xFEF5, 0xFF15, 0xFEF4, 0xF6D4, 0xF6B4,
  0xEE93, 0xEE93, 0xEE93, 0xEEB3, 0xEE93, 0xEE73, 0xEE73, 0xEE94, 0xF6D5, 0xF6D5, 0xEE94, 0xE673,
  0xE653, 0xDE53, 0xDE33, 0xDE33, 0xDE33, 0xDE33, 0xDE54, 0xDE54, 0xDE74, 0xDE74, 0xDE74, 0xE694,
  0xEEF6, 0xEF57, 0xF737, 0xFF78, 0xFF57, 0xFF56, 0xFF36, 0xFF35, 0xFF15, 0xF6B4, 0xEE73, 0xE652,
  0xDE11, 0xDE12, 0xE632, 0xDE32, 0xDE53, 0xDE33, 0xDE12, 0xDE12, 0xDE52, 0xDE33, 0xE652, 0xDE53,
  0xDE53, 0xDE33, 0xDE12, 0xD612, 0xDE33, 0xE673, 0xE653, 0xE653, 0xEE73, 0xEE73, 0xE673, 0xE673,
  0xEE94, 0xF6D5, 0xF6D5, 0xF6D5, 0xF6D5, 0xF6D5, 0xF6D5, 0xF6D5, 0xFEF5, 0xFF36, 0xFF36, 0xFEF5,
  0xF6D4, 0xF693, 0xEE73, 0xE652, 0xE632, 0xE632, 0xE632, 0xE632, 0xDE12, 0xDE12, 0xDE32, 0xE674,
  0xF6F6, 0xFEF5, 0xF6D4, 0xEE94, 0xE653, 0xDE12, 0xD5F2, 0xCDD2, 0xC5B1, 0xC592, 0xBD91, 0xBD71,
  0xB571, 0xBD71, 0xBD91, 0xBD92, 0xBD92, 0xBD72, 0xC592, 0xCDD2, 0xCDD2, 0xD5D1, 0xD5F1, 0xD5F1,
  0xCDB1, 0xCDB1, 0xC570, 0xC570, 0xBD4F, 0xB52F, 0xB50F, 0xB50F, 0xACEF, 0xACEF, 0xA4CF, 0xA4CF,
  0xA4CF, 0xA4EF, 0xA4CF, 0xA4CF, 0x9CCF, 0x9CB0, 0x9CB0, 0x9CB0, 0x94B0, 0x94B0, 0x94B0, 0x94B0,
  0x94B0, 0x9490, 0x9490, 0x9490, 0x94B0, 0x94B0, 0x94B0, 0x94B0, 0x94B0, 0x94D1, 0x94D1, 0x9CD1,
  0x9CD1, 0x9CD1, 0x9CF1, 0x9CF2, 0x9CF1, 0x9CF1, 0x9CF1, 0x9CF2, 0x9CF2, 0x9CF2, 0x9CF1, 0x9CF1,
  0x9CF1, 0x9CF2, 0x9CF2, 0x9CF1, 0x9CF1, 0x9CF1, 0x9CF1, 0x9CF1, 0x9CF1, 0xA4F2, 0xA512, 0xA512,
  0x9D12, 0x9D12, 0xA512, 0xA512, 0xA532, 0xAD32, 0xAD32, 0xAD11, 0xAD11, 0xAD11, 0xAD11, 0xAD11,
  0xA4F0, 0x9CB0, 0x9CB0, 0x94B0, 0x94B0, 0x94B0, 0x9490, 0x94AF, 0x9CD0, 0xA4F0, 0x9CD0, 0x9490,
  0x9470, 0x946F, 0x8C4F, 0x8C4F, 0x8C4F, 0x8C50, 0x8C70, 0x8C6F, 0x8C4F, 0x8C4F, 0x8C70, 0x8C90,
  0x8C90, 0x94B0, 0x94D0, 0x9CD0, 0x9CD1, 0x9CB0, 0x94B0, 0x9490, 0x9490, 0x94B0, 0x94B0, 0x9CD0,
  0x9CB0, 0x9CB0, 0x9CB1, 0x9490, 0x8C70, 0x9490, 0x8C70, 0x8C70, 0x9490, 0x94B0, 0x9490, 0x8C90,
  0x8C90, 0x8470, 0x8470, 0x8C90, 0x9490, 0x9470, 0x8C70, 0x8C70, 0x844F, 0x8450, 0x8450, 0x8450,
  0x8450, 0x8450, 0x8430, 0x8430, 0x8430, 0x7C2F, 0x8C70, 0x8450, 0x8430, 0x8430, 0x8470, 0x8C70,
  0x8C70, 0x8C91, 0x94B1, 0x94B1, 0x94D1, 0x94D1, 0x94D1, 0x8CB1, 0x8C90, 0x8C70, 0x8C70, 0x8C70,
  0x8C90, 0x8CB0, 0x8C90, 0x94B1, 0x94D1, 0x94D1, 0x94B1, 0x94B1, 0x8C90, 0x8C70, 0x8C70, 0x8C91,
  0x8C91, 0x8CB0, 0x8CB1, 0x8CB1, 0x8CB1, 0x8C90, 0x8C90, 0x8C90, 0x8CB1, 0x8CB1, 0x8CB1, 0x8CD1,
  0xE652, 0xE672, 0xE672, 0xE672, 0xE672, 0xE651, 0xE651, 0xE651, 0xE652, 0xE652, 0xE652, 0xE652,
  0xEE72, 0xEE93, 0xF6B4, 0xFED4, 0xFED4, 0xFEF4, 0xF6B3, 0xEE93, 0xEE93, 0xF6B3, 0xFED4, 0xFEF4,
  0xFEF4, 0xFEF4, 0xFEF5, 0xFF15, 0xFF36, 0xFF36, 0xFF15, 0xFEF5, 0xF6B4, 0xF693, 0xF6B4, 0xFF15,
  0xFEF5, 0xF6B4, 0xEE94, 0xEE94, 0xEE94, 0xEE94, 0xE673, 0xE673, 0xDE53, 0xDE53, 0xDE33, 0xDE33,
  0xDE33, 0xDE54, 0xDE54, 0xDE74, 0xE674, 0xE674, 0xE694, 0xF716, 0xFFB9, 0xFFFA, 0xFFFA, 0xF798,
  0xF757, 0xFF36, 0xFF15, 0xFEF5, 0xFEF5, 0xF6D4, 0xF693, 0xEE93, 0xEE52, 0xE632, 0xDE12, 0xDE12,
  0xDE12, 0xD612, 0xD5F1, 0xD5F1, 0xD5F1, 0xD612, 0xDE32, 0xDE12, 0xDE12, 0xDE12, 0xD612, 0xD5F2,
  0xDE12, 0xDE32, 0xDE33, 0xE653, 0xE653, 0xE653, 0xDE53, 0xDE33, 0xDE53, 0xDE53, 0xE673, 0xE673,
  0xE673, 0xEE94, 0xF6B4, 0xF6D5, 0xFF16, 0xFF16, 0xFEF5, 0xFEF5, 0xFED4, 0xF693, 0xEE93, 0xEE73,
  0xEE73, 0xEE93, 0xEE73, 0xEE52, 0xE632, 0xDDF1, 0xDE12, 0xDE12, 0xDE32, 0xDE12, 0xDE12, 0xDE12,
  0xD5F2, 0xD5F1, 0xCDB2, 0xC5B1, 0xC591, 0xBD71, 0xBD71, 0xB550, 0xB550, 0xB530, 0xB550, 0xB551,
  0xB551, 0xB551, 0xBD71, 0xBD71, 0xBD71, 0xC571, 0xC590, 0xC570, 0xBD70, 0xBD50, 0xB550, 0xB530,
  0xB530, 0xAD0F, 0xACEF, 0xA4CF, 0xA4CF, 0xA4CF, 0xA4AF, 0x9CCF, 0x9CCF, 0x9CCF, 0xA4CF, 0x9CD0,
  0x9CD0, 0x9CB0, 0x9CB0, 0x9CD0, 0x9CB0, 0x9CB0, 0x94D0, 0x94B0, 0x94B0, 0x94B0, 0x94B0, 0x94B0,
  0x94B0, 0x94B1, 0x94D1, 0x94D1, 0x94D1, 0x94D1, 0x9CF1, 0x9D12, 0xA512, 0xA533, 0xA532, 0xA512,
  0xA512, 0xA512, 0xA512, 0xA512, 0xA512, 0xA512, 0x9D12, 0xA512, 0xA512, 0xA512, 0xA532, 0xA512,
  0xA532, 0xA512, 0xA532, 0xA532, 0xAD53, 0xAD53, 0xAD33, 0xAD33, 0xA532, 0xA532, 0xAD32, 0xAD32,
  0xAD12, 0xAD12, 0xA511, 0xA511, 0xAD11, 0xAD12, 0xAD32, 0xAD31, 0xAD31, 0xA4F1, 0xA4F1, 0xA4F1,
  0x9CD0, 0x9CD0, 0x9CD0, 0x9CF0, 0xA4F0, 0xA4D0, 0x9CD0, 0x9CB0, 0x9CB0, 0x9CB0, 0x9CB0, 0x9CB0,
  0x94B0, 0x9490, 0x9490, 0x9490, 0x9490, 0x948F, 0x8C70, 0x8C90, 0x94B0, 0x94B0, 0x9CD0, 0x9CF1,
  0xA4F1, 0x9CD0, 0x9CB0, 0x94B0, 0x9490, 0x9CB0, 0x9CD1, 0x9CB0, 0x94B0, 0x94B1, 0x94B0, 0x9490,
  0x9490, 0x94B0, 0x9490, 0x94B0, 0x9490, 0x9490, 0x8C70, 0x8C70, 0x8C70, 0x8470, 0x8C50, 0x8C50,
  0x8C70, 0x8C50, 0x8C4F, 0x8C70, 0x844F, 0x842F, 0x7C2F, 0x842F, 0x842F, 0x8430, 0x8430, 0x8430,
  0x8430, 0x842F, 0x842F, 0x8430, 0x8430, 0x7C10, 0x7C0F, 0x7C2F, 0x7C2F, 0x7C2F, 0x7C30, 0x7C30,
  0x8430, 0x8470, 0x8470, 0x8450, 0x8450, 0x8450, 0x8450, 0x8470, 0x8C90, 0x8C90, 0x8C90, 0x8C90,
  0x94B1, 0x94B1, 0x94B1, 0x94B1, 0x94B1, 0x94B1, 0x8C90, 0x8C70, 0x94B1, 0x8CB0, 0x8C91, 0x8CB2,
  0x8CB1, 0x8CB0, 0x94B0, 0x94B0, 0x94B1, 0x94B1, 0x94D1, 0x9CF1, 0xE651, 0xDE31, 0xDE31, 0xE651,
  0xE651, 0xE631, 0xDE31, 0xDE31, 0xE631, 0xE652, 0xE652, 0xDE52, 0xE652, 0xE672, 0xEE93, 0xEE93,
  0xF6B3, 0xF6B3, 0xEE93, 0xEE92, 0xEE73, 0xEE93, 0xF6B4, 0xF694, 0xF6B4, 0xF6B4, 0xF6B4, 0xF6B4,
  0xF6D4, 0xF6D5, 0xF6D5, 0xF6B4, 0xFED4, 0xFED5, 0xF6B5, 0xF6B5, 0xF6B5, 0xEEB4, 0xEE94, 0xE673,
  0xE673, 0xE673, 0xDE53, 0xDE53, 0xDE53, 0xDE33, 0xDE33, 0xDE53, 0xDE53, 0xDE54, 0xE674, 0xE695,
  0xF6F6, 0xF6F6, 0xF717, 0xFF98, 0xFFDA, 0xF7DA, 0xF7D9, 0xF7B8, 0xFF98, 0xFF56, 0xFF36, 0xFF15,
  0xFEF5, 0xF6B4, 0xF694, 0xF693, 0xEE93, 0xE652, 0xE632, 0xE632, 0xDE12, 0xDE12, 0xD5F2, 0xD5F2,
  0xD5F2, 0xD5F2, 0xD5F2, 0xD5F2, 0xCDF2, 0xCDF2, 0xD5F2, 0xD5F2, 0xD5F2, 0xD612, 0xDE32, 0xDE53,
  0xE653, 0xE673, 0xDE53, 0xDE33, 0xDE32, 0xDE33, 0xDE53, 0xDE53, 0xE674, 0xE694, 0xEE95, 0xEE95,
  0xEE95, 0xEE94, 0xEE94, 0xF694, 0xF694, 0xF6B4, 0xFED5, 0xF6B4, 0xF694, 0xF694, 0xEE73, 0xE632,
  0xE632, 0xDE12, 0xD5F1, 0xD5D1, 0xD5D1, 0xD5D1, 0xCDD1, 0xCDD2, 0xCDD1, 0xCDB1, 0xC5B1, 0xC591,
  0xBD71, 0xBD71, 0xB550, 0xB550, 0xB530, 0xAD30, 0xB530, 0xB530, 0xB530, 0xAD30, 0xB550, 0xB550,
  0xB550, 0xBD70, 0xBD70, 0xBD50, 0xBD70, 0xB550, 0xB530, 0xB510, 0xAD0F, 0xACEF, 0xA4EF, 0xA4CF,
  0xA4CF, 0x9CCF, 0x9CCF, 0x9CCF, 0x9CCF, 0x9CCF, 0x9CAF, 0x9CD0, 0x9CD0, 0x9CD0, 0x9CD0, 0x9CD0,
  0x9CD0, 0x9CD0, 0x9CD1, 0x94D0, 0x94B0, 0x94B0, 0x94B0, 0x94B0, 0x94D1, 0x9CD1, 0x9CD1, 0x9CD1,
  0x9CF1, 0x9CD1, 0x9CF1, 0x9CF2, 0xA532, 0xAD53, 0xAD33, 0xAD33, 0xAD33, 0xA532, 0xA532, 0xA532,
  0xA512, 0xA512, 0xA512, 0xA512, 0xA532, 0xAD53, 0xAD53, 0xAD53, 0xAD73, 0xAD73, 0xAD53, 0xB574,
  0xB594, 0xAD93, 0xAD73, 0xAD73, 0xB573, 0xBD93, 0xB572, 0xB552, 0xB532, 0xAD32, 0xAD52, 0xAD32,
  0xAD32, 0xAD32, 0xAD32, 0xAD32, 0xAD52, 0xB532, 0xB552, 0xB552, 0xAD32, 0xAD31, 0xAD12, 0xAD32,
  0xAD11, 0xAD11, 0xA4F1, 0xA4F0, 0xA4F0, 0xAD11, 0xAD11, 0xAD11, 0xA4F1, 0xAD10, 0xAD11, 0xA4D0,
  0x9CD0, 0x9CB1, 0x94B0, 0x9CB0, 0x9CD0, 0xA4D0, 0x9CB0, 0x9CB0, 0xA4F1, 0xA4F1, 0x9CD1, 0x9CB0,
  0x94B0, 0x9CD1, 0x9CD1, 0x94B0, 0x9490, 0x8C90, 0x94B0, 0x9490, 0x9490, 0x94B0, 0x94B0, 0x94B0,
  0x8C70, 0x9490, 0x9490, 0x8C90, 0x8C70, 0x844F, 0x844F, 0x8C70, 0x8C70, 0x8C50, 0x8C4F, 0x844F,
  0x840F, 0x840F, 0x7C0F, 0x7C0F, 0x7C0F, 0x7C0F, 0x7C0F, 0x7C0F, 0x7BEF, 0x7BEF, 0x7BEF, 0x73EF,
  0x73EF, 0x73CF, 0x73EF, 0x73EF, 0x73EF, 0x73EF, 0x73EF, 0x740F, 0x7C0F, 0x7C0F, 0x7C0F, 0x7C0F,
  0x7C50, 0x8470, 0x8490, 0x8CB1, 0x8CB1, 0x8CB1, 0x8CB1, 0x8CB1, 0x8C90, 0x8C91, 0x8C91, 0x9490,
  0x94B1, 0x9CD1, 0x9CD1, 0x9CD1, 0x9CD1, 0x94D1, 0x94D1, 0x94B1, 0x94B1, 0x9CF1, 0xA4F1, 0xA4D1,
  0xA4D1, 0x9CD1, 0x9CF1, 0xA4D1, 0xDE10, 0xDE30, 0xDE11, 0xDE31, 0xDE31, 0xDE31, 0xDE31, 0xDE31,
  0xE632, 0xE632, 0xDE52, 0xDE52, 0xE652, 0xE652, 0xE652, 0xE652, 0xE652, 0xE652, 0xE673, 0xE673,
  0xEE73, 0xEE73, 0xEE73, 0xE673, 0xEE73, 0xF6B4, 0xF6D4, 0xEE94, 0xEE94, 0xEE94, 0xEEB5, 0xF6D5,
  0xF6B4, 0xEE94, 0xEE74, 0xEE53, 0xE653, 0xE653, 0xE653, 0xE653, 0xDE53, 0xDE53, 0xDE53, 0xDE53,
  0xDE53, 0xDE53, 0xDE54, 0xDE74, 0xDE54, 0xE674, 0xEED5, 0xFF16, 0xFF57, 0xFF77, 0xFF98, 0xFFD9,
  0xFFDA, 0xF7DA, 0xF7B8, 0xF797, 0xFF77, 0xFF36, 0xFF36, 0xFF16, 0xFF15, 0xFED4, 0xF6B4, 0xEE93,
  0xEE73, 0xEE52, 0xE652, 0xE652, 0xDE32, 0xD612, 0xD5F2, 0xD5F2, 0xD5F2, 0xD5F2, 0xD5F2, 0xCDD2,
  0xCDD2, 0xCDD2, 0xCDF2, 0xCDD2, 0xCDF2, 0xD612, 0xD613, 0xD613, 0xDE33, 0xDE33, 0xDE33, 0xD633,
  0xD633, 0xD633, 0xDE53, 0xDE53, 0xDE54, 0xDE54, 0xDE54, 0xDE33, 0xDE33, 0xDE33, 0xE654, 0xEE94,
  0xEE94, 0xEE94, 0xF694, 0xEE94, 0xEE73, 0xEE73, 0xEE52, 0xE632, 0xDE12, 0xDE12, 0xDDF1, 0xD5F1,
  0xD5D1, 0xCDD1, 0xCDB1, 0xCDB1, 0xC5B1, 0xC591, 0xC591, 0xBD91, 0xBD71, 0xBD71, 0xB550, 0xB550,
  0xB530, 0xB530, 0xAD10, 0xAD10, 0xAD30, 0xAD30, 0xAD30, 0xB530, 0xB550, 0xB550, 0xBD51, 0xBD51,
  0xBD71, 0xBD71, 0xB550, 0xB530, 0xAD30, 0xAD10, 0xACF0, 0xA4F0, 0xA4CF, 0xA4CF, 0x9CCF, 0xA4CF,
  0x9CCF, 0x9CD0, 0x9CD0, 0x9CD0, 0x9CD0, 0x9CD0, 0x9CD0, 0x9CD0, 0x9CD0, 0x9CD0, 0x9CD1, 0x9CD1,
  0x9CD1, 0x9CD1, 0x9CD1, 0x9CD1, 0x9CD1, 0x9CD1, 0x9CD1, 0x9CF2, 0x9CF2, 0x9CF2, 0x9CF2, 0xA512,
  0xA532, 0xA553, 0xAD33, 0xAD33, 0xAD53, 0xA553, 0xA553, 0xA553, 0xAD53, 0xA553, 0xAD53, 0xAD53,
  0xAD53, 0xAD74, 0xAD94, 0xB594, 0xB594, 0xB594, 0xB594, 0xB594, 0xB594, 0xADB4, 0xAD93, 0xB594,
  0xBD93, 0xBD94, 0xC5B3, 0xBD93, 0xB573, 0xB552, 0xAD32, 0xAD32, 0xAD11, 0xAD32, 0xAD12, 0xA511,
  0xAD11, 0xAD11, 0xAD32, 0xAD32, 0xAD52, 0xB552, 0xB573, 0xB593, 0xB573, 0xB573, 0xB573, 0xB572,
  0xBD72, 0xBD72, 0xBD52, 0xBD72, 0xBD72, 0xBD71, 0xBD71, 0xAD11, 0xACF1, 0xACF1, 0xA4F0, 0xA4F0,
  0xA4F1, 0xACF1, 0xA4B0, 0xA4B0, 0xA4F1, 0xA4D0, 0x9CB0, 0x9CB0, 0x94B0, 0x9C90, 0x9490, 0x9490,
  0x8C90, 0x8C90, 0x8C90, 0x8C6F, 0x8C4F, 0x8C6F, 0x9490, 0x8C70, 0x8C6F, 0x9490, 0x94B0, 0x8C90,
  0x8C70, 0x8C70, 0x8C50, 0x8C4F, 0x8C4F, 0x842F, 0x842F, 0x842F, 0x842F, 0x7C0F, 0x7BEF, 0x73EE,
  0x73EE, 0x73EE, 0x73CE, 0x73AE, 0x73AE, 0x73AE, 0x6BAE, 0x6BAE, 0x6BAE, 0x6BAE, 0x6BCF, 0x6BCF,
  0x6BCF, 0x6BCF, 0x6BEF, 0x73EF, 0x7C0F, 0x7C2F, 0x7C30, 0x8450, 0x8471, 0x8CB1, 0x8CB1, 0x8CD2,
  0x8CD2, 0x8CB1, 0x8CB1, 0x8CB1, 0x8CB1, 0x94B1, 0x94B2, 0x94D1, 0x94D1, 0x9CF1, 0x9CD1, 0x9CD1,
  0x9CD1, 0x9CF1, 0x9CD1, 0x9CD1, 0xA4D1, 0xA4F1, 0xA4F0, 0xA4D0, 0xA4D0, 0xA4D0, 0xA4D0, 0xA4D0,
  0xDE10, 0xDE10, 0xDE10, 0xDE11, 0xDE31, 0xDE31, 0xDE31, 0xDE31, 0xDE31, 0xDE32, 0xDE32, 0xE652,
  0xE652, 0xE652, 0xEE52, 0xEE53, 0xEE73, 0xEE73, 0xEE73, 0xEE73, 0xE673, 0xE673, 0xE652, 0xE652,
  0xE652, 0xCDB0, 0xD5F1, 0xF6F5, 0xFED5, 0xF6B5, 0xD5D1, 0xACAD, 0xD612, 0xEED5, 0xDE32, 0xD5D1,
  0xE653, 0xE673, 0xE674, 0xE674, 0xDE54, 0xDE53, 0xDE54, 0xD633, 0xD613, 0xDE54, 0xDE54, 0xDE74,
  0xE694, 0xEEB5, 0xEE94, 0xFF36, 0xFF36, 0xFF16, 0xF737, 0xF737, 0xEF16, 0xF736, 0xFF57, 0xFF36,
  0xFF16, 0xFF15, 0xFF35, 0xFF15, 0xFEF5, 0xF6B4, 0xF6D4, 0xF693, 0xE652, 0xDE32, 0xDE32, 0xDE32,
  0xD612, 0xD5F2, 0xD613, 0xD5F2, 0xCDD2, 0xCDD2, 0xCDD2, 0xCDD2, 0xCDD2, 0xCDD2, 0xC5B2, 0xCDB2,
  0xCDD3, 0xCDF3, 0xCDF3, 0xCDD2, 0xCDF2, 0xCDF2, 0xCDF3, 0xD613, 0xD613, 0xD613, 0xD634, 0xD634,
  0xD613, 0xD633, 0xD613, 0xD614, 0xD613, 0xD613, 0xDE33, 0xDE33, 0xDE53, 0xE653, 0xE633, 0xEE53,
  0xEE53, 0xEE73, 0xEE53, 0xE632, 0xDE32, 0xDE12, 0xDE12, 0xD5F1, 0xD5D1, 0xCDB1, 0xCDB1, 0xC591,
  0xC591, 0xC570, 0xBD70, 0xBD70, 0xBD50, 0xBD50, 0xB530, 0xB530, 0xB530, 0xB530, 0xB530, 0xB531,
  0xB531, 0xAD30, 0xB530, 0xB530, 0xB550, 0xBD50, 0xB551, 0xB551, 0xBD71, 0xBD71, 0xBD50, 0xBD50,
  0xB550, 0xB530, 0xAD10, 0xACEF, 0xA4CF, 0xA4D0, 0xA4CF, 0xA4D0, 0xA4F0, 0xA4F0, 0xA4D0, 0xA4D0,
  0x9CD0, 0x9CB0, 0x9CB0, 0x9CB0, 0x9CD1, 0x9CD1, 0x9CF1, 0x9CF1, 0x9CF2, 0x9CF1, 0x9CF1, 0x9CF2,
  0x9CF2, 0x9CF2, 0xA4F2, 0xA512, 0xA513, 0xA533, 0xA513, 0xA533, 0xA533, 0xA553, 0xAD33, 0xAD33,
  0xAD53, 0xAD53, 0xAD73, 0xAD74, 0xAD74, 0xB594, 0xAD94, 0xAD94, 0xAD94, 0xAD94, 0xAD94, 0xAD94,
  0xAD94, 0xB594, 0xB5D5, 0xBDD5, 0xB5B4, 0xADB4, 0xAD94, 0xAD73, 0xAD73, 0xB573, 0xB573, 0xAD53,
  0xAD32, 0xAD32, 0xAD32, 0xAD32, 0xAD11, 0xAD11, 0xAD12, 0xA4F2, 0xAD12, 0xAD32, 0xAD52, 0xAD32,
  0xAD52, 0xAD53, 0xB573, 0xB573, 0xAD73, 0xB593, 0xB593, 0xBDB3, 0xC593, 0xCDB3, 0xCDB3, 0xCDD2,
  0xCDB2, 0xC591, 0xBD71, 0xBD51, 0xBD52, 0xBD52, 0xB552, 0xACF0, 0xA4D0, 0xA4D0, 0x9CD0, 0xA4F1,
  0xA4F1, 0xA4D1, 0xA4D0, 0x9CD0, 0x9CD0, 0x94B0, 0x9490, 0x8C90, 0x8C70, 0x8C90, 0x8C70, 0x8C70,
  0x8C4F, 0x8C6F, 0x8C70, 0x8C90, 0x9490, 0x9490, 0x8C90, 0x8C70, 0x8C6F, 0x8C70, 0x8C70, 0x8C70,
  0x8C70, 0x8C4F, 0x844F, 0x844F, 0x844F, 0x842F, 0x7C0F, 0x73EE, 0x73EE, 0x73CE, 0x6BAE, 0x6BAE,
  0x6BAE, 0x6BAE, 0x6B8E, 0x638E, 0x63AE, 0x63AE, 0x6BAE, 0x6BCF, 0x6BCF, 0x73EF, 0x740F, 0x7C30,
  0x7C2F, 0x7C30, 0x7C50, 0x7C2F, 0x7C30, 0x8470, 0x8CB1, 0x8CB1, 0x8491, 0x8C91, 0x8CB1, 0x94D2,
  0x94F2, 0x94F2, 0x9CF2, 0x94F2, 0x94F2, 0x9CF2, 0x9CF1, 0x9CD1, 0xA4F1, 0xA511, 0xAD11, 0xAD11,
  0xAD31, 0xB511, 0xB510, 0xB511, 0xAD10, 0xACF0, 0xACF0, 0xACF1, 0xD5EF, 0xD5F0, 0xD5F0, 0xDE11,
  0xDE31, 0xDE31, 0xDE31, 0xDE32, 0xDE32, 0xDE52, 0xE652, 0xEE73, 0xEE73, 0xEE93, 0xEE73, 0xEE94,
  0xEE94, 0xF694, 0xEE94, 0xEE94, 0xEE94, 0xEEB3, 0xEEB3, 0xF6B3, 0xD5D0, 0xBD2D, 0xCDB0, 0xD5D1,
  0xDDF2, 0xE653, 0xA44C, 0x93EA, 0xA48D, 0x942B, 0x9C0A, 0xD5F1, 0xDDF1, 0xBD0E, 0xE674, 0xDE12,
  0xDE33, 0xDE33, 0xD633, 0xC5B1, 0x9C6C, 0xDE74, 0xDE75, 0xDE74, 0xEEB5, 0xE695, 0xA46C, 0xC52E,
  0xF6B4, 0xFEF5, 0xE653, 0xD5F1, 0xC56F, 0xBCED, 0xEE73, 0xFED5, 0xF6D4, 0xF6D4, 0xF6D4, 0xF6D4,
  0xF6D4, 0xF6D5, 0xDE12, 0xD5D1, 0xE652, 0xD5F2, 0xD5F2, 0xD5F2, 0xCDF2, 0xCE13, 0xB530, 0xBD91,
  0xCDF3, 0xCDD2, 0xC5D2, 0xCDD3, 0xC5D3, 0xCDD3, 0xCDF3, 0xCDD3, 0xC5B2, 0xC5B2, 0xC5B2, 0xC5D3,
  0xC5D3, 0xCDD3, 0xC5D3, 0xC5D3, 0xCE35, 0xD655, 0xCDF3, 0xCE13, 0xCE13, 0xCDF3, 0xCDF3, 0xCDF3,
  0xCDF3, 0xD613, 0xD633, 0xD633, 0xDE53, 0xDE53, 0xE653, 0xE653, 0xE653, 0xE653, 0xE632, 0xE632,
  0xE632, 0xDE12, 0xDE12, 0xD611, 0xD5F1, 0xCDD1, 0xCDB1, 0xCDB1, 0xC590, 0xC590, 0xC570, 0xBD70,
  0xBD50, 0xBD50, 0xB530, 0xB530, 0xB550, 0xB530, 0xB531, 0xB531, 0xB531, 0xB531, 0xB531, 0xBD51,
  0xBD51, 0xBD71, 0xBD71, 0xBD71, 0xC571, 0xC591, 0xC591, 0xC591, 0xBD71, 0xBD50, 0xB52F, 0xB50F,
  0xACEF, 0xACF0, 0xACF0, 0xACF0, 0xA4F0, 0xA4F0, 0xA4F0, 0xA4F0, 0xA4D0, 0x9CD0, 0x9CD1, 0x9CD1,
  0x9CF1, 0x9CF1, 0x9CF2, 0x9D12, 0x9D12, 0x9D12, 0x9D12, 0xA512, 0xA532, 0xA533, 0xA533, 0xA533,
  0xA533, 0xAD53, 0xA533, 0xA553, 0xAD53, 0xAD53, 0xAD53, 0xAD74, 0xB574, 0xB594, 0xB594, 0xB5B4,
  0xB5B4, 0xB594, 0xAD94, 0xAD94, 0xAD94, 0xAD94, 0xAD74, 0xA573, 0xAD73, 0xAD94, 0xAD94, 0xB5B4,
  0xB594, 0xAD94, 0xAD74, 0xA553, 0xA553, 0xA533, 0xA533, 0xA533, 0xA533, 0xAD32, 0xAD32, 0xAD52,
  0xAD32, 0xA512, 0xA512, 0xAD12, 0xAD33, 0xB573, 0xB553, 0xAD32, 0xA532, 0xA512, 0xAD31, 0xAD52,
  0xAD73, 0xAD93, 0xB5B3, 0xBDB3, 0xC593, 0xCDB3, 0xCD92, 0xC591, 0xC591, 0xC571, 0xBD71, 0xBD71,
  0xBD72, 0xB531, 0xB531, 0xAD11, 0xA4D0, 0x9CB0, 0x94B0, 0x9CB0, 0x9CB0, 0x9CD0, 0x9CD0, 0x9CB0,
  0x94B0, 0x94B0, 0x94B0, 0x9490, 0x9490, 0x9490, 0x9490, 0x8C70, 0x8C70, 0x8C6F, 0x8C90, 0x9490,
  0x9490, 0x94B0, 0x9490, 0x8C90, 0x8C90, 0x8C90, 0x8C90, 0x8C70, 0x8C70, 0x8C50, 0x8C4F, 0x8C6F,
  0x844F, 0x842F, 0x7C0F, 0x7C0F, 0x740F, 0x740F, 0x73EE, 0x6BCE, 0x6BAE, 0x6BAE, 0x6B8E, 0x6B8E,
  0x6B8E, 0x6BAE, 0x6B8E, 0x6BAE, 0x6BAE, 0x73EF, 0x73EF, 0x7C0F, 0x7C30, 0x7C2F, 0x7C30, 0x7C30,
  0x7C50, 0x7C50, 0x8491, 0x8491, 0x8491, 0x8CD1, 0x94F2, 0x94F3, 0x9D13, 0x9D13, 0x9D13, 0x9D13,
  0x9513, 0x9D12, 0x9CF2, 0xA4F2, 0xA512, 0xA512, 0xAD32, 0xAD31, 0xAD31, 0xB531, 0xAD31, 0xB531,
  0xAD31, 0xAD31, 0xAD31, 0xAD31, 0xD5CF, 0xD5EF, 0xD5D0, 0xD5F0, 0xD611, 0xDE11, 0xDE12, 0xDE32,
  0xE672, 0xEE92, 0xF6D4, 0xF6B4, 0xEE93, 0xEE93, 0xF693, 0xF6B4, 0xF6F5, 0xF6B4, 0xFEF5, 0xDE11,
  0xD5D1, 0xEEB3, 0xB4CC, 0xDE11, 0xE651, 0xC54D, 0xEE93, 0xA46B, 0x7327, 0x83A9, 0x7B48, 0xA44C,
  0xACAD, 0x7328, 0x940C, 0xB4CE, 0xE633, 0xC570, 0xCD90, 0xA46C, 0x9C2B, 0xDE33, 0xBDB2, 0x946D,
  0x7BAA, 0x9CAF, 0x738A, 0x840C, 0x8C2C, 0x7BCB, 0x7B8A, 0x72E7, 0xB4EE, 0xEED6, 0xACCE, 0xA48D,
  0xBD50, 0xACAD, 0xD5D1, 0xCD8F, 0xDE12, 0xF6D4, 0xF6B4, 0xEE93, 0xCDD0, 0xCE13, 0x7349, 0x7B69,
  0xCDB1, 0xD5F2, 0xD5F2, 0xD613, 0xD613, 0xCDF3, 0x736A, 0x944D, 0xD613, 0xD613, 0xCDF4, 0xC5D3,
  0xB572, 0x8C0E, 0x8C0D, 0xACEF, 0xCDD2, 0xC591, 0xC5B2, 0xC5D3, 0xC5F3, 0xC5D3, 0xC5D3, 0xBDF4,
  0x7BED, 0x7C0E, 0x83CC, 0xAD10, 0xC5D3, 0xC5B3, 0xCDF4, 0xD634, 0xCE13, 0xD5F3, 0xD613, 0xD613,
  0xD633, 0xDE33, 0xDE33, 0xDE53, 0xE653, 0xE653, 0xE652, 0xEE52, 0xEE33, 0xEE33, 0xE653, 0xE652,
  0xDE12, 0xD5F1, 0xD5F1, 0xCDD1, 0xCDD1, 0xC590, 0xC590, 0xC590, 0xBD71, 0xBD51, 0xBD51, 0xB551,
  0xB550, 0xB551, 0xB531, 0xB531, 0xB530, 0xB531, 0xB551, 0xBD51, 0xC571, 0xC592, 0xC591, 0xC591,
  0xC591, 0xC571, 0xC571, 0xC571, 0xBD70, 0xBD30, 0xB530, 0xB510, 0xACEF, 0xAD10, 0xAD10, 0xAD10,
  0xACF0, 0xACF0, 0xA4F0, 0xA4F0, 0xA4F0, 0xA4F1, 0xA4F1, 0xA511, 0xA512, 0xA512, 0xA512, 0xA512,
  0xA512, 0xA532, 0xA532, 0xA532, 0xA533, 0xA553, 0xA533, 0xA553, 0xAD73, 0xAD94, 0xB5B4, 0xB5B4,
  0xB594, 0xBDB5, 0xB594, 0xB5B5, 0xB5B5, 0xBDF5, 0xBDF5, 0xB5B5, 0xB5B4, 0xB5B5, 0xAD94, 0xAD94,
  0xAD94, 0xAD74, 0xA573, 0xAD54, 0xAD54, 0xA594, 0xA594, 0xAD94, 0xAD74, 0xAD94, 0xA554, 0xA554,
  0xA554, 0xA554, 0xAD73, 0xA553, 0xAD74, 0xAD54, 0xAD53, 0xAD53, 0xAD53, 0xAD53, 0xAD53, 0xAD53,
  0xAD53, 0xAD52, 0xAD52, 0xAD52, 0xAD52, 0xA532, 0xAD32, 0xAD52, 0xAD52, 0xAD52, 0xB572, 0xBD72,
  0xBD72, 0xBD72, 0xBD51, 0xB531, 0xBD51, 0xBD51, 0xB531, 0xB531, 0xAD11, 0xACF0, 0xA4D0, 0xA4D0,
  0x9CD0, 0x9CB0, 0x9CB1, 0x9CD0, 0x9CB0, 0x94B0, 0x9490, 0x8C90, 0x8C90, 0x8C90, 0x9490, 0x9490,
  0x9490, 0x9490, 0x9490, 0x9490, 0x9490, 0x94B0, 0x94B0, 0x94B0, 0x94B0, 0x9CD1, 0x9CD1, 0x94B1,
  0x94B1, 0x94B0, 0x94B0, 0x8C70, 0x8C70, 0x8C50, 0x8C70, 0x8C70, 0x8C70, 0x844F, 0x844F, 0x844F,
  0x7C2F, 0x7C2F, 0x740F, 0x73EF, 0x73CE, 0x6BAE, 0x6BAE, 0x6BAE, 0x6BAE, 0x6BAE, 0x6BAE, 0x6BAE,
  0x6BAE, 0x6BCE, 0x73CF, 0x73EF, 0x740F, 0x740F, 0x7C50, 0x8491, 0x8CB1, 0x8CD2, 0x8CD2, 0x8CD2,
  0x94F2, 0x94F3, 0x94F3, 0x9D13, 0x9D13, 0x9D33, 0x9D33, 0x9D13, 0x9D13, 0x9D13, 0x9D12, 0xA512,
  0xA533, 0xA532, 0xA532, 0xAD12, 0xAD32, 0xAD32, 0xA533, 0xAD32, 0xAD32, 0xAD32, 0xAD53, 0xAD52,
  0xD5CF, 0xD5D0, 0xD5D0, 0xD5F0, 0xD611, 0xDE11, 0xDE11, 0xE652, 0xE652, 0xF6B3, 0xFF56, 0xFF77,
  0xFF15, 0xFF15, 0xFEF4, 0xE673, 0xCDD0, 0xC56E, 0xDE10, 0xF6B3, 0xCD8F, 0xB4CC, 0x8B67, 0xBD2E,
  0xDE12, 0xACAC, 0xACAD, 0x7348, 0x62C7, 0x5AA7, 0x6AE8, 0x7308, 0x7349, 0x6B29, 0x734A, 0x5A86,
  0x7349, 0x8C0C, 0x7B6A, 0x5AA7, 0x5A86, 0x8C0C, 0x7BAC, 0x5AA8, 0x5AC9, 0x52A9, 0x4A47, 0x4A67,
  0x4A67, 0x4A88, 0x4AA8, 0x52A7, 0x6B29, 0x7B8B, 0x5AA8, 0x62C9, 0x6AE9, 0x6B09, 0x7328, 0x7348,
  0x8BEB, 0xB50F, 0xCDD2, 0xE6B5, 0x9C8D, 0x6309, 0x5AC8, 0x5287, 0x7B8A, 0xC5B2, 0xD634, 0xB572,
  0xA510, 0x9CAF, 0x73AC, 0x6309, 0x944D, 0xBD71, 0xC5B2, 0x946E, 0x736B, 0x62E9, 0x6309, 0x734A,
  0xBD51, 0xC592, 0xC5B2, 0xC5D3, 0xC5D3, 0xCE14, 0xCE35, 0x8C4E, 0x52A9, 0x3A06, 0x4226, 0x630A,
  0x6B4A, 0x5AC9, 0xAD32, 0xB593, 0xBD93, 0xD634, 0xD613, 0xD613, 0xD633, 0xD633, 0xD612, 0xD612,
  0xDE12, 0xDE12, 0xDE12, 0xE632, 0xEE53, 0xEE73, 0xE653, 0xE653, 0xE633, 0xDE12, 0xDE12, 0xDE12,
  0xD5F1, 0xD5D1, 0xCDB1, 0xC5B1, 0xC591, 0xC591, 0xC571, 0xBD71, 0xBD71, 0xBD71, 0xB551, 0xB551,
  0xB551, 0xB550, 0xBD51, 0xBD71, 0xC592, 0xC592, 0xC591, 0xC591, 0xBD71, 0xBD51, 0xBD30, 0xBD50,
  0xBD50, 0xB550, 0xB530, 0xB530, 0xB530, 0xB530, 0xAD10, 0xAD10, 0xAD10, 0xAD10, 0xA511, 0xA511,
  0xA511, 0xA511, 0xA511, 0xA512, 0xAD32, 0xAD32, 0xA533, 0xA533, 0xA533, 0xA532, 0xAD52, 0xA533,
  0xAD73, 0xAD94, 0xAD94, 0xB5B5, 0xB5B5, 0xAD95, 0x8C70, 0x7C2F, 0x5B4C, 0x7C0E, 0xBDF6, 0xB5B5,
  0xB5D5, 0xC657, 0xBDD5, 0xBE16, 0xC636, 0xAD94, 0xB5B5, 0xB5B5, 0xAD74, 0xB594, 0xB594, 0xAD74,
  0xAD74, 0xA574, 0xA594, 0xAD95, 0xA554, 0x8C70, 0xA554, 0xA533, 0xA533, 0x94D1, 0x94B0, 0xAD73,
  0xAD74, 0xAD74, 0xAD74, 0xAD74, 0xAD53, 0xAD53, 0xAD53, 0xAD53, 0xAD53, 0xAD52, 0xAD52, 0xAD53,
  0xAD53, 0xAD53, 0xAD53, 0xAD53, 0xAD52, 0xAD32, 0xAD31, 0xB531, 0xB551, 0xBD72, 0xBD72, 0xB551,
  0xB531, 0xB511, 0xAD11, 0xAD10, 0xACF0, 0xA4F0, 0xA4D0, 0xA4D0, 0x9CB0, 0x9CB0, 0x9CB0, 0x9490,
  0x9490, 0x9490, 0x8C70, 0x8C70, 0x8C6F, 0x8C6F, 0x8C90, 0x9470, 0x9470, 0x9470, 0x9490, 0x9490,
  0x94B0, 0x94D1, 0x94B0, 0x94B0, 0x94B0, 0x94B0, 0x94B1, 0x94B1, 0x9CD1, 0x9CF1, 0x94D1, 0x94B1,
  0x9490, 0x9490, 0x94B0, 0x9490, 0x8C90, 0x8C70, 0x8C70, 0x8450, 0x7C2F, 0x7C0F, 0x7C0F, 0x740F,
  0x740F, 0x73EF, 0x73CF, 0x73CE, 0x73CE, 0x73EF, 0x73EF, 0x73EF, 0x73EF, 0x73EF, 0x73EF, 0x740F,
  0x7C2F, 0x7C2F, 0x7C2F, 0x7C50, 0x8470, 0x8C91, 0x8CD2, 0x94D2, 0x94F2, 0x9513, 0x9D13, 0x9D13,
  0x9D33, 0x9D33, 0x9D33, 0x9D33, 0x9D33, 0x9D33, 0x9D33, 0x9D33, 0x9D13, 0xA532, 0xA532, 0xA532,
  0xA533, 0xA533, 0xA533, 0xA533, 0xA513, 0xA533, 0xA533, 0xA533, 0xD5CF, 0xD5D0, 0xD5D0, 0xD5F1,
  0xD5F1, 0xDDF1, 0xDE31, 0xE672, 0xF6B4, 0xFF36, 0xEED5, 0xD632, 0xF6F5, 0xC58F, 0xBD0D, 0x9C4C,
  0x6AE7, 0x8348, 0x9BE9, 0xAC8C, 0x9C0A, 0x940A, 0xA46C, 0x93EA, 0x7B68, 0x8BAA, 0x7328, 0x62E8,
  0x5AA7, 0x5288, 0x5267, 0x5267, 0x5266, 0x4A67, 0x4A67, 0x4A87, 0x4A67, 0x4A27, 0x4A47, 0x4A47,
  0x4A67, 0x4227, 0x4A47, 0x4A88, 0x4A67, 0x5288, 0x52A9, 0x4A68, 0x52A8, 0x52C9, 0x52C9, 0x5AC8,
  0x5AA8, 0x5288, 0x5AC8, 0x5AC9, 0x5AC9, 0x5AC9, 0x5AE9, 0x5AE9, 0x5AA8, 0x5AA7, 0x5AA7, 0x738B,
  0x5AE9, 0x4A67, 0x5AEA, 0x4A88, 0x4A67, 0x736B, 0x73AB, 0x5AC9, 0x4A67, 0x5AE9, 0x5AEA, 0x4A88,
  0x83ED, 0x7B8B, 0xAD10, 0x9CB0, 0x52C8, 0x5B0A, 0x6B6B, 0x734B, 0x83CC, 0xC5B3, 0xCE35, 0x944E,
  0x840D, 0xAD11, 0x9CB0, 0x738C, 0x5B0B, 0x4228, 0x4A69, 0x52EA, 0x4A68, 0x4227, 0x52CA, 0x4A68,
  0x7BED, 0xB551, 0x83EC, 0xC5D3, 0xBDB3, 0xB530, 0xD613, 0xD613, 0xD613, 0xD5F3, 0xD613, 0xDE33,
  0xDE13, 0xDE33, 0xE653, 0xE653, 0xE654, 0xE673, 0xE674, 0xE653, 0xE633, 0xDE12, 0xD5F2, 0xD5D2,
  0xCDD1, 0xCDB1, 0xCDB1, 0xCDB1, 0xC591, 0xC591, 0xC591, 0xC571, 0xBD71, 0xC591, 0xC5B1, 0xC5B2,
  0xC5B2, 0xCDB2, 0xC591, 0xC591, 0xBD71, 0xBD51, 0xBD50, 0xBD51, 0xB550, 0xB551, 0xB531, 0xB531,
  0xB531, 0xB530, 0xB530, 0xAD31, 0xAD10, 0xAD11, 0xAD31, 0xAD11, 0xAD11, 0xAD32, 0xAD32, 0xAD32,
  0xAD52, 0xAD53, 0xAD53, 0xAD53, 0xAD73, 0xAD53, 0xAD53, 0xB594, 0x9491, 0x73EE, 0x8450, 0x73CE,
  0x73EF, 0x6B8D, 0x4A69, 0x3208, 0x21C7, 0x52EB, 0x94D1, 0x636C, 0x4AA9, 0x7C2F, 0x6B8C, 0x634B,
  0x6BAD, 0x5B0B, 0x6B6C, 0xB5B5, 0xC637, 0x94B1, 0x94D2, 0xBDF6, 0xB594, 0xBDD4, 0xB594, 0xBDD5,
  0xB594, 0x630B, 0x9D12, 0x94B1, 0x6B8D, 0x6B6C, 0x9CF1, 0xAD73, 0xAD94, 0xB5B4, 0xAD94, 0xAD94,
  0xB574, 0xB574, 0xB573, 0xB573, 0xB594, 0xBD93, 0xB573, 0xAD53, 0xAD53, 0xAD73, 0xAD53, 0xAD52,
  0xAD52, 0xAD32, 0xAD32, 0xAD32, 0xB511, 0xB532, 0xB531, 0xAD11, 0xAD11, 0xACF1, 0xACF1, 0xAD11,
  0xAD11, 0xA4F0, 0xA4D0, 0xA4D0, 0x9CD0, 0x9CB0, 0x9CB0, 0x9C90, 0x9490, 0x9470, 0x8C70, 0x8C70,
  0x8C70, 0x8C6F, 0x9490, 0x9490, 0x94B0, 0x9490, 0x9490, 0x9490, 0x94B0, 0x94B0, 0x94B0, 0x9490,
  0x9490, 0x9490, 0x9490, 0x9490, 0x9491, 0x94B1, 0x9490, 0x94B1, 0x94B1, 0x9CD1, 0x9CD1, 0x9490,
  0x8C70, 0x8C90, 0x8C90, 0x8C70, 0x8450, 0x842F, 0x7C2F, 0x7C0F, 0x7C0F, 0x7C0F, 0x7C0F, 0x73EF,
  0x740F, 0x7C0F, 0x7C30, 0x7C50, 0x8450, 0x7C30, 0x7C30, 0x8450, 0x8470, 0x7C50, 0x8450, 0x8470,
  0x8C91, 0x8CB1, 0x8CB1, 0x8CB1, 0x8CD2, 0x94F2, 0x9D13, 0x9D33, 0x9D33, 0x9D33, 0x9D33, 0x9D33,
  0x9D33, 0x9D33, 0x9D33, 0x9D33, 0x9D34, 0x9D54, 0x9D34, 0x9D33, 0x9D33, 0x9D54, 0x9D33, 0x9D33,
  0x9D33, 0x9D53, 0x9D33, 0x9D53, 0xD5D0, 0xD5D0, 0xD5F0, 0xD5F0, 0xD5F1, 0xD611, 0xDE11, 0xE652,
  0xEE73, 0xCD90, 0x93EA, 0x8389, 0x93EA, 0x8389, 0x7B68, 0x7328, 0x6AE9, 0x6AE8, 0x7B69, 0x6AC7,
  0x62A7, 0x6AC7, 0x6AE8, 0x62E8, 0x62C7, 0x5A87, 0x5AA7, 0x5AA8, 0x5287, 0x4A87, 0x4A67, 0x4A88,
  0x4A88, 0x4A88, 0x4A68, 0x4A67, 0x4A67, 0x4A67, 0x4A67, 0x4A68, 0x4A68, 0x4A68, 0x4267, 0x4267,
  0x4267, 0x4A67, 0x4A87, 0x5288, 0x52A8, 0x5AC8, 0x62E9, 0x62E9, 0x5AC8, 0x52C9, 0x5AC8, 0x5AE8,
  0x62E9, 0x62E9, 0x630A, 0x5AE9, 0x52C9, 0x52A8, 0x4A67, 0x4227, 0x4227, 0x4A68, 0x4267, 0x4268,
  0x4268, 0x4227, 0x4227, 0x4268, 0x4268, 0x4227, 0x4228, 0x4A68, 0x5288, 0x5288, 0x52A8, 0x5AC9,
  0x4A47, 0x5AEA, 0x632B, 0x5AEA, 0x5AA9, 0xAD32, 0xBDD5, 0x5B0A, 0x5B0A, 0x7BCD, 0x52A9, 0x4A88,
  0x4248, 0x4228, 0x4A69, 0x4A89, 0x3A07, 0x3A08, 0x3A07, 0x3A07, 0x52A9, 0x4A67, 0x4246, 0x8C6F,
  0x5AC9, 0x4206, 0x8C0E, 0x6B4A, 0xAD51, 0xBDB3, 0x8C2E, 0xAD11, 0xD655, 0xD654, 0xD633, 0xDE33,
  0xDE34, 0xDE54, 0xE654, 0xE654, 0xE654, 0xE653, 0xE633, 0xE633, 0xDE33, 0xDE12, 0xDE12, 0xDE12,
  0xDE12, 0xD5F2, 0xD5D2, 0xD5D2, 0xD5D2, 0xD5F1, 0xD5F2, 0xD5D1, 0xD5D2, 0xCDD1, 0xCDB1, 0xCDB1,
  0xC591, 0xC591, 0xBD71, 0xBD71, 0xBD51, 0xBD51, 0xB530, 0xB531, 0xB531, 0xB530, 0xAD30, 0xAD31,
  0xAD11, 0xAD31, 0xAD31, 0xAD31, 0xAD31, 0xAD32, 0xAD32, 0xAD52, 0xAD52, 0xAD52, 0xAD53, 0xB574,
  0xA512, 0xB594, 0xB594, 0x7C0F, 0x4248, 0x2985, 0x2986, 0x2186, 0x29A6, 0x29C6, 0x4A8A, 0x3A29,
  0x3229, 0x4269, 0x3A48, 0x31E7, 0x2165, 0x31E6, 0x2985, 0x3A08, 0x636D, 0x31A6, 0x3A07, 0x8450,
  0x9D13, 0x6BAE, 0x7C0F, 0x73CE, 0x9CD1, 0xAD32, 0xBDB4, 0xB552, 0x946F, 0x5B0B, 0x840F, 0x842F,
  0x842F, 0x8C91, 0xAD53, 0xAD53, 0xC5D4, 0xBDB4, 0xBDB4, 0xBDB4, 0xBDB4, 0xBDB4, 0xBD93, 0xBDB3,
  0xBDB4, 0xC5B4, 0xBDB3, 0xBD93, 0xB593, 0xB573, 0xB573, 0xAD53, 0xAD52, 0xAD52, 0xAD32, 0xAD32,
  0xAD12, 0xAD11, 0xAD11, 0xACF1, 0xA4F1, 0xA511, 0xA4F1, 0xA511, 0xAD11, 0xA4F1, 0xA4D1, 0xA4D1,
  0x9CD0, 0x9CB0, 0x9CB0, 0x9CB0, 0x9CB0, 0x9490, 0x9490, 0x9490, 0x9490, 0x9490, 0x94B0, 0x9CB0,
  0x9CB0, 0x9CB0, 0x9CB1, 0x9CB0, 0x9CB0, 0x9CB0, 0x9CB0, 0x94B0, 0x94B1, 0x94B1, 0x9490, 0x9490,
  0x9490, 0x8C91, 0x94B1, 0x94B1, 0x94B0, 0x9CD1, 0x9CD1, 0x9490, 0x8C70, 0x9490, 0x9490, 0x9490,
  0x9491, 0x8C90, 0x8C70, 0x8450, 0x7C2F, 0x7C2F, 0x7C2F, 0x7C0F, 0x7C2F, 0x8450, 0x8450, 0x8470,
  0x8470, 0x8450, 0x8470, 0x8470, 0x8450, 0x8450, 0x8470, 0x8CB1, 0x94B1, 0x8CD2, 0x94D2, 0x94F2,
  0x9512, 0x9513, 0x9D13, 0x9D33, 0x9D33, 0x9D33, 0x9D33, 0x9D33, 0x9D33, 0x9D13, 0x9D12, 0x9D33,
  0xA553, 0x9D54, 0xA533, 0xA553, 0xAD53, 0xA533, 0xA552, 0xA552, 0xA553, 0xA553, 0xA573, 0xAD73,
  0xD5D0, 0xD5D0, 0xD5F0, 0xD5F1, 0xD5F1, 0xD612, 0xD632, 0xCDD0, 0x9C2B, 0x8348, 0x7B28, 0x7B27,
  0x7307, 0x6AE8, 0x6B08, 0x62E8, 0x62A7, 0x6AC7, 0x62A7, 0x5AA7, 0x5AA7, 0x5AA8, 0x5AA8, 0x5AA8,
  0x52A8, 0x5287, 0x5287, 0x5267, 0x5267, 0x4A67, 0x4A67, 0x4267, 0x4267, 0x4A47, 0x4A47, 0x4A67,
  0x4A47, 0x4247, 0x4A47, 0x4A67, 0x4A68, 0x4A47, 0x4247, 0x4247, 0x4247, 0x4A68, 0x5288, 0x52C9,
  0x5AC8, 0x62E9, 0x632A, 0x630A, 0x5AE9, 0x5AEA, 0x62E9, 0x62E9, 0x6309, 0x630A, 0x62E9, 0x5AC8,
  0x52A8, 0x52A9, 0x4A88, 0x4A68, 0x4A48, 0x4247, 0x4247, 0x4247, 0x4248, 0x4248, 0x4248, 0x4248,
  0x4248, 0x4248, 0x4227, 0x4227, 0x4248, 0x4A88, 0x4A68, 0x4A48, 0x4A48, 0x4AA9, 0x4288, 0x4268,
  0x4A88, 0x62E9, 0x5B0A, 0x4A88, 0x4247, 0x4247, 0x3A27, 0x3A07, 0x4A88, 0x4227, 0x4228, 0x3A07,
  0x3A07, 0x39E7, 0x3A28, 0x3A07, 0x39E6, 0x31E6, 0x3A07, 0x3A27, 0x39E7, 0x4228, 0x4247, 0x3A26,
  0x634B, 0x73CD, 0x4A68, 0x5ACA, 0x8C2E, 0xB572, 0xCE13, 0xCDF2, 0xD613, 0xD613, 0xD634, 0xDE13,
  0xDE33, 0xE654, 0xEE74, 0xEE74, 0xEE94, 0xEE94, 0xE673, 0xE653, 0xEE53, 0xE653, 0xE633, 0xE633,
  0xE633, 0xE652, 0xE632, 0xE632, 0xDE12, 0xDDF2, 0xD5F2, 0xD5F2, 0xD5F2, 0xCDD1, 0xCDB1, 0xC591,
  0xC571, 0xBD51, 0xBD51, 0xBD51, 0xBD51, 0xB551, 0xB551, 0xB531, 0xAD31, 0xAD31, 0xB531, 0xB531,
  0xB532, 0xB552, 0xB552, 0xB553, 0xB573, 0xAD53, 0xB594, 0x94B0, 0x738C, 0x8C70, 0x632B, 0x4248,
  0x3A08, 0x29A7, 0x29A6, 0x29C7, 0x29C7, 0x29A7, 0x2986, 0x29A7, 0x29A7, 0x31C7, 0x3A08, 0x29A7,
  0x29A7, 0x29A6, 0x29A6, 0x3A08, 0x52CB, 0x31A7, 0x29A7, 0x31E7, 0x29C7, 0x3208, 0x3A49, 0x29A6,
  0x52CB, 0x4228, 0xA513, 0xA512, 0x73AC, 0x7BEF, 0x8C70, 0x5AEB, 0xA554, 0x7C0F, 0x7BAD, 0xAD32,
  0xD635, 0xD635, 0xCDD4, 0xC5B3, 0xBDB3, 0xBD93, 0xC5B3, 0xBD93, 0xBD93, 0xBD93, 0xBD93, 0xBD93,
  0xB573, 0xB552, 0xAD52, 0xAD32, 0xAD32, 0xAD32, 0xAD32, 0xAD12, 0xA512, 0xA512, 0xA512, 0xA512,
  0xA512, 0xA511, 0xA511, 0xA512, 0xA512, 0xA4F2, 0xA4F1, 0xA4F1, 0xA4F1, 0xA4F1, 0xA4F1, 0xA4D0,
  0x9CD0, 0x9CD0, 0x9CD0, 0x9CD1, 0x9CD0, 0x9CD0, 0x9CD1, 0x9CD1, 0x9CD1, 0x9CD1, 0x9CD1, 0x9CB1,
  0x9CB1, 0x9CD1, 0x9CD1, 0x9CD1, 0x9CD1, 0x9CD1, 0x94B1, 0x94B1, 0x94B1, 0x94B1, 0x94B1, 0x94D1,
  0x9CD1, 0x9CF1, 0x9CF1, 0xA512, 0x9CF1, 0x94D1, 0x94B1, 0x94B0, 0x94B0, 0x94B1, 0x94B1, 0x94B0,
  0x8C90, 0x8C91, 0x8470, 0x8470, 0x8470, 0x8470, 0x8C70, 0x8471, 0x8C70, 0x8C91, 0x8C91, 0x8C91,
  0x8C91, 0x8CB1, 0x8CB1, 0x8CB1, 0x8C91, 0x8C91, 0x8C91, 0x8CB1, 0x94D2, 0x94F2, 0x9513, 0x9D33,
  0x9D33, 0x9D53, 0x9D53, 0x9D54, 0x9D53, 0xA553, 0xA553, 0xA532, 0xAD53, 0xB573, 0xB552, 0xCDD3,
  0xD613, 0xD5D2, 0xC5B3, 0xBD93, 0xB593, 0xB572, 0xBD72, 0xBD92, 0xD5CF, 0xD5D0, 0xD5D0, 0xD5D1,
  0xD5D1, 0xD5B0, 0xD5D1, 0xB4EE, 0x8368, 0x7B47, 0x7308, 0x6AE8, 0x6AE8, 0x62A7, 0x5AC7, 0x5AC7,
  0x5AA7, 0x62C8, 0x62C8, 0x5AA7, 0x5AC7, 0x5AA7, 0x5AA7, 0x52A7, 0x52A8, 0x5287, 0x4A67, 0x4A67,
  0x4A67, 0x4A67, 0x4A47, 0x4247, 0x4227, 0x4247, 0x4247, 0x4247, 0x4247, 0x4247, 0x4247, 0x4247,
  0x4247, 0x4247, 0x4247, 0x4A47, 0x4A67, 0x4A88, 0x52C9, 0x5AE9, 0x5AE9, 0x6309, 0x632A, 0x6B2A,
  0x6B2A, 0x6B2A, 0x6B2A, 0x6309, 0x6309, 0x6329, 0x62E9, 0x5AC9, 0x5AC9, 0x52C9, 0x52A9, 0x4A88,
  0x4A68, 0x4247, 0x4247, 0x4268, 0x4268, 0x4248, 0x4247, 0x4248, 0x4248, 0x4228, 0x4227, 0x4248,
  0x4248, 0x4248, 0x4A68, 0x4248, 0x4248, 0x4228, 0x4228, 0x4248, 0x4248, 0x4247, 0x4268, 0x4AA9,
  0x4A88, 0x4268, 0x4248, 0x3A28, 0x4248, 0x4248, 0x3A28, 0x3A07, 0x3A07, 0x3A07, 0x4269, 0x3A07,
  0x31E7, 0x31E7, 0x3A07, 0x3A28, 0x3207, 0x3A28, 0x4248, 0x4268, 0x4268, 0x4289, 0x4AA9, 0x4A89,
  0x4228, 0x5B0A, 0x946F, 0x7BCB, 0xC5F3, 0xDE35, 0xD634, 0xDE76, 0xDE76, 0xDE53, 0xDE54, 0xE675,
  0xEEB5, 0xEEB5, 0xEE95, 0xF695, 0xF6B5, 0xF6B5, 0xF694, 0xF694, 0xF6B4, 0xF694, 0xEE94, 0xEE73,
  0xEE73, 0xEE53, 0xEE53, 0xE632, 0xE632, 0xE612, 0xDDF2, 0xD5F2, 0xD5D2, 0xCDB1, 0xCDB1, 0xCD91,
  0xC591, 0xC591, 0xC591, 0xC591, 0xBD71, 0xBD71, 0xBD71, 0xB572, 0xBD72, 0xBD72, 0xBD72, 0xBD72,
  0xBD73, 0xBD93, 0xBDD5, 0x8C4F, 0x5ACA, 0x4AAA, 0x4AAA, 0x3A28, 0x29A6, 0x29A6, 0x29C7, 0x29C7,
  0x29C7, 0x29A7, 0x29C7, 0x29A7, 0x29A7, 0x2986, 0x2986, 0x29A7, 0x29A7, 0x2986, 0x29A7, 0x2986,
  0x2986, 0x29A7, 0x29A7, 0x29A7, 0x29C7, 0x29A7, 0x21A6, 0x29A7, 0x2986, 0x29A7, 0x4AAA, 0x530C,
  0x4269, 0x3A28, 0x636D, 0x4AAA, 0x634D, 0x4249, 0x6B6C, 0xAD53, 0xBDD4, 0xA4F1, 0xBD72, 0xBD93,
  0xB573, 0xB573, 0xB553, 0xB553, 0xB573, 0xB573, 0xB573, 0xB553, 0xAD53, 0xAD33, 0xAD33, 0xAD33,
  0xAD33, 0xAD12, 0xAD12, 0xAD12, 0xA513, 0xA532, 0xA532, 0xA512, 0xA4F2, 0xA512, 0xA512, 0xA512,
  0xA512, 0xA512, 0xA512, 0xA512, 0xA511, 0xAD12, 0xAD11, 0xA4F1, 0xA4F1, 0xA4F1, 0xA4F1, 0xA4F1,
  0xA4F1, 0xA4F1, 0xA4F1, 0xA4F1, 0xA4F1, 0xA4F1, 0xA4F1, 0x9CF1, 0xA4F1, 0x9CD1, 0x9CF1, 0xA4F1,
  0xA4F2, 0x9CF2, 0x9CF2, 0x9CF2, 0x9CD1, 0x9CD1, 0x9CF2, 0xA4F2, 0x9CF2, 0xA4F2, 0xA4F2, 0xA512,
  0xA4F2, 0x9CD1, 0x9CD1, 0x9CD1, 0x9CD1, 0x94D1, 0x94D1, 0x94D1, 0x94D1, 0x94D1, 0x94B1, 0x94B1,
  0x94B1, 0x94B1, 0x94B1, 0x8CB1, 0x8CB1, 0x94B1, 0x8CB1, 0x94B1, 0x94B1, 0x8C91, 0x8C91, 0x8CB1,
  0x94B1, 0x94B1, 0x94D1, 0x94D1, 0x94F2, 0x9512, 0x94F2, 0x9512, 0x9D13, 0x9D33, 0x9D53, 0xA553,
  0xB574, 0xB593, 0xBD92, 0xCDD3, 0xD5F3, 0xD5D2, 0xD5D2, 0xD5F2, 0xD5F2, 0xD5D1, 0xCDB2, 0xCD92,
  0xC592, 0xBD72, 0xBD72, 0xB551, 0xD5AF, 0xD5D0, 0xD5B0, 0xD5D1, 0xD5F1, 0xC54E, 0xC54E, 0x9C4B,
  0x8389, 0x7B48, 0x7308, 0x7308, 0x6AE8, 0x62C7, 0x5AA7, 0x5AA7, 0x5AA7, 0x62C7, 0x5AA7, 0x5AA7,
  0x5287, 0x5266, 0x5267, 0x5287, 0x5287, 0x5267, 0x4A67, 0x4A47, 0x4A67, 0x4A67, 0x4227, 0x4227,
  0x4227, 0x4247, 0x4227, 0x4247, 0x4247, 0x4227, 0x4247, 0x4247, 0x4247, 0x4247, 0x4A68, 0x4A68,
  0x5288, 0x52A8, 0x52A8, 0x5AE9, 0x5AE9, 0x6309, 0x6B2A, 0x6B2A, 0x6B4A, 0x736A, 0x736A, 0x6B4A,
  0x6B2A, 0x6B4A, 0x6B2A, 0x6309, 0x5AE9, 0x5AC9, 0x52C9, 0x52A9, 0x5288, 0x4A68, 0x4A68, 0x4268,
  0x4268, 0x4268, 0x4247, 0x4228, 0x4227, 0x4228, 0x4248, 0x4248, 0x4227, 0x4247, 0x4268, 0x4268,
  0x4248, 0x3A27, 0x3A27, 0x3A27, 0x4227, 0x4268, 0x4A89, 0x4A88, 0x4268, 0x4268, 0x4248, 0x3A28,
  0x3A28, 0x3A48, 0x3A07, 0x3A07, 0x3207, 0x3207, 0x4248, 0x3207, 0x3207, 0x31E7, 0x31E7, 0x31E7,
  0x3A07, 0x3A07, 0x3A27, 0x3A48, 0x4268, 0x4268, 0x4268, 0x4268, 0x4248, 0x4248, 0x52C9, 0x4A88,
  0x6B4B, 0xBD93, 0xD675, 0x9CD0, 0xA4F1, 0xD675, 0xD655, 0xDE55, 0xDE55, 0xDE55, 0xE695, 0xF6D6,
  0xF6F7, 0xF6D6, 0xF6F6, 0xFEF6, 0xFEF6, 0xF6F5, 0xF6D5, 0xEEB5, 0xEE94, 0xE674, 0xEE95, 0xE674,
  0xE653, 0xEE73, 0xE653, 0xE653, 0xE653, 0xE632, 0xE612, 0xDE12, 0xDE12, 0xD5F2, 0xD5D2, 0xCDD2,
  0xC5B2, 0xC592, 0xC592, 0xBD92, 0xBD92, 0xBD92, 0xBD93, 0xBD93, 0xBD72, 0xB593, 0xAD73, 0x842F,
  0x31E7, 0x3A48, 0x3A07, 0x2986, 0x29A6, 0x29A6, 0x29C7, 0x29C7, 0x29C7, 0x29C7, 0x29A6, 0x29A6,
  0x29A7, 0x29A7, 0x29A7, 0x29A7, 0x29A7, 0x29A7, 0x29A7, 0x29A7, 0x29C7, 0x29A7, 0x29A7, 0x21A7,
  0x29C7, 0x29C7, 0x29A7, 0x29A7, 0x29C7, 0x31C7, 0x29C7, 0x29A7, 0x29C7, 0x29C7, 0x31C7, 0x29A6,
  0x29A7, 0x31E7, 0x4269, 0x52CA, 0x5AEA, 0x630A, 0xAD53, 0x94B0, 0xAD53, 0xB594, 0xB594, 0xAD94,
  0xAD74, 0xAD73, 0xAD53, 0xAD53, 0xAD53, 0xAD33, 0xAD33, 0xAD33, 0xAD32, 0xAD32, 0xAD32, 0xAD33,
  0xA513, 0xA533, 0xA533, 0xA512, 0xAD12, 0xA532, 0xA512, 0xA512, 0xA512, 0xA512, 0xA512, 0xA512,
  0xA512, 0xA512, 0xA512, 0xA512, 0xA512, 0xA4F1, 0xA512, 0xA512, 0xAD12, 0xAD12, 0xAD32, 0xAD12,
  0xAD32, 0xAD12, 0xA512, 0xA512, 0xA512, 0xA512, 0xA512, 0xAD32, 0xAD32, 0xAD32, 0xA532, 0xA532,
  0xA532, 0xA512, 0xA512, 0xA532, 0xA512, 0xA512, 0xA532, 0xA512, 0xA512, 0xA512, 0x9D12, 0x9D12,
  0xA532, 0xA512, 0x9D12, 0x9CF2, 0x9CF1, 0x9CF1, 0x94D1, 0x94D1, 0x94D1, 0x94D1, 0x94D1, 0x94D2,
  0x94D1, 0x94B1, 0x94B1, 0x94B1, 0x94B1, 0x94B1, 0x94B1, 0x94D1, 0x94B1, 0x94B1, 0x94D1, 0x94D1,
  0x9CF2, 0x9D12, 0xA512, 0xA512, 0xAD33, 0xAD32, 0xB553, 0xC5B3, 0xCDF3, 0xCDD2, 0xD5D2, 0xDDF2,
  0xD5B1, 0xCDB1, 0xCD91, 0xC591, 0xC591, 0xC591, 0xC571, 0xC571, 0xC571, 0xBD71, 0xBD71, 0xBD71,
  0xD5D0, 0xD5D0, 0xD5D0, 0xC54F, 0xB4EC, 0xBD2D, 0x9C2A, 0x8388, 0x8369, 0x7308, 0x72E8, 0x6AE8,
  0x6AE8, 0x62C7, 0x5AA7, 0x5AA7, 0x5A87, 0x5287, 0x5287, 0x5287, 0x5267, 0x5267, 0x5267, 0x5267,
  0x4A67, 0x4A47, 0x4247, 0x4A47, 0x4A67, 0x4247, 0x4226, 0x4227, 0x3A07, 0x4227, 0x4227, 0x4227,
  0x4247, 0x4247, 0x4227, 0x4247, 0x4247, 0x4247, 0x4A68, 0x5288, 0x5288, 0x52A8, 0x52A8, 0x5AC9,
  0x5AE9, 0x6309, 0x6B2A, 0x736A, 0x738A, 0x7BAB, 0x7BAB, 0x7BAB, 0x7B8A, 0x736A, 0x6B6A, 0x6B4A,
  0x6309, 0x5B09, 0x52E9, 0x52C9, 0x52A9, 0x52A9, 0x52A9, 0x4A68, 0x4268, 0x4247, 0x4227, 0x4228,
  0x4228, 0x4248, 0x4227, 0x4227, 0x4227, 0x4227, 0x4268, 0x4268, 0x4248, 0x3A27, 0x3A27, 0x4228,
  0x4248, 0x4268, 0x4A89, 0x4268, 0x4268, 0x4248, 0x3A28, 0x3A28, 0x4248, 0x4248, 0x3A07, 0x3A07,
  0x3A07, 0x31E7, 0x31E7, 0x31E7, 0x31E7, 0x31E7, 0x31E7, 0x31E7, 0x3207, 0x3A28, 0x3A07, 0x3A27,
  0x4248, 0x4268, 0x4268, 0x4248, 0x4249, 0x4269, 0x4248, 0x4269, 0x3A48, 0x52A9, 0x9CD0, 0x736C,
  0x4A68, 0x842E, 0xA4F1, 0xC5F5, 0xD656, 0xDE76, 0xDE97, 0xBD92, 0xD635, 0xE6B7, 0xE696, 0xEEB6,
  0xEEB6, 0xEED5, 0xEEB5, 0xE6B5, 0xDE75, 0xDE55, 0xDE75, 0xDE75, 0xE674, 0xEE94, 0xF6D5, 0xFED4,
  0xF6B3, 0xF693, 0xF694, 0xF673, 0xEE53, 0xE632, 0xDE12, 0xD5F2, 0xD5D2, 0xCDB2, 0xCDB2, 0xCDD2,
  0xC5B2, 0xC5B3, 0xC5B3, 0xC5D4, 0xBDB4, 0x83ED, 0x4A68, 0x4269, 0x29C7, 0x29C6, 0x29C6, 0x29A6,
  0x29A6, 0x29A7, 0x29C7, 0x29C7, 0x29C7, 0x29A7, 0x29A6, 0x29A7, 0x29A7, 0x29A7, 0x29A7, 0x29A7,
  0x29A7, 0x29A7, 0x29A7, 0x29A7, 0x29A7, 0x29A7, 0x29A7, 0x29C7, 0x29C7, 0x29C7, 0x29C7, 0x29C7,
  0x29C7, 0x29C7, 0x29C7, 0x29C7, 0x29C7, 0x29C7, 0x29C7, 0x29A7, 0x29A7, 0x29A7, 0x29A7, 0x29C7,
  0x29A6, 0x4289, 0x7C0F, 0x4AA9, 0x9512, 0xA594, 0xA554, 0x5B2C, 0x94F2, 0xB594, 0xA533, 0xA533,
  0xA533, 0xAD32, 0xAD33, 0xAD33, 0xA533, 0xAD53, 0xA533, 0xA513, 0xA533, 0xA513, 0xA513, 0xA533,
  0xAD33, 0xA533, 0xA533, 0xA533, 0xA512, 0xA512, 0xA513, 0xA513, 0xA513, 0xA512, 0xAD12, 0xAD32,
  0xA532, 0xAD32, 0xAD32, 0xAD32, 0xAD12, 0xAD32, 0xAD32, 0xAD32, 0xAD32, 0xAD12, 0xA512, 0xAD33,
  0xAD33, 0xAD53, 0xB574, 0xB573, 0xAD52, 0xAD73, 0xAD53, 0xAD53, 0xAD53, 0xAD53, 0xAD53, 0xAD53,
  0xAD73, 0xAD53, 0xAD53, 0xAD53, 0xAD73, 0xAD53, 0xA553, 0xA553, 0xA533, 0xA532, 0xA532, 0xA532,
  0x9D12, 0x9D12, 0x9D12, 0x9CF2, 0x9CF2, 0x9CF2, 0x9CF2, 0x9CF2, 0x9CD1, 0x94D1, 0x94D1, 0x94D1,
  0x94D1, 0x94D1, 0x9CF2, 0x9CF2, 0x9CD2, 0x9CF1, 0x9CF2, 0xA512, 0xA4F2, 0xA4F2, 0xA532, 0xAD52,
  0xAD32, 0xAD52, 0xB552, 0xBD71, 0xBD71, 0xC571, 0xC571, 0xCD71, 0xCD71, 0xCD91, 0xC591, 0xC591,
  0xC592, 0xC592, 0xCD91, 0xCD91, 0xCD91, 0xCD91, 0xC592, 0xC591, 0xD5F0, 0xD5F0, 0xBD2D, 0xA46A,
  0x9C09, 0x93E9, 0x8BA8, 0x8368, 0x7B28, 0x7B08, 0x72E8, 0x6B08, 0x6AE8, 0x62E8, 0x62C8, 0x5AA7,
  0x5AA7, 0x5287, 0x5287, 0x4A67, 0x5267, 0x5267, 0x5267, 0x4A67, 0x4A67, 0x4A47, 0x4247, 0x4A47,
  0x4247, 0x4227, 0x4227, 0x3A27, 0x3A27, 0x3A06, 0x3A27, 0x4227, 0x4227, 0x4248, 0x4227, 0x4247,
  0x4A68, 0x4A88, 0x4A88, 0x5288, 0x5288, 0x52A8, 0x52C8, 0x52C9, 0x5AC9, 0x6309, 0x734A, 0x7B8B,
  0x83AB, 0x83AB, 0x83EB, 0x8C0C, 0x83EB, 0x83AB, 0x7B8B, 0x6B4A, 0x6B2A, 0x632A, 0x630A, 0x5AE9,
  0x5AE9, 0x5AE9, 0x52A9, 0x52A8, 0x4A88, 0x4268, 0x4248, 0x4248, 0x4248, 0x4228, 0x3A27, 0x3A27,
  0x4227, 0x4227, 0x4248, 0x4268, 0x4248, 0x4228, 0x4248, 0x4268, 0x4268, 0x4268, 0x4268, 0x4A69,
  0x4268, 0x4248, 0x3A27, 0x3A27, 0x3A28, 0x4248, 0x3A28, 0x3A27, 0x3A07, 0x31E7, 0x31E7, 0x31E7,
  0x31E7, 0x31E7, 0x31E7, 0x31E7, 0x3207, 0x3A08, 0x3A07, 0x3A07, 0x3A28, 0x4248, 0x4268, 0x4248,
  0x4269, 0x4269, 0x4269, 0x4249, 0x4249, 0x3A07, 0x632A, 0x7BCE, 0x39E7, 0x3A27, 0x4227, 0x5ACA,
  0x6B4B, 0xAD73, 0xA512, 0x738C, 0xA512, 0xC615, 0xD656, 0xD635, 0xD635, 0xD655, 0xDE75, 0xDE96,
  0xD676, 0xD656, 0xD655, 0xDE96, 0xF6F6, 0xFF16, 0xFF16, 0xFEF5, 0xFEB4, 0xF6B4, 0xF694, 0xF673,
  0xEE53, 0xE652, 0xE632, 0xDE12, 0xD5F2, 0xD5D2, 0xD5F3, 0xD5D2, 0xD5D2, 0xCDD3, 0xCE14, 0xA4D1,
  0x6B2B, 0x52A9, 0x3A07, 0x31E7, 0x29C7, 0x29C7, 0x31E7, 0x29A6, 0x29A7, 0x29C7, 0x29C7, 0x29A7,
  0x29A7, 0x29A7, 0x29A7, 0x29A7, 0x29A7, 0x29A7, 0x29C7, 0x29C7, 0x29A7, 0x29A7, 0x29A7, 0x29A7,
  0x29A7, 0x29C7, 0x29C7, 0x29C7, 0x29C7, 0x29C7, 0x29C7, 0x29C7, 0x29C7, 0x29C7, 0x29C7, 0x29C7,
  0x29C7, 0x29C7, 0x29C7, 0x29C7, 0x29C7, 0x29C7, 0x29E8, 0x29C8, 0x29C7, 0x29A7, 0x29C7, 0x31E7,
  0x4ACA, 0x5B2C, 0x5B4C, 0x5B2C, 0x636C, 0x94B1, 0xAD74, 0xA553, 0xA553, 0xA533, 0xAD53, 0xAD74,
  0xA553, 0x9CF2, 0x9D13, 0xA554, 0xA533, 0xA533, 0xA533, 0xA533, 0xA533, 0xA533, 0xA533, 0xA533,
  0xA533, 0xA533, 0xA533, 0xAD33, 0xAD53, 0xAD33, 0xAD33, 0xAD53, 0xAD53, 0xAD53, 0xAD53, 0xAD33,
  0xAD33, 0xAD33, 0xAD33, 0xAD33, 0xAD33, 0xAD33, 0xAD33, 0xAD33, 0xAD33, 0xAD53, 0xAD53, 0xAD32,
  0xAD32, 0xAD52, 0xAD53, 0xAD53, 0xAD53, 0xAD33, 0xA532, 0xAD53, 0xAD53, 0xAD53, 0xAD53, 0xAD53,
  0xAD73, 0xAD73, 0xA573, 0xA553, 0xA553, 0xA553, 0xA553, 0xA553, 0xA532, 0xA532, 0xA512, 0xA512,
  0xA512, 0x9D12, 0x9D12, 0xA512, 0x9CF2, 0x9CF2, 0x9CF2, 0x9CF2, 0x9CF2, 0x9CF2, 0x9CF2, 0x9D12,
  0x9D12, 0x9D12, 0x9CF2, 0xA512, 0xA512, 0x9CF2, 0x9D11, 0x9D11, 0x9D12, 0xA532, 0xA531, 0xAD52,
  0xAD52, 0xB572, 0xB552, 0xB572, 0xBD93, 0xC592, 0xC592, 0xC592, 0xC592, 0xC5B2, 0xCDD2, 0xD5D2,
  0xD5D2, 0xCDD2, 0xCDB2, 0xCD92, 0xDE11, 0xC54E, 0xBD0C, 0xAC8A, 0x9BE9, 0x93A9, 0x8BA9, 0x8368,
  0x7B48, 0x7B48, 0x7B29, 0x7308, 0x6AE8, 0x6B08, 0x62E8, 0x5AA8, 0x5AA8, 0x5287, 0x4A67, 0x4A87,
  0x4A67, 0x4A67, 0x4A47, 0x4A47, 0x4A47, 0x4A47, 0x4247, 0x4227, 0x4247, 0x4227, 0x4227, 0x3A27,
  0x4227, 0x3A27, 0x3A27, 0x3A27, 0x4227, 0x4228, 0x4227, 0x4A67, 0x4A88, 0x52A8, 0x52A9, 0x52A9,
  0x52A8, 0x52A9, 0x52C9, 0x5AE9, 0x5AE9, 0x6309, 0x736A, 0x83AB, 0x8BEC, 0x8BEB, 0x942C, 0x944D,
  0x942C, 0x942C, 0x83CC, 0x7B8B, 0x736B, 0x736B, 0x6B4B, 0x632A, 0x630A, 0x5AE9, 0x52C9, 0x52A9,
  0x4A88, 0x4268, 0x4268, 0x4248, 0x4228, 0x4248, 0x4228, 0x3A28, 0x4228, 0x4227, 0x4248, 0x4248,
  0x4248, 0x4248, 0x4248, 0x4248, 0x4A69, 0x4A69, 0x4248, 0x4268, 0x4268, 0x4248, 0x3A27, 0x3A07,
  0x3A27, 0x3A48, 0x4248, 0x4248, 0x4248, 0x3A28, 0x3A07, 0x31E7, 0x3A07, 0x3207, 0x3207, 0x3207,
  0x31E7, 0x3207, 0x3A07, 0x3A07, 0x3A48, 0x4248, 0x4269, 0x4289, 0x4288, 0x4268, 0x4248, 0x4248,
  0x4248, 0x4248, 0x4247, 0x52AA, 0x3A08, 0x31E7, 0x3207, 0x31E7, 0x31C6, 0x4A89, 0x6B6C, 0x4A89,
  0x634C, 0x52A9, 0x9CF1, 0xD697, 0xCE36, 0xCE36, 0xCE56, 0xCE56, 0xD656, 0xD676, 0xDE96, 0xE696,
  0xEEB5, 0xFF16, 0xFF16, 0xF6D5, 0xF6B4, 0xEE73, 0xEE53, 0xEE53, 0xEE53, 0xEE33, 0xE633, 0xDE33,
  0xDE13, 0xDE13, 0xD5F2, 0xD5D2, 0xD5D1, 0xD5F3, 0xBD72, 0x4227, 0x4AAA, 0x6B8D, 0x29A6, 0x31E7,
  0x31C7, 0x29C7, 0x31E7, 0x29C7, 0x29A7, 0x29A7, 0x29A7, 0x29A7, 0x29A7, 0x29C7, 0x29C7, 0x29A7,
  0x29A7, 0x29A7, 0x29C7, 0x29C7, 0x29C7, 0x29C7, 0x29C7, 0x29A7, 0x29A7, 0x29A7, 0x29C7, 0x29C7,
  0x29C7, 0x29C7, 0x29C7, 0x29C7, 0x29C8, 0x29E8, 0x29E8, 0x29C7, 0x29C7, 0x29E7, 0x29C7, 0x29C7,
  0x29C7, 0x29C7, 0x29C7, 0x29A7, 0x29A7, 0x29C7, 0x31C7, 0x31C8, 0x29C8, 0x31C7, 0x31C7, 0x4269,
  0x31E7, 0x31E7, 0x73EF, 0x9D13, 0xA534, 0xAD74, 0xAD54, 0xA533, 0x94D2, 0x52EB, 0x52EB, 0x6BAE,
  0xA533, 0xAD33, 0xAD33, 0xB594, 0xA553, 0xA553, 0xAD53, 0xA553, 0xA533, 0xA553, 0xAD53, 0xAD53,
  0xAD73, 0xB573, 0xB573, 0xB574, 0xB574, 0xAD53, 0xAD73, 0xAD73, 0xAD53, 0xAD53, 0xAD53, 0xAD53,
  0xAD53, 0xAD53, 0xAD33, 0xAD33, 0xAD33, 0xAD33, 0xAD33, 0xAD33, 0xAD33, 0xAD33, 0xAD53, 0xAD53,
  0xAD53, 0xAD53, 0xAD53, 0xAD32, 0xAD53, 0xAD53, 0xAD53, 0xAD53, 0xAD53, 0xAD53, 0xAD53, 0xAD73,
  0xAD53, 0xA553, 0xAD53, 0xAD53, 0xA553, 0xA552, 0xA532, 0xA512, 0xA512, 0xA512, 0x9D12, 0x9D12,
  0x9CF2, 0x9CF1, 0x9CF1, 0x9CF1, 0x9CF1, 0x9CF1, 0x9CF1, 0x9CF2, 0x9CF1, 0x9CF1, 0x94D1, 0x94D1,
  0x9CF1, 0x9D12, 0x9D11, 0x9CF1, 0x9CF2, 0x9D13, 0x9D33, 0x9D33, 0xA553, 0xA553, 0xAD53, 0xAD72,
  0xAD73, 0xB572, 0xBD72, 0xC592, 0xC5B2, 0xCDB2, 0xCDB2, 0xCDD3, 0xCDD3, 0xCDB2, 0xCDB2, 0xCD92,
  0xE652, 0xBD2D, 0xACAB, 0xA449, 0x9C09, 0x93C9, 0x93C9, 0x8389, 0x7B48, 0x7B49, 0x7308, 0x6B08,
  0x62E8, 0x62E8, 0x5AC8, 0x5AC8, 0x52A8, 0x5287, 0x4A67, 0x4A47, 0x4A47, 0x4A67, 0x4A47, 0x4247,
  0x4247, 0x4227, 0x4227, 0x4227, 0x4227, 0x4227, 0x4227, 0x4227, 0x4227, 0x4227, 0x4227, 0x4248,
  0x4247, 0x4247, 0x4247, 0x4A88, 0x5288, 0x52A8, 0x52A8, 0x52A9, 0x52C9, 0x5AC9, 0x52C9, 0x5AE9,
  0x630A, 0x6B4A, 0x7B8B, 0x83AB, 0x8BCB, 0x940C, 0x944C, 0x944C, 0x9C6C, 0x9C6D, 0x942C, 0x8BEC,
  0x83CC, 0x7BAC, 0x7BAC, 0x736B, 0x6B4A, 0x630A, 0x5AC9, 0x52C9, 0x4A88, 0x4A68, 0x4A88, 0x4268,
  0x4248, 0x4248, 0x4248, 0x4248, 0x3A27, 0x3A27, 0x3A28, 0x4248, 0x4248, 0x4248, 0x4268, 0x4A68,
  0x4A69, 0x4A68, 0x4248, 0x4268, 0x4268, 0x4248, 0x3A28, 0x3A07, 0x3A07, 0x4248, 0x4248, 0x4269,
  0x4268, 0x3A28, 0x3A07, 0x3A28, 0x3A28, 0x3A08, 0x3207, 0x31E8, 0x31E8, 0x31E8, 0x3A07, 0x3A07,
  0x4248, 0x4248, 0x4269, 0x4A89, 0x4A89, 0x4269, 0x4A89, 0x4268, 0x4248, 0x4248, 0x4227, 0x4228,
  0x39E7, 0x31E7, 0x31E7, 0x3A07, 0x3A07, 0x3A07, 0x4A69, 0x31C6, 0x31C6, 0x3A07, 0x52C9, 0x8C50,
  0xBDF5, 0xD6B8, 0xCE77, 0xD677, 0xD656, 0xD676, 0xE6B6, 0xEEB5, 0xEEB5, 0xF694, 0xF694, 0xF693,
  0xEE73, 0xE654, 0xDE53, 0xDE53, 0xDE33, 0xDE33, 0xDE33, 0xDE13, 0xDE12, 0xDE32, 0xDE54, 0xE654,
  0xDE13, 0xDE54, 0x9C8E, 0x39E6, 0x3A28, 0x3A28, 0x29A6, 0x31C7, 0x29C7, 0x29C7, 0x31E7, 0x29C7,
  0x29A7, 0x29A7, 0x29A7, 0x29A7, 0x29C7, 0x29C7, 0x29C7, 0x29C7, 0x29C7, 0x29C7, 0x29C7, 0x29C7,
  0x29C7, 0x29C7, 0x29C7, 0x29C7, 0x29C7, 0x29A7, 0x29C7, 0x29C7, 0x29C7, 0x29C7, 0x29C7, 0x29C7,
  0x29C7, 0x29C7, 0x29E8, 0x29E8, 0x29C7, 0x29C7, 0x29C7, 0x29C7, 0x29C7, 0x29C7, 0x29C7, 0x29C7,
  0x29A7, 0x29C7, 0x31E7, 0x29E7, 0x29C8, 0x29E7, 0x29C7, 0x29C7, 0x31E7, 0x31E8, 0x3208, 0x4289,
  0x94D2, 0xB5F6, 0xAD54, 0x6B8D, 0x5B2C, 0x3207, 0x31E8, 0x3207, 0x5B2C, 0x94D2, 0x94F2, 0x7BEE,
  0xB5B5, 0xB595, 0xA553, 0xA553, 0xA553, 0xA554, 0xAD74, 0xAD73, 0xAD73, 0xB594, 0xB593, 0xB594,
  0xB594, 0xB574, 0xB573, 0xB573, 0xAD73, 0xAD54, 0xAD74, 0xAD74, 0xAD74, 0xAD74, 0xAD73, 0xAD53,
  0xAD73, 0xAD53, 0xAD53, 0xAD53, 0xAD53, 0xAD33, 0xAD53, 0xAD53, 0xB574, 0xB573, 0xB593, 0xB593,
  0xB593, 0xB593, 0xAD94, 0xAD73, 0xAD73, 0xAD73, 0xAD74, 0xAD94, 0xA593, 0xAD73, 0xAD73, 0xAD73,
  0xA572, 0xAD53, 0xA552, 0xA532, 0xA532, 0xA512, 0xA512, 0x9D12, 0x9D12, 0x9CF1, 0x9CF1, 0x9CF2,
  0x9CF2, 0x9CD2, 0x9CF2, 0x9CF1, 0x9CF1, 0x9CF1, 0x9CF1, 0x9D12, 0x9CF1, 0x9CF1, 0x9D12, 0x9D12,
  0xA512, 0xAD52, 0xAD52, 0xB573, 0xAD73, 0xAD73, 0xB572, 0xB572, 0xB572, 0xB572, 0xBD93, 0xC5B3,
  0xC5B3, 0xC592, 0xC5B2, 0xC5B3, 0xC5D2, 0xC5B2, 0xC5B2, 0xC592, 0xCD4E, 0xAC6A, 0xA44A, 0xA44A,
  0x9C29, 0x93E9, 0x8BA8, 0x8368, 0x7B28, 0x7308, 0x6AE7, 0x62E7, 0x62E8, 0x5AC7, 0x5AA7, 0x5287,
  0x5267, 0x4A67, 0x4A47, 0x4227, 0x4247, 0x4247, 0x4247, 0x4247, 0x4247, 0x4227, 0x3A27, 0x3A27,
  0x3A27, 0x3A27, 0x3A27, 0x4227, 0x4207, 0x4227, 0x4248, 0x4A48, 0x4248, 0x4267, 0x4A88, 0x52A8,
  0x5288, 0x52A8, 0x52C9, 0x52A9, 0x52C9, 0x52C9, 0x5AC9, 0x62E9, 0x6B2A, 0x736A, 0x7BAB, 0x83CB,
  0x8BEB, 0x8C0C, 0x942C, 0x942C, 0x9C6D, 0x9C8D, 0x9C4C, 0x942C, 0x8C0D, 0x8BEC, 0x83CC, 0x83CB,
  0x738B, 0x6B4A, 0x630A, 0x5AE9, 0x52A8, 0x52A8, 0x4AA9, 0x4A89, 0x4268, 0x4248, 0x4248, 0x3A47,
  0x3A27, 0x3A27, 0x3A07, 0x3A07, 0x3A48, 0x4248, 0x4248, 0x4A89, 0x4AA9, 0x4A89, 0x4268, 0x4268,
  0x4268, 0x4269, 0x4248, 0x3A48, 0x3A28, 0x4248, 0x4A69, 0x4A89, 0x4268, 0x4248, 0x3A28, 0x3A28,
  0x3A08, 0x3208, 0x31E7, 0x31E8, 0x31E8, 0x31E8, 0x3A07, 0x3A28, 0x3A48, 0x4248, 0x4268, 0x4A89,
  0x4A89, 0x4289, 0x4269, 0x4289, 0x4268, 0x4248, 0x3A28, 0x3A28, 0x3A28, 0x3A07, 0x3A07, 0x3A07,
  0x31E7, 0x3A07, 0x3A07, 0x3A07, 0x3A48, 0x3A28, 0x3A27, 0x31E6, 0x634C, 0x9CF1, 0x6B6C, 0x842E,
  0xC615, 0xCE56, 0xD634, 0xF738, 0xEED7, 0xF6D6, 0xF6B5, 0xEE73, 0xE633, 0xE634, 0xDE53, 0xDE33,
  0xDE33, 0xDE33, 0xDE33, 0xE633, 0xE633, 0xE674, 0xB530, 0xACEF, 0xC592, 0x944D, 0x738B, 0x31C6,
  0x31C7, 0x31E7, 0x3A28, 0x31C7, 0x31C7, 0x29C7, 0x29C7, 0x29A7, 0x29C7, 0x29C7, 0x29C7, 0x29C7,
  0x29C7, 0x29C7, 0x29C7, 0x29C7, 0x29C7, 0x29C7, 0x29C7, 0x29C7, 0x29C7, 0x29C7, 0x29C7, 0x29C7,
  0x29C7, 0x29C7, 0x29C7, 0x29C7, 0x29C7, 0x29C7, 0x29C7, 0x29C7, 0x29E7, 0x29E7, 0x29E7, 0x29E7,
  0x29C7, 0x29C7, 0x29E7, 0x31E8, 0x29E7, 0x29C7, 0x29C7, 0x29E7, 0x29E7, 0x29E7, 0x29E7, 0x29E7,
  0x29E7, 0x3208, 0x31E7, 0x3208, 0x3208, 0x3208, 0x3228, 0x3228, 0x4AAA, 0x7C0F, 0x94F2, 0x6BAD,
  0x52EB, 0x3208, 0x29E7, 0x3228, 0x3A49, 0x6BCF, 0x8CB2, 0x4A89, 0x8450, 0x94D2, 0xA554, 0xAD94,
  0xAD53, 0xAD54, 0xAD53, 0xAD73, 0xAD74, 0xAD74, 0xB594, 0xAD94, 0xAD94, 0xAD94, 0xAD74, 0xAD94,
  0xAD94, 0xAD74, 0xAD74, 0xB594, 0xB594, 0xB594, 0xB594, 0xB594, 0xB574, 0xB594, 0xAD94, 0xB594,
  0xAD73, 0xAD73, 0xB573, 0xAD73, 0xB573, 0xB594, 0xB594, 0xB594, 0xAD94, 0xB594, 0xAD94, 0xAD93,
  0xB5B3, 0xB5B3, 0xB593, 0xB594, 0xB593, 0xB573, 0xBD93, 0xB573, 0xAD52, 0xAD53, 0xAD53, 0xAD32,
  0xB553, 0xAD32, 0xA512, 0xA532, 0xA512, 0xA512, 0x9D12, 0x9CF2, 0xA4F2, 0xA512, 0xA512, 0x9CF2,
  0xA4F2, 0xA512, 0xA512, 0xA512, 0xA4F1, 0xA511, 0xA511, 0xAD11, 0xB551, 0xBD72, 0xBD71, 0xBD72,
  0xB572, 0xB572, 0xBD92, 0xBD92, 0xBD92, 0xBD92, 0xC592, 0xC5B3, 0xC5B2, 0xC592, 0xC592, 0xC5B2,
  0xCDD2, 0xCDB2, 0xC5B2, 0xC592, 0xA46A, 0xA429, 0x9C09, 0x9BE9, 0x93E9, 0x8BA9, 0x8388, 0x8368,
  0x7328, 0x6AE8, 0x6AE8, 0x6B08, 0x62C8, 0x5AA8, 0x5A87, 0x5267, 0x4A47, 0x4A47, 0x4227, 0x4227,
  0x4227, 0x4226, 0x4227, 0x4247, 0x4247, 0x3A27, 0x3A07, 0x3A07, 0x3A27, 0x3A07, 0x3A27, 0x4227,
  0x4227, 0x4247, 0x4248, 0x4248, 0x4248, 0x4267, 0x52A8, 0x52C9, 0x52A8, 0x52C9, 0x5AE9, 0x52A8,
  0x52A8, 0x52A8, 0x5AC9, 0x5AE9, 0x6329, 0x6B4A, 0x7B8A, 0x83CB, 0x8BEC, 0x8C0C, 0x8C0C, 0x942C,
  0x944D, 0x9C8D, 0x9C8D, 0x9C6C, 0x942C, 0x942D, 0x8BEC, 0x83CC, 0x7BAC, 0x736B, 0x632A, 0x5B0A,
  0x52C9, 0x52C9, 0x52A9, 0x4A89, 0x4268, 0x4248, 0x4248, 0x3A48, 0x3A48, 0x3A48, 0x3A28, 0x3A07,
  0x3A28, 0x4248, 0x4268, 0x4AA9, 0x5AEA, 0x52CA, 0x4A89, 0x4A89, 0x4A89, 0x4289, 0x4268, 0x4268,
  0x4268, 0x4A69, 0x4A89, 0x4A89, 0x4269, 0x4269, 0x4269, 0x3A28, 0x3207, 0x3A28, 0x3A07, 0x3A08,
  0x31E7, 0x31E8, 0x3A28, 0x4248, 0x4248, 0x4248, 0x4269, 0x4289, 0x4A89, 0x4268, 0x4268, 0x4269,
  0x4248, 0x3A48, 0x3A27, 0x3A07, 0x3A28, 0x3A07, 0x3207, 0x3A08, 0x3A08, 0x3A08, 0x3A28, 0x3A48,
  0x3A48, 0x3A28, 0x3A07, 0x31E7, 0x31E7, 0x31E7, 0x2985, 0x39E6, 0x94B0, 0x8C6F, 0x630A, 0x9490,
  0x736B, 0x8C0D, 0xB531, 0xE675, 0xE675, 0xDE55, 0xDE33, 0xE674, 0xE674, 0xE633, 0xF6D5, 0xFF17,
  0xFEF6, 0xFF17, 0x634B, 0x31C6, 0x5AE9, 0x5ACA, 0x4A89, 0x29C6, 0x29C7, 0x31C7, 0x3A28, 0x31E7,
  0x29C7, 0x29C7, 0x29C7, 0x29C7, 0x29C7, 0x29C7, 0x29C7, 0x31E7, 0x29E7, 0x29E7, 0x29E7, 0x29E7,
  0x31E8, 0x29E7, 0x29E7, 0x29E7, 0x29C7, 0x29C7, 0x29E7, 0x29C7, 0x29C7, 0x29C7, 0x29C7, 0x29C7,
  0x29E7, 0x29E8, 0x29E7, 0x29E7, 0x29E7, 0x29E8, 0x29E8, 0x29E8, 0x29C7, 0x29C7, 0x29E7, 0x29E8,
  0x29E8, 0x29E7, 0x29C7, 0x29E7, 0x31E8, 0x31E8, 0x31E8, 0x3208, 0x3208, 0x3208, 0x3208, 0x3208,
  0x3208, 0x3228, 0x3228, 0x3A28, 0x3208, 0x31C7, 0x636D, 0x4A89, 0x29A6, 0x3208, 0x3A08, 0x3A29,
  0x428A, 0x3A28, 0x4AAA, 0x52CA, 0x52CB, 0x3A49, 0x5B2C, 0x9CF2, 0xAD94, 0xB574, 0xB5B5, 0xB5B5,
  0xAD94, 0xAD94, 0xAD94, 0xAD94, 0xAD94, 0xAD94, 0xAD94, 0xAD94, 0xAD94, 0xB594, 0xB594, 0xB5B4,
  0xB5B4, 0xB5B4, 0xB594, 0xB594, 0xB594, 0xB594, 0xB594, 0xB594, 0xB594, 0xB594, 0xB594, 0xB594,
  0xB594, 0xB594, 0xB594, 0xB594, 0xAD73, 0xAD94, 0xB593, 0xB572, 0xB572, 0xB572, 0xB572, 0xB573,
  0xB553, 0xB533, 0xB532, 0xAD32, 0xAD12, 0xAD32, 0xAD32, 0xAD12, 0xA4F1, 0xA4D1, 0xA4F1, 0xA512,
  0xA4F2, 0xA4F2, 0xA4F1, 0x9CF1, 0x9CF1, 0x9CF2, 0x9CF1, 0x9CF1, 0x9CD1, 0x9CD1, 0x9CF1, 0x9CD1,
  0xA4F1, 0xA4D1, 0xA4F1, 0xA4F1, 0xACF0, 0xB510, 0xB510, 0xB511, 0xB532, 0xB551, 0xBD52, 0xBD92,
  0xBD72, 0xC592, 0xC592, 0xC5B2, 0xC5B2, 0xCDB2, 0xCDB2, 0xD5D2, 0xCDD2, 0xCDB2, 0xC592, 0xC591,
  0x9C29, 0x9C09, 0x93C9, 0x93C9, 0x93A9, 0x8B89, 0x8368, 0x7B48, 0x7328, 0x6B08, 0x6B08, 0x62E8,
  0x5AC8, 0x5AA8, 0x5AA8, 0x4A67, 0x4A67, 0x4A47, 0x4227, 0x4227, 0x4247, 0x4227, 0x4227, 0x4227,
  0x4227, 0x3A27, 0x3A07, 0x3A07, 0x3A07, 0x3A07, 0x3A27, 0x4247, 0x4248, 0x4248, 0x4248, 0x4A68,
  0x4A68, 0x4A88, 0x52A9, 0x52C9, 0x5AE9, 0x5AE9, 0x5AE9, 0x4A88, 0x52A9, 0x5AE9, 0x5AE9, 0x5B09,
  0x6309, 0x6B4A, 0x738A, 0x7B8A, 0x83CB, 0x8BEC, 0x8BEC, 0x8C0C, 0x942C, 0x946D, 0x9C8D, 0x9C6D,
  0x9C6C, 0x9C6D, 0x942C, 0x8BEC, 0x83CC, 0x738B, 0x6B4A, 0x5AE9, 0x5AC9, 0x5AC9, 0x5AEA, 0x52A9,
  0x4A68, 0x4A68, 0x4268, 0x4248, 0x4248, 0x4248, 0x3A48, 0x3A48, 0x4248, 0x4268, 0x4A69, 0x52A9,
  0x52CA, 0x5AEA, 0x52A9, 0x52A9, 0x52AA, 0x4AA9, 0x4268, 0x4288, 0x4AA9, 0x4AA9, 0x4AA9, 0x4A89,
  0x4269, 0x4269, 0x4269, 0x3A48, 0x3A28, 0x3A28, 0x3A28, 0x3A28, 0x3A08, 0x31E7, 0x3A28, 0x4268,
  0x4268, 0x4248, 0x4269, 0x4269, 0x4289, 0x4269, 0x4289, 0x4269, 0x4248, 0x3A48, 0x3A27, 0x3A28,
  0x3A28, 0x3A28, 0x3208, 0x3A08, 0x3A28, 0x3A08, 0x3A08, 0x3A08, 0x3A08, 0x3207, 0x31E7, 0x3208,
  0x31E7, 0x3208, 0x31E8, 0x31E7, 0x4268, 0x4AA9, 0x3A08, 0x4A69, 0x634D, 0x2965, 0x4A47, 0xBDB3,
  0xCDF5, 0x736B, 0xB551, 0xD634, 0xCDB3, 0xEEB5, 0xEEB4, 0xCDB0, 0xCDD2, 0xCDD2, 0x4289, 0x3208,
  0x29C7, 0x31E7, 0x31E7, 0x29C7, 0x29E7, 0x31E7, 0x29C7, 0x31E7, 0x31E7, 0x31E7, 0x31E7, 0x29C7,
  0x31E8, 0x31E8, 0x29E7, 0x29E7, 0x29E7, 0x31E8, 0x29E7, 0x31E8, 0x29E8, 0x29E8, 0x31E8, 0x31E8,
  0x31E8, 0x29C7, 0x31E8, 0x31E8, 0x29E8, 0x29E8, 0x29E8, 0x29E7, 0x31E8, 0x31E8, 0x31E8, 0x31E8,
  0x29E7, 0x29E8, 0x29E7, 0x29E8, 0x29E8, 0x29C7, 0x29E8, 0x29E8, 0x31E8, 0x29E7, 0x29E7, 0x31E8,
  0x31E8, 0x3208, 0x3208, 0x3208, 0x3208, 0x3208, 0x3228, 0x3208, 0x3228, 0x3228, 0x3228, 0x3A08,
  0x3208, 0x3208, 0x4269, 0x4AAA, 0x3A29, 0x3208, 0x3A08, 0x3A28, 0x31E8, 0x3208, 0x31E7, 0x31E7,
  0x4AAA, 0x3A49, 0x3208, 0x31E7, 0x6B6C, 0xAD75, 0x9CF2, 0x9D13, 0xAD95, 0xB5B5, 0xAD95, 0xB594,
  0xBDB4, 0xB594, 0xB594, 0xB593, 0xB594, 0xB5B4, 0xBDB4, 0xBDB4, 0xB5B4, 0xB5B4, 0xBDB4, 0xBDB4,
  0xB5B4, 0xB594, 0xB594, 0xB594, 0xB594, 0xB594, 0xB594, 0xB5B4, 0xB5B4, 0xC593, 0xC5B3, 0xBDB3,
  0xBD93, 0xB572, 0xB573, 0xB572, 0xB552, 0xBD52, 0xB552, 0xAD32, 0xAD32, 0xA532, 0x9CF1, 0x9CF1,
  0x9CF1, 0xA4F1, 0xA4D1, 0x9CD1, 0x9CD1, 0x9CB0, 0x94B0, 0x94B0, 0x9490, 0x9490, 0x9490, 0x94B0,
  0x9490, 0x9490, 0x9490, 0x8C90, 0x9490, 0x94B0, 0x94B0, 0x9CB0, 0x9CB0, 0x9CB0, 0x9CD1, 0x9CD1,
  0x9CD1, 0xA4D1, 0xA4F1, 0xAD11, 0xB531, 0xB531, 0xBD52, 0xBD72, 0xBD72, 0xC592, 0xBD92, 0xC592,
  0xC5B2, 0xC592, 0xC571, 0xC571, 0xC571, 0xC571, 0xBD51, 0xBD50, 0x9C09, 0x9BE9, 0x93C9, 0x8BA9,
  0x8BA9, 0x8389, 0x7B49, 0x7328, 0x6B08, 0x6B08, 0x6B08, 0x62E8, 0x5AC8, 0x5288, 0x5267, 0x4A67,
  0x4A47, 0x4A47, 0x4227, 0x4227, 0x4227, 0x4227, 0x4227, 0x4227, 0x4227, 0x3A27, 0x3A07, 0x3A07,
  0x3A07, 0x3A07, 0x3A07, 0x4248, 0x4248, 0x4247, 0x4A48, 0x4A68, 0x4A68, 0x4AA8, 0x52A9, 0x52A9,
  0x52C9, 0x52C8, 0x52A9, 0x4A88, 0x52A8, 0x5AE9, 0x5AE9, 0x5B09, 0x5B09, 0x6B4A, 0x736B, 0x736A,
  0x7B8B, 0x83AB, 0x83CB, 0x83EB, 0x8C0C, 0x944D, 0x9C6D, 0xA48D, 0x9C8D, 0x9C6D, 0x942D, 0x83CC,
  0x83CC, 0x7BCC, 0x736B, 0x632A, 0x630A, 0x630A, 0x632B, 0x5AEA, 0x52A9, 0x4A89, 0x4A89, 0x4268,
  0x4268, 0x4268, 0x4248, 0x4269, 0x4269, 0x4268, 0x4A89, 0x52A9, 0x52CA, 0x5AEA, 0x5AEA, 0x52EA,
  0x52CA, 0x4A89, 0x4288, 0x4A89, 0x4AA9, 0x52CA, 0x52CA, 0x4AA9, 0x4289, 0x4269, 0x4269, 0x4249,
  0x3A48, 0x4248, 0x4248, 0x3A28, 0x3207, 0x31E7, 0x3A07, 0x4248, 0x4248, 0x4248, 0x3A48, 0x4248,
  0x4289, 0x4289, 0x4269, 0x4248, 0x3A28, 0x3A28, 0x3A28, 0x3A08, 0x3A28, 0x3A28, 0x3A08, 0x3208,
  0x3208, 0x3208, 0x31E7, 0x3A07, 0x3A07, 0x31E7, 0x31E7, 0x31E8, 0x3208, 0x31E8, 0x31E8, 0x31E7,
  0x29C7, 0x31E7, 0x3208, 0x3208, 0x3A08, 0x31C7, 0x29A6, 0x5AEA, 0x632B, 0x31A6, 0x6B6C, 0x634B,
  0x5288, 0xC592, 0xDE75, 0x62C7, 0x5AC9, 0x5ACA, 0x31E7, 0x31E7, 0x31E8, 0x31E7, 0x31E7, 0x31E7,
  0x31E8, 0x29E7, 0x29E7, 0x31E7, 0x31E7, 0x31E7, 0x31C7, 0x31C7, 0x31E7, 0x31E7, 0x29E7, 0x31E7,
  0x31E8, 0x31E8, 0x31E7, 0x29E7, 0x29E8, 0x29E8, 0x31E8, 0x29E7, 0x31E8, 0x31E8, 0x29E8, 0x3208,
  0x3208, 0x31E8, 0x31E8, 0x31E8, 0x3208, 0x3208, 0x3208, 0x3208, 0x29E8, 0x31E8, 0x3208, 0x3208,
  0x3208, 0x31E8, 0x31E8, 0x31E8, 0x31E8, 0x31E8, 0x31E8, 0x3208, 0x3208, 0x3228, 0x3228, 0x3228,
  0x3208, 0x3228, 0x3228, 0x3228, 0x3A49, 0x3248, 0x3228, 0x3A08, 0x3A28, 0x3208, 0x3208, 0x3208,
  0x31E8, 0x31E8, 0x3208, 0x3208, 0x3208, 0x3208, 0x3208, 0x31E8, 0x29C7, 0x29E7, 0x3208, 0x31C8,
  0x426A, 0x6B8E, 0x3A49, 0x3A48, 0x6BAE, 0xAD74, 0xB594, 0xB574, 0x9491, 0xAD54, 0xB594, 0xB595,
  0xB5B5, 0xB594, 0xBDB4, 0xB5B4, 0xBDB4, 0xB594, 0xBD94, 0xBD94, 0xB594, 0xB594, 0xB594, 0xB573,
  0xB593, 0xB593, 0xB573, 0xB593, 0xB593, 0xBD73, 0xBD93, 0xBD93, 0xBD73, 0xB573, 0xB572, 0xB572,
  0xBD72, 0xBD72, 0xB572, 0xB532, 0xAD12, 0xA511, 0x9D12, 0x9CF2, 0x9CD1, 0x9CD1, 0x9CD1, 0x9CD1,
  0x9CD1, 0x94B1, 0x94B1, 0x94B1, 0x8C90, 0x8C90, 0x8C90, 0x8C90, 0x8C90, 0x8C70, 0x8C50, 0x8C50,
  0x8C50, 0x8C70, 0x8C70, 0x8C70, 0x8C70, 0x9490, 0x8C90, 0x94B0, 0x94D0, 0x9CD0, 0x9CD0, 0xA4D1,
  0xA4F1, 0xAD11, 0xAD11, 0xAD11, 0xAD31, 0xB552, 0xBD52, 0xBD51, 0xB531, 0xB531, 0xB531, 0xB531,
  0xB531, 0xBD51, 0xC571, 0xBD31, 0x9C0A, 0x9BE9, 0x93E9, 0x93C9, 0x8BA9, 0x8389, 0x8369, 0x7B49,
  0x7328, 0x6B28, 0x6B08, 0x62E8, 0x5AC8, 0x52A8, 0x5267, 0x4A67, 0x4A67, 0x4A67, 0x4A47, 0x4247,
  0x4247, 0x4247, 0x4247, 0x4227, 0x4227, 0x3A27, 0x3A07, 0x3A07, 0x3A07, 0x4227, 0x4227, 0x4248,
  0x4247, 0x4247, 0x4248, 0x4248, 0x4248, 0x4A88, 0x4A88, 0x4A68, 0x4A88, 0x52A8, 0x4A88, 0x4A88,
  0x52C9, 0x5AE9, 0x5AC9, 0x5AE9, 0x5AEA, 0x630A, 0x6B2A, 0x6B4A, 0x736A, 0x7B8B, 0x7BAB, 0x7BAB,
  0x83EC, 0x8C0C, 0x9C4D, 0xA48D, 0xA48D, 0x9C8D, 0x942D, 0x8BEC, 0x83EC, 0x83EC, 0x7BAC, 0x6B6B,
  0x632A, 0x632A, 0x634B, 0x632A, 0x52C9, 0x52A9, 0x4AA9, 0x4A89, 0x4268, 0x4268, 0x4268, 0x4269,
  0x4269, 0x4A89, 0x4AA9, 0x52A9, 0x52EA, 0x630A, 0x630B, 0x5AEA, 0x52EA, 0x52A9, 0x4AA9, 0x4AA9,
  0x52CA, 0x52CA, 0x5AEA, 0x52CA, 0x4A89, 0x4A89, 0x4AA9, 0x4289, 0x4248, 0x4269, 0x4269, 0x3A48,
  0x3A07, 0x3A08, 0x3A27, 0x3A28, 0x4248, 0x4248, 0x3A48, 0x4248, 0x4289, 0x4269, 0x4269, 0x4248,
  0x3A07, 0x3208, 0x3207, 0x3208, 0x3208, 0x3A28, 0x3A08, 0x3208, 0x3208, 0x31E7, 0x31E8, 0x3A08,
  0x3A28, 0x3A08, 0x31E7, 0x31E8, 0x31E8, 0x31E7, 0x3207, 0x31E7, 0x31E8, 0x3208, 0x29E7, 0x29E7,
  0x29C7, 0x31E8, 0x29C7, 0x31E7, 0x4269, 0x3A49, 0x3207, 0x4AA9, 0x4A89, 0x5248, 0x83EE, 0x6B2B,
  0x2985, 0x29A7, 0x31E7, 0x39E7, 0x31E7, 0x31E7, 0x31E7, 0x31E7, 0x31E7, 0x29E7, 0x29E7, 0x31E7,
  0x29E7, 0x31E7, 0x31E7, 0x31E8, 0x31E8, 0x31E7, 0x31E8, 0x31E7, 0x3208, 0x31E8, 0x29E7, 0x31E8,
  0x29E8, 0x3208, 0x3208, 0x29E8, 0x3208, 0x3208, 0x3208, 0x3208, 0x3208, 0x3208, 0x3208, 0x3208,
  0x3208, 0x3208, 0x3208, 0x3208, 0x3208, 0x3208, 0x31E8, 0x3208, 0x3208, 0x3208, 0x3208, 0x3208,
  0x3208, 0x3208, 0x3228, 0x3A29, 0x3A29, 0x3A28, 0x3A28, 0x3A28, 0x3228, 0x3A29, 0x3A29, 0x3228,
  0x3A29, 0x3249, 0x3A49, 0x3A28, 0x3A29, 0x3229, 0x3208, 0x3208, 0x31E8, 0x3208, 0x3208, 0x31E8,
  0x3208, 0x3208, 0x3208, 0x3208, 0x31E7, 0x31E7, 0x31E8, 0x31E8, 0x3A29, 0x3228, 0x29E8, 0x3228,
  0x6BCE, 0xAD74, 0xB595, 0x634C, 0x5B0C, 0x636D, 0x5B0C, 0x638D, 0xA554, 0xAD74, 0xA533, 0xA513,
  0xA513, 0xA513, 0xA532, 0xA512, 0xAD33, 0xAD53, 0xAD53, 0xAD33, 0xAD52, 0xAD32, 0xAD32, 0xAD32,
  0xAD32, 0xA512, 0xAD33, 0xAD53, 0xAD53, 0xAD33, 0xAD32, 0xAD32, 0xAD32, 0xAD11, 0xA511, 0xACF1,
  0xA4F1, 0xA4F1, 0xA4F2, 0x9CD2, 0x9CB1, 0x94B1, 0x94B1, 0x94B1, 0x94B0, 0x94B1, 0x9491, 0x94B1,
  0x8C91, 0x8C70, 0x8C91, 0x8C90, 0x8C90, 0x8C70, 0x8C70, 0x8C50, 0x8C50, 0x8C70, 0x8C70, 0x8C70,
  0x8C70, 0x8C90, 0x948F, 0x9CB0, 0x9CD0, 0x9CD0, 0x9CD0, 0x9CD0, 0x9CD0, 0x9CB0, 0x9CB0, 0x9CD0,
  0xA4F1, 0xA4F1, 0xA4D1, 0xA4D1, 0xA4D0, 0xA4D0, 0x9CD1, 0x9CD1, 0x9CB0, 0xA4F0, 0xACF0, 0xACD0,
  0xA46A, 0xA42A, 0x9C2A, 0x9C0A, 0x93C9, 0x8B89, 0x8369, 0x8369, 0x7B49, 0x7328, 0x6B08, 0x62E8,
  0x5AA8, 0x52A8, 0x5288, 0x4A67, 0x4A87, 0x4A88, 0x4A67, 0x4A47, 0x4A47, 0x4267, 0x4247, 0x4227,
  0x3A27, 0x3A27, 0x3A07, 0x3A07, 0x4207, 0x4227, 0x4247, 0x4247, 0x4267, 0x4267, 0x4247, 0x4A48,
  0x4A68, 0x4A88, 0x4A67, 0x4247, 0x4A68, 0x4A88, 0x4A88, 0x52A9, 0x52C9, 0x52C9, 0x52C9, 0x5AE9,
  0x5AE9, 0x5B09, 0x5B09, 0x5B09, 0x632A, 0x736B, 0x738B, 0x7BAB, 0x83EC, 0x8C0C, 0x944C, 0xA4AD,
  0xA48E, 0x9C8E, 0x9C6D, 0x942D, 0x8C2D, 0x8C0D, 0x83CC, 0x738B, 0x632A, 0x630A, 0x632B, 0x5B0A,
  0x52C9, 0x52A9, 0x4AA9, 0x4A89, 0x4268, 0x4268, 0x4289, 0x4A89, 0x4A89, 0x4A89, 0x4AA9, 0x52AA,
  0x52CA, 0x632B, 0x630B, 0x5AEA, 0x52EA, 0x52CA, 0x52A9, 0x5AEA, 0x5AEA, 0x52EA, 0x5AEA, 0x52CA,
  0x52A9, 0x52AA, 0x52CA, 0x4AAA, 0x4269, 0x4249, 0x4269, 0x4248, 0x3A28, 0x3A28, 0x3A28, 0x3A28,
  0x4249, 0x4269, 0x4248, 0x4269, 0x4A89, 0x4AA9, 0x4A89, 0x4248, 0x3A28, 0x3208, 0x3208, 0x3208,
  0x3A28, 0x3A28, 0x3A28, 0x3A08, 0x31E7, 0x31E8, 0x3A08, 0x3A08, 0x3A08, 0x3208, 0x31E7, 0x31E8,
  0x31E7, 0x31E7, 0x31E7, 0x31E7, 0x31E7, 0x31E7, 0x29E7, 0x29E7, 0x31E7, 0x31E8, 0x31E7, 0x31E8,
  0x31E8, 0x31E7, 0x3A28, 0x52CB, 0x4A48, 0x5289, 0x634C, 0x5AEB, 0x29A6, 0x31E7, 0x31E7, 0x31E7,
  0x29C7, 0x31E7, 0x31E7, 0x31E7, 0x31E8, 0x31E7, 0x31E7, 0x31E8, 0x29E7, 0x31E8, 0x3208, 0x31E8,
  0x31E8, 0x31E7, 0x31E8, 0x31E8, 0x31E8, 0x3208, 0x3208, 0x31E8, 0x3208, 0x3208, 0x31E8, 0x3208,
  0x3208, 0x3208, 0x3208, 0x3208, 0x3208, 0x3A28, 0x3208, 0x3208, 0x3208, 0x3209, 0x3209, 0x3209,
  0x3208, 0x3208, 0x3228, 0x3208, 0x3229, 0x3228, 0x3229, 0x3229, 0x3229, 0x3229, 0x3A29, 0x3A29,
  0x3A49, 0x3A29, 0x3A29, 0x3A29, 0x3A29, 0x3A29, 0x3A29, 0x3A29, 0x3A29, 0x3A49, 0x3A29, 0x3228,
  0x3208, 0x3229, 0x3228, 0x3228, 0x3208, 0x3208, 0x3208, 0x3208, 0x3208, 0x3A28, 0x3208, 0x3208,
  0x3208, 0x31E8, 0x31E8, 0x3208, 0x31E8, 0x31E8, 0x3208, 0x3228, 0x5B2C, 0x8471, 0x8C91, 0x31E7,
  0x4249, 0x52EB, 0x4AAA, 0x3208, 0x4289, 0x8470, 0x9D33, 0x9CF3, 0x9D13, 0x9D13, 0x9D13, 0x9D13,
  0xA513, 0xA513, 0xA513, 0xA4F2, 0xA4F2, 0x9CF2, 0x9CF2, 0x9CF1, 0x9CF1, 0x9CF1, 0x9CF1, 0x9CF2,
  0xA512, 0xA532, 0xA512, 0xA4F2, 0xA4F2, 0xA512, 0x9CF2, 0x9CD1, 0x9CD1, 0x9CD1, 0x9CB1, 0x9CB1,
  0x9491, 0x94B0, 0x9490, 0x8C90, 0x8C90, 0x9490, 0x8C90, 0x8C90, 0x8C70, 0x8C70, 0x8C50, 0x8C70,
  0x8C70, 0x8C70, 0x8C90, 0x8C90, 0x8C90, 0x8C90, 0x8C90, 0x8C90, 0x9490, 0x94B0, 0x9490, 0x9C90,
  0x9CB0, 0x9CB1, 0x9CB0, 0x9490, 0x9490, 0x9490, 0x9490, 0x9490, 0x94B0, 0x9CB0, 0x9490, 0x9CB0,
  0x9490, 0x9490, 0x9490, 0x9490, 0x9490, 0x9490, 0x94B0, 0x9CB0, 0xB4AB, 0xACAB, 0xA46A, 0xA44A,
  0x9C2A, 0x9C0A, 0x93C9, 0x8BA9, 0x7B49, 0x7329, 0x6B08, 0x6B08, 0x62C8, 0x5AC8, 0x52A8, 0x5288,
  0x5288, 0x5288, 0x5288, 0x5268, 0x4A67, 0x4A68, 0x4A67, 0x4247, 0x4227, 0x3A27, 0x4227, 0x4227,
  0x4227, 0x4247, 0x4A47, 0x4247, 0x4267, 0x4247, 0x4A68, 0x4A68, 0x4A68, 0x4A88, 0x4267, 0x4247,
  0x4247, 0x4268, 0x4A68, 0x4A88, 0x52A8, 0x52A8, 0x52A9, 0x52C9, 0x5AC9, 0x5AE9, 0x5AE9, 0x5AE9,
  0x632A, 0x736B, 0x738B, 0x7BAB, 0x83CC, 0x8C0D, 0x9C6D, 0xA4AE, 0x9C8D, 0x9C8D, 0x9C6D, 0x944D,
  0x946D, 0x8C2D, 0x7BCC, 0x738B, 0x6B4A, 0x632A, 0x630A, 0x5B0A, 0x5B0A, 0x52C9, 0x52A9, 0x4A89,
  0x4268, 0x4269, 0x4289, 0x4AA9, 0x4AA9, 0x4A89, 0x4AA9, 0x52A9, 0x52CA, 0x630A, 0x5B0B, 0x52EA,
  0x52CA, 0x5AEA, 0x5AEA, 0x632B, 0x632B, 0x5B0A, 0x52EA, 0x52CA, 0x52CA, 0x52CA, 0x52EA, 0x4ACA,
  0x4A89, 0x4249, 0x4249, 0x4269, 0x4248, 0x3A28, 0x4248, 0x3A48, 0x4248, 0x4269, 0x4269, 0x4A89,
  0x4AAA, 0x4AAA, 0x4A89, 0x4268, 0x3A48, 0x3A08, 0x3A08, 0x3A08, 0x3A28, 0x3A28, 0x3A28, 0x3A28,
  0x3208, 0x3A08, 0x3A08, 0x3A08, 0x3208, 0x31E7, 0x31E8, 0x3A08, 0x3208, 0x31E7, 0x31E7, 0x3208,
  0x31E7, 0x31E7, 0x29E7, 0x29E7, 0x29E7, 0x31E8, 0x31E7, 0x29E7, 0x29C7, 0x3A28, 0x4249, 0x4AAA,
  0x4A69, 0x4248, 0x3A07, 0x3208, 0x31E7, 0x31E8, 0x31E7, 0x31E7, 0x31E7, 0x31E7, 0x31E7, 0x3208,
  0x3208, 0x31E8, 0x31E8, 0x3208, 0x3208, 0x3208, 0x3208, 0x31E8, 0x3208, 0x3208, 0x3208, 0x31E8,
  0x31E8, 0x3208, 0x3208, 0x31E8, 0x3208, 0x3208, 0x3208, 0x3208, 0x3208, 0x3208, 0x3208, 0x3229,
  0x3229, 0x3A29, 0x3229, 0x3229, 0x3209, 0x3209, 0x3229, 0x3209, 0x3228, 0x3A49, 0x3A29, 0x3A49,
  0x3A29, 0x3A29, 0x3229, 0x3A49, 0x3A49, 0x3A49, 0x3A49, 0x3A49, 0x3A49, 0x3A49, 0x3A49, 0x3A29,
  0x3A49, 0x3A49, 0x3A29, 0x3A49, 0x3A49, 0x3A49, 0x3A29, 0x3A29, 0x3A29, 0x3229, 0x3228, 0x3228,
  0x3A28, 0x3A29, 0x3A28, 0x3208, 0x3208, 0x3208, 0x3208, 0x3208, 0x3208, 0x3228, 0x3208, 0x3208,
  0x31E8, 0x31E8, 0x29E8, 0x426A, 0x4AAB, 0x52CB, 0x3A28, 0x29A6, 0x29A6, 0x29C7, 0x31C7, 0x52EC,
  0x428A, 0x4A8A, 0xA554, 0xA534, 0xA533, 0x9D12, 0x9D13, 0x9CF3, 0x9CF3, 0x9CF3, 0x9CF2, 0x9CF2,
  0x9CD2, 0x9CD2, 0x9CD2, 0x9CD1, 0x9CD1, 0x94D1, 0x94D1, 0x9CD1, 0x9CD1, 0x9CD1, 0x9CD1, 0x9CF2,
  0x9CF1, 0x9CD1, 0x9CD1, 0x9CD1, 0x9CD1, 0x9CD1, 0x9CD1, 0x9CB1, 0x9CB1, 0x94B1, 0x94B1, 0x9490,
  0x8C90, 0x8C70, 0x8C70, 0x8C70, 0x8C70, 0x8C70, 0x8C50, 0x8450, 0x8450, 0x8C70, 0x8C70, 0x9491,
  0x9491, 0x8C90, 0x8C70, 0x9490, 0x94B0, 0x9490, 0x9490, 0x9CB0, 0x9CB0, 0x94B0, 0x9490, 0x9490,
  0x9470, 0x946F, 0x9490, 0x9490, 0x9470, 0x9470, 0x9470, 0x9470, 0x9490, 0x9490, 0x9490, 0x9490,
  0x9490, 0x9470, 0x9490, 0x9490, 0xB4CB, 0xB4CB, 0xAC8B, 0xAC8B, 0xA46B, 0xA44A, 0x9C0A, 0x93CA,
  0x8389, 0x7B49, 0x7328, 0x7329, 0x7329, 0x6B09, 0x5AC8, 0x5AA8, 0x52A8, 0x52A8, 0x52A8, 0x52A8,
  0x5288, 0x5288, 0x4A88, 0x4A68, 0x4267, 0x4247, 0x4247, 0x4227, 0x4227, 0x4A68, 0x4248, 0x4248,
  0x4A68, 0x4247, 0x4A68, 0x4A68, 0x4A68, 0x4267, 0x4A68, 0x4247, 0x4247, 0x4268, 0x4248, 0x4A48,
  0x4A68, 0x52A8, 0x52C9, 0x52C9, 0x5AE9, 0x5AE9, 0x52C9, 0x5AC9, 0x5B0A, 0x6B4A, 0x738B, 0x7BAB,
  0x7BAB, 0x83EC, 0x942C, 0x9C6D, 0x9C8D, 0x9C6D, 0x9C6D, 0x9C6D, 0x944D, 0x8C2D, 0x83EC, 0x7BAB,
  0x6B6B, 0x632A, 0x632A, 0x632B, 0x5B0A, 0x52C9, 0x52CA, 0x4AA9, 0x4A89, 0x4AA9, 0x4AA9, 0x4A89,
  0x4AA9, 0x52A9, 0x52AA, 0x52C9, 0x5AEA, 0x632B, 0x632B, 0x5AEA, 0x52CA, 0x5B0B, 0x632B, 0x634B,
  0x634B, 0x5B2B, 0x5AEA, 0x52EA, 0x5AEA, 0x52EA, 0x52CA, 0x4ACA, 0x4A89, 0x4269, 0x4248, 0x4269,
  0x4248, 0x3A48, 0x4269, 0x4248, 0x4269, 0x4A89, 0x4A8A, 0x4AAA, 0x4AAA, 0x4AAA, 0x4A89, 0x4269,
  0x4248, 0x4249, 0x4249, 0x3A48, 0x4249, 0x4249, 0x3A28, 0x3208, 0x3208, 0x3208, 0x3208, 0x3208,
  0x3A08, 0x3208, 0x31E8, 0x3A08, 0x3A08, 0x3208, 0x3208, 0x3208, 0x31E7, 0x31E7, 0x29E7, 0x29E7,
  0x29E7, 0x29E7, 0x31E7, 0x29E7, 0x29E7, 0x31E8, 0x3A28, 0x31E7, 0x3208, 0x3208, 0x29E7, 0x29E7,
  0x31E8, 0x31E8, 0x31E7, 0x31E7, 0x31E7, 0x31E7, 0x3208, 0x3208, 0x3208, 0x31E7, 0x31E7, 0x3208,
  0x3208, 0x3208, 0x3208, 0x3208, 0x3208, 0x3208, 0x3208, 0x3208, 0x3208, 0x3208, 0x31E8, 0x31E8,
  0x3208, 0x3229, 0x3A29, 0x3208, 0x3228, 0x3A29, 0x3229, 0x3229, 0x3A29, 0x3A49, 0x3A29, 0x3A29,
  0x3A49, 0x3229, 0x3229, 0x3A29, 0x3229, 0x3A29, 0x3A29, 0x3A49, 0x3A69, 0x3A49, 0x3A49, 0x3A69,
  0x3A6A, 0x3A69, 0x426A, 0x426A, 0x426A, 0x3A6A, 0x426A, 0x3A69, 0x3A49, 0x3A49, 0x3A49, 0x3A49,
  0x3A49, 0x3A29, 0x3A29, 0x3A29, 0x3A29, 0x3229, 0x3228, 0x3228, 0x3A28, 0x3A29, 0x3A28, 0x3228,
  0x3228, 0x3208, 0x3208, 0x3208, 0x3208, 0x3208, 0x3208, 0x31E8, 0x31E8, 0x29C8, 0x29E8, 0x29C8,
  0x29C8, 0x3209, 0x29C7, 0x29C7, 0x29E7, 0x29C7, 0x29C7, 0x4269, 0x426A, 0x29A7, 0x6BCF, 0x8471,
  0x8450, 0xA533, 0x9D13, 0x9D13, 0x9D13, 0x9CF3, 0x9CF3, 0x9CF3, 0x9CF3, 0x9CF2, 0x9CD2, 0x9CD2,
  0x9CD2, 0x9CD1, 0x9CD1, 0x9CD1, 0x9CD1, 0x94D1, 0x9CD1, 0x9CB1, 0x94B1, 0x94B1, 0x94B1, 0x94B1,
  0x94B1, 0x94B0, 0x94B1, 0x94D1, 0x94B1, 0x94B1, 0x94B1, 0x94B1, 0x8C91, 0x8C91, 0x8C90, 0x8C70,
  0x8C70, 0x8470, 0x8C70, 0x8470, 0x8470, 0x8450, 0x8C70, 0x8C70, 0x8C70, 0x8C70, 0x8C70, 0x8C70,
  0x8C90, 0x8C90, 0x8C70, 0x9490, 0x9490, 0x8C70, 0x8C70, 0x8C70, 0x8C70, 0x8C70, 0x8C70, 0x8C70,
  0x8C70, 0x8C70, 0x8C70, 0x8C70, 0x8C70, 0x9490, 0x8C90, 0x8C70, 0x8C90, 0x8C70, 0x844F, 0x844F,
  0xB4CB, 0xB4CB, 0xACAB, 0xAC8B, 0xA46B, 0xA46A, 0xA44A, 0x9C0A, 0x93CA, 0x8B89, 0x8369, 0x7B49,
  0x7349, 0x7329, 0x62E8, 0x5AC8, 0x5AC8, 0x5AA8, 0x5AA8, 0x5AA8, 0x5AA8, 0x52A8, 0x5288, 0x5288,
  0x4A88, 0x4A68, 0x4247, 0x4247, 0x4A68, 0x4A68, 0x4248, 0x4A68, 0x4A68, 0x4A68, 0x4A48, 0x4268,
  0x4268, 0x4247, 0x4268, 0x4268, 0x4247, 0x4247, 0x4227, 0x4248, 0x4A68, 0x4A88, 0x52A9, 0x52A9,
  0x52C9, 0x5AE9, 0x52A9, 0x52C9, 0x5AEA, 0x5B09, 0x634A, 0x738B, 0x7BAC, 0x7BCC, 0x8BEC, 0x942C,
  0x946D, 0x944D, 0x946D, 0x9C6D, 0x9C6D, 0x944D, 0x840C, 0x7BEC, 0x738B, 0x6B4B, 0x6B4B, 0x6B4B,
  0x632B, 0x5AEA, 0x52CA, 0x52A9, 0x4AA9, 0x52AA, 0x4AA9, 0x52A9, 0x52CA, 0x52CA, 0x52CA, 0x5AEA,
  0x632B, 0x634B, 0x632B, 0x5B0A, 0x5AEA, 0x5B0B, 0x632B, 0x634B, 0x6B6C, 0x634B, 0x5B0A, 0x5B0B,
  0x5B2B, 0x5B0B, 0x52EA, 0x4ACA, 0x4AA9, 0x4269, 0x4248, 0x3A28, 0x3A28, 0x4248, 0x4269, 0x4269,
  0x4289, 0x4AAA, 0x52CA, 0x52CA, 0x4AAA, 0x4ACA, 0x4AAA, 0x4A89, 0x4269, 0x4269, 0x4269, 0x4249,
  0x4269, 0x4249, 0x3A49, 0x3A28, 0x3208, 0x3208, 0x3A28, 0x3A28, 0x3A08, 0x31E8, 0x31E8, 0x3A08,
  0x3A08, 0x3208, 0x31E7, 0x31E7, 0x31E7, 0x31E7, 0x3208, 0x3208, 0x31E7, 0x31E8, 0x3208, 0x3208,
  0x31E8, 0x29E7, 0x29E7, 0x31E7, 0x31E8, 0x29E8, 0x29E8, 0x31E8, 0x31E8, 0x31E8, 0x31E8, 0x3208,
  0x31E8, 0x31E8, 0x3208, 0x3208, 0x3208, 0x31E8, 0x31E7, 0x3208, 0x3208, 0x3208, 0x3208, 0x3208,
  0x3208, 0x3208, 0x3208, 0x3208, 0x3208, 0x3208, 0x3208, 0x31E8, 0x3208, 0x3A29, 0x3A49, 0x3229,
  0x3228, 0x3A29, 0x3A29, 0x3A49, 0x3229, 0x3229, 0x3A29, 0x3A29, 0x3A49, 0x3A49, 0x3A49, 0x3A49,
  0x3A29, 0x3A49, 0x3A69, 0x3A49, 0x3A6A, 0x3A69, 0x3A49, 0x3A69, 0x426A, 0x428A, 0x428A, 0x428A,
  0x428A, 0x426A, 0x426A, 0x3A6A, 0x3A49, 0x3A49, 0x3A29, 0x3A29, 0x3A49, 0x3A49, 0x3228, 0x3228,
  0x3A29, 0x3229, 0x3228, 0x3228, 0x3A28, 0x3228, 0x3A28, 0x3228, 0x3208, 0x3208, 0x3208, 0x3208,
  0x3208, 0x3208, 0x3208, 0x31E8, 0x31E8, 0x29E8, 0x31E8, 0x31E8, 0x31E8, 0x31E8, 0x29C8, 0x29C7,
  0x29C7, 0x29C7, 0x29C7, 0x29A7, 0x29A7, 0x2187, 0x428A, 0x3A49, 0x5B4C, 0xA534, 0x9D14, 0x9D14,
  0x9D13, 0x9D13, 0x9CF3, 0x9CF3, 0x9CF3, 0x9CF2, 0x9CF2, 0x9CF2, 0x9CD2, 0x9CD2, 0x9CF2, 0x9CF2,
  0x9CD1, 0x9CD1, 0x9CD2, 0x94B2, 0x94B1, 0x94B1, 0x94B1, 0x94B1, 0x94B1, 0x9491, 0x8C91, 0x8C91,
  0x8C91, 0x8C91, 0x8C91, 0x8C71, 0x8C71, 0x8C71, 0x8C70, 0x8C90, 0x8450, 0x8450, 0x8450, 0x8430,
  0x8450, 0x8450, 0x8450, 0x8450, 0x8C70, 0x8C70, 0x8C50, 0x8C70, 0x8C70, 0x8C70, 0x8C70, 0x8C70,
  0x8C70, 0x8C70, 0x8C50, 0x844F, 0x8C50, 0x8450, 0x8450, 0x8450, 0x8450, 0x8C50, 0x8C50, 0x8C50,
  0x8C50, 0x8C50, 0x844F, 0x844F, 0x8C50, 0x8450, 0x842F, 0x840F, 0xB4EC, 0xB4CC, 0xACAC, 0xAC8B,
  0xA46B, 0xA44A, 0xA44B, 0x9C2A, 0x9C2A, 0x9C0A, 0x93CA, 0x8369, 0x7B69, 0x7349, 0x7329, 0x6B29,
  0x62E9, 0x5AE8, 0x5AE9, 0x5AC8, 0x5AA8, 0x52A8, 0x52A8, 0x52A8, 0x4A88, 0x4A87, 0x4A67, 0x4A67,
  0x4A68, 0x4A68, 0x4248, 0x4A48, 0x4A68, 0x4A68, 0x4A68, 0x4268, 0x4247, 0x4247, 0x4247, 0x4248,
  0x4247, 0x4227, 0x4227, 0x4248, 0x4A68, 0x4A88, 0x4A88, 0x4AA9, 0x52C9, 0x52A9, 0x52A9, 0x4AA9,
  0x52C9, 0x5B09, 0x634A, 0x6B4A, 0x738B, 0x7BCC, 0x83CC, 0x83EC, 0x8C2D, 0x944D, 0x946D, 0x9C8D,
  0x9C8D, 0x9C6D, 0x8C2D, 0x83EC, 0x7BCC, 0x738B, 0x6B6B, 0x6B6B, 0x6B6C, 0x634B, 0x630B, 0x5AEA,
  0x52A9, 0x52A9, 0x52CA, 0x52CA, 0x52CA, 0x52CA, 0x5ACA, 0x5AEA, 0x632B, 0x634B, 0x634B, 0x634B,
  0x632B, 0x5B2B, 0x634B, 0x634B, 0x6B6B, 0x634B, 0x632B, 0x634B, 0x634C, 0x5B2B, 0x5B0B, 0x52CA,
  0x4ACA, 0x4289, 0x4248, 0x3A28, 0x3A28, 0x4249, 0x4289, 0x4A89, 0x4AAA, 0x52CA, 0x52CA, 0x52CA,
  0x52CA, 0x4AAA, 0x4A89, 0x4269, 0x4269, 0x4269, 0x4269, 0x4249, 0x4249, 0x4249, 0x4249, 0x3A49,
  0x3A28, 0x3A28, 0x3A49, 0x3A49, 0x3A08, 0x3208, 0x3208, 0x3208, 0x3208, 0x3208, 0x31E7, 0x3208,
  0x3208, 0x3208, 0x3208, 0x3208, 0x3208, 0x31E8, 0x3208, 0x3208, 0x3208, 0x3208, 0x2A08, 0x29E8,
  0x3208, 0x31E8, 0x31E8, 0x3208, 0x3208, 0x31E8, 0x3208, 0x3208, 0x31E8, 0x31E8, 0x3208, 0x31E8,
  0x3208, 0x3208, 0x3208, 0x3208, 0x3208, 0x3208, 0x3228, 0x3208, 0x3208, 0x3208, 0x3208, 0x3229,
  0x3228, 0x3208, 0x3208, 0x3208, 0x3229, 0x3A29, 0x3A29, 0x3A49, 0x3229, 0x3A4A, 0x3A4A, 0x3A6A,
  0x3A4A, 0x3A49, 0x3A49, 0x3A49, 0x3A4A, 0x3A4A, 0x3A49, 0x3A49, 0x3A49, 0x426A, 0x428A, 0x426A,
  0x3A6A, 0x3A6A, 0x426A, 0x426A, 0x426A, 0x426A, 0x428A, 0x428A, 0x426A, 0x426A, 0x3A49, 0x3A49,
  0x3A49, 0x3A49, 0x3229, 0x3A29, 0x3A49, 0x3A49, 0x3229, 0x3208, 0x3228, 0x3229, 0x3228, 0x3228,
  0x3228, 0x3208, 0x3228, 0x3208, 0x3208, 0x3208, 0x3208, 0x3208, 0x3208, 0x31E8, 0x3208, 0x31E8,
  0x31E8, 0x31E8, 0x31E8, 0x29E7, 0x29E7, 0x29E8, 0x29C7, 0x29A7, 0x29A7, 0x29C7, 0x29C7, 0x29C7,
  0x29C7, 0x29C7, 0x29C7, 0x29C7, 0x31E8, 0x8C92, 0xA575, 0x9D14, 0x9CF3, 0x9CF3, 0x9CF3, 0x9CF2,
  0x9CF2, 0x9CF2, 0x9CF2, 0x9CF2, 0x9CD2, 0x9CD2, 0x9CD2, 0x9CD1, 0x94D1, 0x94D1, 0x94B2, 0x94B2,
  0x94B1, 0x94B1, 0x8CB1, 0x8CB1, 0x8C91, 0x8C91, 0x8C91, 0x8C91, 0x8C71, 0x8C70, 0x8C70, 0x8450,
  0x8470, 0x8450, 0x8470, 0x8450, 0x8450, 0x8430, 0x8430, 0x8430, 0x8430, 0x8430, 0x8430, 0x8450,
  0x8430, 0x8450, 0x8430, 0x8430, 0x8450, 0x8450, 0x8430, 0x8430, 0x8430, 0x8450, 0x8450, 0x8430,
  0x8450, 0x842F, 0x842F, 0x842F, 0x842F, 0x8430, 0x842F, 0x8430, 0x8430, 0x842F, 0x842F, 0x844F,
  0x8450, 0x8430, 0x840F, 0x7C0F, 0xB4EC, 0xB4CC, 0xB4AC, 0xACAC, 0xAC6B, 0xA46B, 0xA46B, 0xA46B,
  0xA44B, 0x9C2B, 0x940B, 0x8BAA, 0x838A, 0x7B6A, 0x7349, 0x734A, 0x734A, 0x6B09, 0x62E8, 0x62E8,
  0x62C8, 0x5AA8, 0x52A8, 0x52C8, 0x52A8, 0x52A8, 0x4A88, 0x4A68, 0x4A68, 0x4A68, 0x4248, 0x4A68,
  0x4A88, 0x4A88, 0x4A68, 0x4268, 0x4248, 0x4247, 0x4247, 0x4247, 0x4247, 0x4247, 0x4248, 0x4248,
  0x4268, 0x4248, 0x4A68, 0x4A88, 0x4AA8, 0x4AA9, 0x52C9, 0x4AA9, 0x4AA9, 0x5B0A, 0x632A, 0x632A,
  0x6B6B, 0x73AB, 0x7BCC, 0x7BCC, 0x8BEC, 0x942D, 0x9C6D, 0x9C8D, 0x9C8E, 0x9C8E, 0x946E, 0x8C2D,
  0x83EC, 0x7BCC, 0x738B, 0x738C, 0x738C, 0x736C, 0x6B4B, 0x632B, 0x5B0A, 0x5AEA, 0x5AEA, 0x5AEA,
  0x5AEA, 0x52CA, 0x52EA, 0x5B0B, 0x634B, 0x6B4B, 0x6B6B, 0x6B6B, 0x634B, 0x634B, 0x634B, 0x634B,
  0x634B, 0x6B4B, 0x6B4B, 0x736C, 0x6B6C, 0x634B, 0x5B2B, 0x52EA, 0x4ACA, 0x4A89, 0x4269, 0x4248,
  0x4249, 0x4269, 0x4269, 0x4A89, 0x4ACA, 0x52CA, 0x4AAA, 0x4AAA, 0x52CA, 0x4AAA, 0x4269, 0x4269,
  0x4269, 0x4289, 0x4269, 0x4269, 0x4269, 0x4269, 0x4269, 0x4269, 0x3A49, 0x3A28, 0x3A28, 0x3A28,
  0x3A28, 0x3A28, 0x3A28, 0x3A08, 0x3208, 0x3208, 0x3208, 0x3208, 0x3208, 0x3228, 0x3208, 0x3208,
  0x3208, 0x3208, 0x3208, 0x3208, 0x3208, 0x3208, 0x3208, 0x3208, 0x3208, 0x3208, 0x3208, 0x3208,
  0x31E8, 0x3208, 0x3208, 0x3208, 0x3208, 0x3208, 0x31E8, 0x31E8, 0x3208, 0x3208, 0x3208, 0x3228,
  0x3228, 0x3228, 0x3228, 0x3208, 0x3208, 0x3208, 0x3228, 0x3228, 0x3228, 0x3208, 0x3229, 0x3229,
  0x3229, 0x3229, 0x3229, 0x3A49, 0x3A49, 0x3A69, 0x426A, 0x426A, 0x426A, 0x3A6A, 0x426A, 0x3A6A,
  0x426A, 0x426A, 0x426A, 0x426A, 0x426A, 0x428A, 0x428A, 0x426A, 0x426A, 0x428A, 0x428A, 0x426A,
  0x426A, 0x428A, 0x428A, 0x426A, 0x426A, 0x426A, 0x3A49, 0x3A49, 0x3A49, 0x3A29, 0x3208, 0x3A08,
  0x3A29, 0x3A29, 0x3A28, 0x3228, 0x3A28, 0x3228, 0x3229, 0x3A29, 0x3228, 0x3208, 0x3208, 0x3208,
  0x3208, 0x3229, 0x3229, 0x3228, 0x3208, 0x29E8, 0x31E8, 0x29E8, 0x29E7, 0x29E7, 0x31E8, 0x31E8,
  0x29E7, 0x29E7, 0x29E7, 0x29E7, 0x29C7, 0x29C7, 0x29C7, 0x29C7, 0x29C7, 0x29E7, 0x31E8, 0x31E8,
  0x29C7, 0x636E, 0x7C10, 0x8CD3, 0x94F2, 0x94D2, 0x9CD3, 0x9CF3, 0x94F3, 0x9CF3, 0x94D2, 0x94D2,
  0x9CD2, 0x9CF2, 0x9CD2, 0x94D2, 0x9CD2, 0x9CD2, 0x9CD2, 0x94B2, 0x94B2, 0x94B2, 0x94B1, 0x94B1,
  0x9491, 0x8C91, 0x8C71, 0x8C71, 0x8471, 0x8470, 0x8471, 0x8470, 0x8450, 0x8450, 0x7C50, 0x7C30,
  0x7C30, 0x7C30, 0x7C30, 0x7C30, 0x7C10, 0x7C10, 0x7C10, 0x7C30, 0x7C30, 0x7C30, 0x7C30, 0x7C30,
  0x7C30, 0x8430, 0x8430, 0x8430, 0x8430, 0x8430, 0x8430, 0x8430, 0x7C30, 0x7C0F, 0x8430, 0x7C0F,
  0x7C0F, 0x840F, 0x842F, 0x842F, 0x840F, 0x840F, 0x840F, 0x842F, 0x8430, 0x842F, 0x7C0F, 0x7BEF,
  0xB4CC, 0xB4CC, 0xACAC, 0xACAC, 0xAC8B, 0xA48B, 0xA46B, 0xA46B, 0x9C4B, 0x9C2B, 0x940B, 0x8BAA,
  0x838A, 0x7B6A, 0x7B6A, 0x7B6A, 0x736A, 0x734A, 0x6B29, 0x6B09, 0x6B09, 0x62E9, 0x5AC8, 0x52C8,
  0x5AC9, 0x5AC8, 0x5288, 0x52A8, 0x4A88, 0x4A88, 0x52A8, 0x4A88, 0x4A88, 0x4A68, 0x4247, 0x4247,
  0x4248, 0x4248, 0x4247, 0x4247, 0x4247, 0x4268, 0x4268, 0x4268, 0x4248, 0x4247, 0x4248, 0x4268,
  0x4A88, 0x4AA9, 0x52C9, 0x52C9, 0x52C9, 0x52EA, 0x5B0A, 0x630A, 0x6B4A, 0x736B, 0x73AB, 0x7BAC,
  0x8BEC, 0x944D, 0x9C6D, 0x9C6D, 0x9C6D, 0x9C8E, 0x948E, 0x8C4D, 0x8C2D, 0x840D, 0x7BCC, 0x738C,
  0x738C, 0x738C, 0x6B6C, 0x6B4B, 0x632B, 0x632B, 0x5B0A, 0x5B0B, 0x5B0B, 0x5AEA, 0x5B0B, 0x5B2B,
  0x634B, 0x6B6C, 0x6B6C, 0x6B6C, 0x6B6B, 0x632B, 0x634B, 0x636B, 0x632B, 0x632B, 0x736C, 0x738C,
  0x6B8C, 0x634C, 0x632B, 0x52EA, 0x52CA, 0x52CA, 0x52CA, 0x4AAA, 0x4AAA, 0x4A8A, 0x4A89, 0x4A89,
  0x4AAA, 0x4AAA, 0x4AA9, 0x4AAA, 0x4AAA, 0x4AAA, 0x4A8A, 0x4A89, 0x4A89, 0x4A89, 0x4289, 0x4269,
  0x4269, 0x4269, 0x428A, 0x4269, 0x3A49, 0x3A49, 0x3A49, 0x3A28, 0x3A28, 0x3A48, 0x3A28, 0x3A28,
  0x3208, 0x3208, 0x3208, 0x3208, 0x3208, 0x3208, 0x3208, 0x3208, 0x3208, 0x3208, 0x3208, 0x3208,
  0x3208, 0x3208, 0x3228, 0x3228, 0x3208, 0x3228, 0x3208, 0x3208, 0x3208, 0x3208, 0x3208, 0x31E8,
  0x3208, 0x3208, 0x3208, 0x3208, 0x3208, 0x3208, 0x3208, 0x3228, 0x3208, 0x3208, 0x3A28, 0x3228,
  0x3208, 0x3228, 0x3A49, 0x3229, 0x3228, 0x3229, 0x3A29, 0x3A29, 0x3229, 0x3229, 0x3229, 0x3A49,
  0x3A4A, 0x426A, 0x428A, 0x428A, 0x428A, 0x428A, 0x428A, 0x428A, 0x428B, 0x4AAB, 0x4AAB, 0x428B,
  0x428A, 0x42AB, 0x428A, 0x428A, 0x428A, 0x42AA, 0x428A, 0x426A, 0x3A69, 0x3A6A, 0x3A6A, 0x3A69,
  0x3A6A, 0x3A69, 0x3A49, 0x3A29, 0x3229, 0x3228, 0x3208, 0x3208, 0x3208, 0x3228, 0x3228, 0x3228,
  0x3228, 0x3208, 0x3208, 0x3208, 0x3208, 0x3208, 0x3228, 0x3208, 0x3208, 0x3208, 0x3208, 0x3208,
  0x3208, 0x31E8, 0x31E8, 0x3208, 0x31E8, 0x29E8, 0x31E8, 0x3208, 0x31E8, 0x31E8, 0x29E7, 0x29C7,
  0x29C7, 0x29C7, 0x29E7, 0x29E7, 0x29C7, 0x29C7, 0x29E7, 0x29E8, 0x29C7, 0x29C7, 0x29A6, 0x5B2C,
  0x94F3, 0x9CF3, 0x9CF3, 0x94D3, 0x9D34, 0x94F3, 0x94D2, 0x9CD2, 0x9CD2, 0x9CD2, 0x9CD2, 0x9CD2,
  0x9CD2, 0x9CD2, 0x9CD2, 0x94D2, 0x94D2, 0x94D2, 0x94B2, 0x94B2, 0x94B2, 0x8CB2, 0x8C71, 0x8C71,
  0x8471, 0x8470, 0x8470, 0x8470, 0x8450, 0x8450, 0x7C50, 0x7C30, 0x7C30, 0x7C10, 0x7C10, 0x7C30,
  0x7C0F, 0x7C10, 0x7C10, 0x7C10, 0x7C10, 0x7C0F, 0x7C30, 0x8430, 0x8430, 0x8430, 0x8430, 0x8430,
  0x8430, 0x7C30, 0x7C0F, 0x7C0F, 0x7C0F, 0x7C0F, 0x7C0F, 0x7C0F, 0x7C0F, 0x7C0F, 0x7C0F, 0x7C2F,
  0x7C0F, 0x7C0F, 0x7C0F, 0x7C0F, 0x7C10, 0x7C0F, 0x7C0F, 0x7BEF, 0xACCC, 0xACAC, 0xAC8C, 0xAC8C,
  0xA46B, 0xA46B, 0xA46B, 0x9C4B, 0x9C4B, 0x9C2B, 0x93EB, 0x8BCA, 0x83AA, 0x7B6A, 0x7B6A, 0x7B6A,
  0x7B6A, 0x7B6A, 0x736A, 0x734A, 0x6B29, 0x6309, 0x5AC8, 0x52C8, 0x5AC8, 0x5AC9, 0x52C8, 0x52C8,
  0x52C8, 0x52A8, 0x52C9, 0x52A8, 0x4A68, 0x4A68, 0x4268, 0x4268, 0x4268, 0x4247, 0x4247, 0x4247,
  0x4247, 0x4247, 0x4227, 0x4248, 0x4248, 0x4248, 0x4248, 0x4248, 0x4268, 0x4268, 0x4AA9, 0x4AA9,
  0x4AA9, 0x4AA9, 0x52E9, 0x5B0A, 0x634A, 0x6B6B, 0x736B, 0x738B, 0x83EC, 0x944D, 0x9C4D, 0x944D,
  0x946E, 0x946E, 0x946E, 0x946E, 0x8C4D, 0x840D, 0x83ED, 0x7BCC, 0x7BCC, 0x7BAC, 0x6B8C, 0x6B4B,
  0x634B, 0x632B, 0x5B0A, 0x5B2B, 0x5B0B, 0x5B0B, 0x632B, 0x634B, 0x634B, 0x6B6C, 0x6B6C, 0x6B6B,
  0x634B, 0x634B, 0x634B, 0x6B6B, 0x632B, 0x6B4B, 0x6B6C, 0x6B6C, 0x6B6C, 0x6B6C, 0x634B, 0x5B2B,
  0x530A, 0x530B, 0x5B0B, 0x52EB, 0x52CA, 0x52CB, 0x4ACA, 0x4ACA, 0x4ACA, 0x4AA9, 0x4269, 0x4289,
  0x4AAA, 0x4AAA, 0x4A8A, 0x4A89, 0x4269, 0x4269, 0x4A89, 0x4269, 0x4269, 0x4269, 0x4A8A, 0x426A,
  0x4269, 0x4269, 0x3A49, 0x3A28, 0x3A28, 0x3A28, 0x3A28, 0x3A28, 0x3A28, 0x3228, 0x3208, 0x3228,
  0x3208, 0x3208, 0x3208, 0x3208, 0x3228, 0x3208, 0x3228, 0x3228, 0x3228, 0x3228, 0x3208, 0x3228,
  0x3228, 0x3228, 0x3228, 0x3208, 0x3228, 0x3228, 0x3208, 0x3208, 0x3208, 0x3228, 0x3228, 0x3208,
  0x3228, 0x3228, 0x3228, 0x3228, 0x3208, 0x3208, 0x3228, 0x3228, 0x3228, 0x3A49, 0x3229, 0x3229,
  0x3229, 0x3229, 0x3229, 0x3229, 0x3229, 0x3209, 0x3229, 0x3A49, 0x3A49, 0x426A, 0x428A, 0x428A,
  0x42AA, 0x42AA, 0x428B, 0x428B, 0x4AAB, 0x4ACB, 0x4AAB, 0x4AAB, 0x4AAB, 0x4ACB, 0x4ACB, 0x4AAB,
  0x4AAB, 0x4AAB, 0x42AA, 0x426A, 0x3A69, 0x3A49, 0x3A49, 0x3A49, 0x3A69, 0x3A69, 0x3A49, 0x3A29,
  0x3228, 0x3228, 0x3208, 0x31E8, 0x31E8, 0x3228, 0x3228, 0x3228, 0x3228, 0x3208, 0x31E8, 0x31E8,
  0x3208, 0x3208, 0x3228, 0x3208, 0x3208, 0x3208, 0x3208, 0x3208, 0x3208, 0x3208, 0x3208, 0x3208,
  0x31E8, 0x3208, 0x3208, 0x31E8, 0x29E8, 0x31E8, 0x31E8, 0x29C7, 0x29C7, 0x29E7, 0x29E8, 0x29E7,
  0x29E7, 0x29C7, 0x29C7, 0x29E7, 0x29C7, 0x29C7, 0x29C7, 0x29A6, 0x6BCE, 0x9D54, 0x530C, 0x4A8A,
  0x8471, 0x9D34, 0x94D2, 0x94B2, 0x94D2, 0x9CD2, 0x9CD2, 0x9CD2, 0x9CF2, 0x9CD2, 0x9CD2, 0x94B2,
  0x94D2, 0x94D2, 0x94D2, 0x94B2, 0x8CB2, 0x8CB2, 0x8C91, 0x8C91, 0x8C91, 0x8471, 0x8471, 0x8471,
  0x8470, 0x8450, 0x8450, 0x8450, 0x8430, 0x7C30, 0x7C30, 0x7C30, 0x7C30, 0x7C30, 0x7C30, 0x7C30,
  0x7C30, 0x8430, 0x7C30, 0x8430, 0x8450, 0x8450, 0x8450, 0x8450, 0x8430, 0x8430, 0x7C30, 0x7C30,
  0x7C0F, 0x7C0F, 0x7C0F, 0x7C0F, 0x7C0F, 0x740F, 0x740F, 0x740F, 0x740F, 0x740F, 0x7C0F, 0x7C0F,
  0x7C0F, 0x740F, 0x740F, 0x7C0F, 0xA48C, 0xACAC, 0xA48C, 0xA48C, 0xA48C, 0xA46B, 0x9C6B, 0x9C4B,
  0x9C2B, 0x9C2B, 0x940B, 0x8BCB, 0x83AA, 0x7BAA, 0x736A, 0x736A, 0x7B6A, 0x7B6A, 0x7B6A, 0x736A,
  0x734A, 0x6B29, 0x6309, 0x5AE9, 0x5AE8, 0x62E9, 0x52C8, 0x52A8, 0x52A8, 0x52A8, 0x52A8, 0x4A88,
  0x4268, 0x4268, 0x4268, 0x4268, 0x4248, 0x3A27, 0x4247, 0x4248, 0x4248, 0x4247, 0x3A48, 0x3A48,
  0x4248, 0x4248, 0x4248, 0x4248, 0x4248, 0x4268, 0x4268, 0x4268, 0x4A88, 0x4A89, 0x52C9, 0x5B0A,
  0x634B, 0x6B6B, 0x736B, 0x738B, 0x7BCC, 0x8C0D, 0x942D, 0x944D, 0x944E, 0x946E, 0x9C8E, 0x948E,
  0x944E, 0x8C2D, 0x840D, 0x83ED, 0x7BCD, 0x7BAC, 0x738C, 0x634B, 0x634B, 0x6B6B, 0x634B, 0x5B2B,
  0x5B2B, 0x632B, 0x634B, 0x634B, 0x636B, 0x634B, 0x634B, 0x634B, 0x634B, 0x634B, 0x6B6C, 0x6B6C,
  0x6B6C, 0x6B6C, 0x6B6C, 0x6B6C, 0x6B6C, 0x6B6B, 0x634B, 0x5B4B, 0x5B2B, 0x5B2B, 0x5B2B, 0x5B0B,
  0x52EB, 0x52EB, 0x52EA, 0x52CA, 0x52CA, 0x4AAA, 0x4269, 0x4269, 0x4269, 0x4289, 0x4A89, 0x4A8A,
  0x4269, 0x4289, 0x4A8A, 0x4A8A, 0x4289, 0x4A89, 0x4A8A, 0x4269, 0x4249, 0x4269, 0x3A49, 0x3A49,
  0x3A49, 0x3A49, 0x3A49, 0x3A49, 0x3A28, 0x3A28, 0x3A28, 0x3208, 0x3208, 0x3228, 0x3228, 0x3228,
  0x3A48, 0x3A48, 0x3A48, 0x3A28, 0x3208, 0x3208, 0x3208, 0x3228, 0x3208, 0x3208, 0x3228, 0x3228,
  0x3228, 0x3A28, 0x3228, 0x3228, 0x3208, 0x3208, 0x3208, 0x3208, 0x3A29, 0x3228, 0x3228, 0x3228,
  0x3208, 0x3208, 0x3208, 0x3228, 0x3A28, 0x3228, 0x3229, 0x3229, 0x3229, 0x3229, 0x3229, 0x3208,
  0x3229, 0x3229, 0x3229, 0x3229, 0x3A49, 0x3A69, 0x428A, 0x428A, 0x428A, 0x428A, 0x42AB, 0x42AB,
  0x4AAB, 0x4ACB, 0x4ACB, 0x4ACB, 0x4ACB, 0x4ACB, 0x4ACB, 0x4AAB, 0x4ACB, 0x4AAB, 0x428A, 0x3A6A,
  0x3A69, 0x3A49, 0x3A49, 0x3A49, 0x3A49, 0x3A49, 0x3A49, 0x3A49, 0x3208, 0x3208, 0x3208, 0x3208,
  0x3208, 0x3208, 0x3208, 0x3208, 0x3208, 0x3208, 0x31E8, 0x31E8, 0x3208, 0x3208, 0x3208, 0x3208,
  0x3208, 0x3208, 0x31E8, 0x3208, 0x3208, 0x31E8, 0x3208, 0x3208, 0x3208, 0x3208, 0x3208, 0x29E8,
  0x29C7, 0x31E8, 0x31E8, 0x31E8, 0x31E8, 0x29E7, 0x29C7, 0x29C7, 0x29C7, 0x29C7, 0x29C7, 0x29C7,
  0x29C7, 0x29C7, 0x31E8, 0x31C7, 0x3208, 0x4AAA, 0x31E8, 0x3A49, 0x3A49, 0x7C30, 0x5B2C, 0x52CB,
  0x9CF3, 0x9D13, 0x9D13, 0x9D13, 0x9CD2, 0x9CD2, 0x9CD2, 0x94D2, 0x94D2, 0x94D2, 0x94D2, 0x94B2,
  0x94B2, 0x8CB2, 0x8CB2, 0x8CB1, 0x8CB1, 0x8CB1, 0x8491, 0x8471, 0x8471, 0x8491, 0x8C71, 0x8C71,
  0x8451, 0x8450, 0x8450, 0x8430, 0x7C30, 0x7C50, 0x7C30, 0x7C50, 0x8450, 0x8450, 0x8450, 0x8450,
  0x8450, 0x8450, 0x8450, 0x8430, 0x8430, 0x7C30, 0x8430, 0x7C2F, 0x7C0F, 0x7C0F, 0x7C0F, 0x7C0F,
  0x7C0F, 0x740F, 0x740F, 0x740F, 0x740F, 0x740F, 0x740F, 0x7C0F, 0x7C0F, 0x740F, 0x740F, 0x7C0F,
  0xA46B, 0xA48C, 0xA48C, 0xA46C, 0xA46B, 0x9C6B, 0x9C4B, 0x9C2B, 0x940B, 0x940B, 0x8BEB, 0x83AA,
  0x83AA, 0x83AB, 0x7B8A, 0x7B8A, 0x7B6A, 0x7B6A, 0x736A, 0x736A, 0x734A, 0x734A, 0x6B29, 0x6309,
  0x6309, 0x62E9, 0x52C8, 0x52A8, 0x52A8, 0x52A8, 0x4A88, 0x4A67, 0x4247, 0x4248, 0x4248, 0x3A48,
  0x3A47, 0x3A27, 0x4247, 0x4247, 0x4247, 0x4247, 0x3A48, 0x3A48, 0x3A27, 0x3A27, 0x3A48, 0x3A27,
  0x4248, 0x4248, 0x4248, 0x4248, 0x4268, 0x4A89, 0x4AA9, 0x52CA, 0x632B, 0x6B8C, 0x7BAC, 0x738C,
  0x7BAC, 0x83EC, 0x942D, 0x942D, 0x8C2D, 0x946E, 0x948E, 0x9C8E, 0x946E, 0x8C4D, 0x842D, 0x83ED,
  0x7BCC, 0x73AC, 0x6B8C, 0x6B6B, 0x634B, 0x634B, 0x634B, 0x5B2B, 0x5B2B, 0x632B, 0x634B, 0x634B,
  0x634B, 0x632B, 0x634B, 0x634B, 0x632A, 0x632B, 0x6B6C, 0x6B8C, 0x6B6C, 0x6B6C, 0x6B6C, 0x6B6C,
  0x6B8C, 0x6B8C, 0x636C, 0x636C, 0x5B4C, 0x5B4C, 0x5B0B, 0x530B, 0x5B0B, 0x5B0B, 0x52EB, 0x52EA,
  0x4ACA, 0x4AA9, 0x4269, 0x4248, 0x4249, 0x4269, 0x4A89, 0x4ACA, 0x4AAA, 0x4A89, 0x4A8A, 0x4AAA,
  0x4A89, 0x4A8A, 0x4A6A, 0x4249, 0x4269, 0x426A, 0x4269, 0x4269, 0x4269, 0x4269, 0x4269, 0x3A49,
  0x3A28, 0x3228, 0x3A28, 0x3A49, 0x3A28, 0x3228, 0x3228, 0x3A48, 0x3A48, 0x3A28, 0x3A48, 0x3A48,
  0x3A28, 0x3208, 0x3A28, 0x3A28, 0x3228, 0x3228, 0x3228, 0x3228, 0x3228, 0x3A28, 0x3A29, 0x3228,
  0x3228, 0x3228, 0x3208, 0x3228, 0x3A28, 0x3208, 0x3208, 0x3228, 0x3208, 0x3228, 0x3A49, 0x3228,
  0x3228, 0x3228, 0x3209, 0x3209, 0x3229, 0x3A29, 0x3A29, 0x3229, 0x3A29, 0x3A49, 0x3A29, 0x3A49,
  0x3A6A, 0x3A6A, 0x428A, 0x428A, 0x428A, 0x428A, 0x428B, 0x42AB, 0x4ACB, 0x4ACC, 0x4ACC, 0x4ACC,
  0x4AEB, 0x4ACB, 0x4ACB, 0x42AB, 0x428A, 0x42AB, 0x428A, 0x3A6A, 0x3A6A, 0x3A49, 0x3229, 0x3A49,
  0x3A49, 0x3A49, 0x3A49, 0x3249, 0x3228, 0x3208, 0x3228, 0x3A49, 0x3208, 0x3208, 0x3208, 0x3208,
  0x3208, 0x3208, 0x31E8, 0x31E8, 0x31E8, 0x31E8, 0x3208, 0x3208, 0x3208, 0x3208, 0x31E8, 0x3208,
  0x3208, 0x3208, 0x31E8, 0x31E8, 0x3208, 0x3208, 0x3208, 0x31E8, 0x31E8, 0x3208, 0x31E8, 0x29E8,
  0x31E8, 0x29E7, 0x29C7, 0x29E7, 0x31E8, 0x31E8, 0x29C7, 0x29C7, 0x29C7, 0x29C7, 0x31C8, 0x29C8,
  0x31E7, 0x3208, 0x29C7, 0x29E8, 0x29C7, 0x29C8, 0x29E8, 0x3A29, 0x8CD3, 0x94F3, 0x5B0C, 0x8471,
  0x9D34, 0x94D3, 0x94D2, 0x94D2, 0x94D2, 0x94D2, 0x94B2, 0x8CB2, 0x8CB2, 0x8CB2, 0x8CB2, 0x8CB2,
  0x8CB1, 0x8CB2, 0x8C91, 0x8491, 0x8491, 0x8471, 0x8C71, 0x8C71, 0x8C71, 0x8450, 0x8450, 0x8450,
  0x8450, 0x8450, 0x8450, 0x8450, 0x8450, 0x8430, 0x8450, 0x8450, 0x8450, 0x8450, 0x8430, 0x8430,
  0x7C30, 0x7C30, 0x8430, 0x7C30, 0x7C2F, 0x7C2F, 0x7C2F, 0x7C0F, 0x7C0F, 0x7BEF, 0x7BEF, 0x7BEF,
  0x7C0F, 0x7C0F, 0x7BEF, 0x7C0F, 0x7C0F, 0x7C0F, 0x7C10, 0x7C10, 0xA46B, 0xA46B, 0xA46C, 0xA46C,
  0x9C6C, 0x9C4B, 0x9C2B, 0x940B, 0x940B, 0x93EB, 0x8BCA, 0x83AA, 0x83AA, 0x7B8A, 0x7B8B, 0x7B8A,
  0x736A, 0x734A, 0x734A, 0x734A, 0x734A, 0x6B4A, 0x6B29, 0x6309, 0x5AE9, 0x5AE9, 0x52C8, 0x4AA8,
  0x52A8, 0x52A8, 0x5288, 0x4A68, 0x4268, 0x4268, 0x4248, 0x4248, 0x3A27, 0x3A27, 0x3A27, 0x3A47,
  0x3A27, 0x3A27, 0x3A27, 0x3A27, 0x3A27, 0x3A48, 0x3A48, 0x3A28, 0x3A48, 0x4248, 0x4248, 0x4248,
  0x4268, 0x4289, 0x4A89, 0x52C9, 0x5B0A, 0x6B4B, 0x736B, 0x738B, 0x7BAC, 0x83EC, 0x8C0D, 0x942D,
  0x8C2D, 0x944E, 0x946E, 0x948E, 0x946E, 0x944E, 0x8C2D, 0x840D, 0x7BCC, 0x73AC, 0x73AC, 0x6B8C,
  0x6B6B, 0x634B, 0x5B2B, 0x5B0A, 0x5B0B, 0x5B2A, 0x634B, 0x634B, 0x5B2B, 0x632B, 0x634B, 0x632B,
  0x5B2B, 0x632B, 0x6B6C, 0x6B8C, 0x6B6B, 0x634B, 0x634B, 0x6B8C, 0x6B8C, 0x6B8C, 0x6B8C, 0x6B8C,
  0x636C, 0x634C, 0x5B0B, 0x5B0B, 0x5B0B, 0x5B2B, 0x5B0B, 0x52EB, 0x52EA, 0x4ACA, 0x4289, 0x4249,
  0x4269, 0x4269, 0x4A8A, 0x4AAA, 0x4AAA, 0x4289, 0x4A89, 0x4A89, 0x4289, 0x4A8A, 0x4A89, 0x4269,
  0x4269, 0x4269, 0x4269, 0x4269, 0x4269, 0x4249, 0x4249, 0x3A49, 0x3A49, 0x3A28, 0x3A29, 0x3A49,
  0x3A49, 0x4269, 0x3A68, 0x3A49, 0x3A48, 0x3228, 0x3228, 0x3A49, 0x3A28, 0x3A28, 0x3A49, 0x3A49,
  0x3228, 0x3228, 0x3228, 0x3228, 0x3228, 0x3A49, 0x3228, 0x3228, 0x3A29, 0x3A28, 0x3228, 0x3208,
  0x3208, 0x3208, 0x3228, 0x3A29, 0x3A49, 0x3A49, 0x3A28, 0x3228, 0x3208, 0x3208, 0x3208, 0x3208,
  0x3229, 0x3A29, 0x3A49, 0x3A49, 0x3A49, 0x3A49, 0x3A49, 0x3A6A, 0x3A6A, 0x3A69, 0x426A, 0x426A,
  0x428A, 0x42AA, 0x4AAB, 0x4ACB, 0x4ACC, 0x52EC, 0x52EC, 0x4AEC, 0x4ACB, 0x4ACB, 0x4ACB, 0x428A,
  0x428A, 0x428A, 0x3A6A, 0x3A6A, 0x426A, 0x3A49, 0x3A49, 0x3A49, 0x3A49, 0x3229, 0x3229, 0x3229,
  0x3229, 0x3208, 0x3229, 0x3A49, 0x3208, 0x3208, 0x3208, 0x31E8, 0x3208, 0x3208, 0x31E8, 0x31E8,
  0x31E8, 0x31E8, 0x31E8, 0x31E8, 0x31E8, 0x31E8, 0x31E8, 0x31E8, 0x3208, 0x3208, 0x31E8, 0x29E8,
  0x31E8, 0x31E8, 0x3208, 0x3208, 0x3208, 0x31E8, 0x29E8, 0x29C8, 0x29C7, 0x29C7, 0x29E8, 0x29E8,
  0x31E8, 0x31E8, 0x29E8, 0x29E7, 0x29E7, 0x29E7, 0x29C7, 0x29C7, 0x29C7, 0x29E7, 0x29C7, 0x29C7,
  0x29C7, 0x29C7, 0x29E8, 0x3208, 0x530C, 0x6BAE, 0x29C7, 0x5B2D, 0x7C31, 0x5B4D, 0x94F3, 0x94D2,
  0x94D2, 0x94D2, 0x8CB2, 0x94B2, 0x94D2, 0x8CB2, 0x8CB2, 0x8C92, 0x8C91, 0x8C91, 0x8C91, 0x8C91,
  0x8471, 0x8451, 0x8451, 0x8471, 0x8471, 0x8450, 0x8450, 0x8450, 0x7C30, 0x7C30, 0x7C30, 0x7C30,
  0x7C30, 0x7C30, 0x7C30, 0x7C30, 0x8450, 0x7C50, 0x8430, 0x8430, 0x8430, 0x8430, 0x7C30, 0x7C30,
  0x7C30, 0x7C30, 0x7C30, 0x7C0F, 0x7C10, 0x7C10, 0x7C10, 0x7C0F, 0x7C0F, 0x7C0F, 0x7C0F, 0x7C10,
  0x8430, 0x8430, 0x8430, 0x8430, 0xA48C, 0x9C6B, 0x9C6B, 0x9C4B, 0x9C4B, 0x9C2B, 0x942B, 0x940B,
  0x8BEB, 0x8BEB, 0x83CB, 0x83CB, 0x7B8A, 0x7B6A, 0x7B6A, 0x736A, 0x734A, 0x734A, 0x734A, 0x734A,
  0x734A, 0x6B2A, 0x6309, 0x62E9, 0x5AC9, 0x52C9, 0x52A8, 0x52A8, 0x52A8, 0x52A8, 0x4A88, 0x4267,
  0x4268, 0x4268, 0x4247, 0x4248, 0x4248, 0x3A48, 0x3A48, 0x3A27, 0x3A27, 0x3A28, 0x3A27, 0x3A27,
  0x3A47, 0x3A27, 0x3A27, 0x3A28, 0x3A28, 0x3A47, 0x4248, 0x4248, 0x4268, 0x4268, 0x4AA9, 0x52C9,
  0x5B0A, 0x634B, 0x6B4A, 0x6B4A, 0x738B, 0x7BCC, 0x840C, 0x8C2D, 0x8C2D, 0x8C2D, 0x944D, 0x946E,
  0x946E, 0x944E, 0x8C4E, 0x842D, 0x83ED, 0x7BCC, 0x7BCD, 0x73AC, 0x6B6C, 0x632B, 0x5B0B, 0x5B0B,
  0x5B0B, 0x5B2A, 0x634B, 0x634B, 0x5B0B, 0x5B0B, 0x5B2B, 0x5B2B, 0x5B2B, 0x634B, 0x6B8C, 0x6B8C,
  0x6B6C, 0x634B, 0x634B, 0x636C, 0x6B8C, 0x6B6C, 0x6B8C, 0x6B8C, 0x636C, 0x634C, 0x5B2B, 0x5B2B,
  0x634C, 0x632B, 0x5B2B, 0x530B, 0x52CA, 0x4ACA, 0x4AAA, 0x4269, 0x428A, 0x4A8A, 0x4AAA, 0x4ACA,
  0x4A8A, 0x4269, 0x4289, 0x4269, 0x4289, 0x4AAA, 0x4A89, 0x4A89, 0x4AAA, 0x4AAA, 0x4AAA, 0x4AAA,
  0x4AAA, 0x4269, 0x4249, 0x3A49, 0x3A49, 0x3A49, 0x4249, 0x3A49, 0x4269, 0x4289, 0x4269, 0x3A49,
  0x3A48, 0x3A29, 0x3228, 0x3A49, 0x3A49, 0x3A49, 0x3A49, 0x3A49, 0x3A49, 0x3228, 0x3228, 0x3228,
  0x3A49, 0x3A49, 0x3A49, 0x3A28, 0x3A29, 0x3228, 0x3228, 0x3228, 0x3208, 0x3208, 0x3A49, 0x3A49,
  0x3A28, 0x3A49, 0x3228, 0x3208, 0x3208, 0x3209, 0x3229, 0x3228, 0x3229, 0x3A49, 0x3A49, 0x3A49,
  0x3A29, 0x3A49, 0x3A49, 0x3A6A, 0x426A, 0x428A, 0x428A, 0x42AA, 0x42AB, 0x4AAB, 0x4ACB, 0x4ACC,
  0x4ACC, 0x52EC, 0x52EC, 0x4AEC, 0x4ACB, 0x4ACB, 0x4AEC, 0x4ACB, 0x42AA, 0x428A, 0x3A6A, 0x3A6A,
  0x426A, 0x3A6A, 0x426A, 0x3A6A, 0x3A49, 0x3A29, 0x3209, 0x3208, 0x3228, 0x3A29, 0x3A29, 0x3229,
  0x3208, 0x31E8, 0x31E8, 0x3208, 0x3208, 0x3208, 0x3208, 0x31E8, 0x31E8, 0x29E8, 0x31E8, 0x31E8,
  0x29E8, 0x29E8, 0x29E8, 0x3208, 0x3208, 0x3208, 0x31E8, 0x29E8, 0x29C7, 0x29E7, 0x31E8, 0x31E8,
  0x29C8, 0x29C8, 0x31E8, 0x31E8, 0x29C8, 0x29C8, 0x29C8, 0x29C8, 0x31E8, 0x31E8, 0x31E8, 0x29E8,
  0x31E8, 0x31E8, 0x29C7, 0x29C7, 0x29C7, 0x29C7, 0x29C7, 0x29E7, 0x29E7, 0x29C7, 0x29C7, 0x29C7,
  0x31E8, 0x3A29, 0x29C7, 0x424A, 0x31E8, 0x29A7, 0x5B2C, 0x4269, 0x638D, 0x8CB2, 0x8CD2, 0x8CB2,
  0x8C92, 0x94D3, 0x94B2, 0x8CB2, 0x8C92, 0x84B1, 0x8CB2, 0x8471, 0x8472, 0x8451, 0x8471, 0x8471,
  0x8451, 0x8451, 0x7C50, 0x7C30, 0x7C30, 0x7C30, 0x7C10, 0x7C10, 0x7C10, 0x7C30, 0x7C30, 0x7C10,
  0x7C30, 0x7C30, 0x7C30, 0x7C30, 0x7C30, 0x7C30, 0x7C30, 0x7C30, 0x7C30, 0x7C30, 0x7C30, 0x8430,
  0x8410, 0x8430, 0x7C10, 0x7C30, 0x8430, 0x8430, 0x8430, 0x8430, 0x8450, 0x8450, 0x8450, 0x8450,
  0xA48C, 0xA46B, 0x9C4B, 0x9C4B, 0x9C2B, 0x942B, 0x940A, 0x93EB, 0x8BEB, 0x8BCA, 0x83AB, 0x83AB,
  0x7B8A, 0x7B6A, 0x736A, 0x734A, 0x6B4A, 0x6B4A, 0x734A, 0x734A, 0x6B4A, 0x632A, 0x5AE9, 0x5AC9,
  0x52C9, 0x52A9, 0x52A8, 0x52C8, 0x52A8, 0x52A8, 0x4A88, 0x4268, 0x4267, 0x4248, 0x4247, 0x3A27,
  0x4247, 0x3A48, 0x3A48, 0x3A27, 0x3A27, 0x3A28, 0x3A27, 0x3A27, 0x4248, 0x3A27, 0x3A07, 0x3A07,
  0x3A07, 0x3A27, 0x3A27, 0x4248, 0x4268, 0x4268, 0x4A89, 0x52C9, 0x5AEA, 0x630A, 0x632A, 0x634A,
  0x6B6B, 0x738B, 0x7BCC, 0x840D, 0x8C2D, 0x8C0D, 0x8C2D, 0x8C4D, 0x946E, 0x946E, 0x944E, 0x8C2E,
  0x83ED, 0x7BED, 0x7BED, 0x7BCD, 0x6B6C, 0x634B, 0x5B0A, 0x5B0B, 0x632B, 0x634B, 0x634B, 0x5B2B,
  0x5B0B, 0x5B0B, 0x5B0A, 0x5B0A, 0x632B, 0x634B, 0x6B6C, 0x6B8C, 0x6B6C, 0x634B, 0x634B, 0x634B,
  0x634B, 0x6B6C, 0x6B6C, 0x6B6C, 0x636C, 0x634C, 0x634C, 0x634C, 0x634C, 0x634C, 0x5B4C, 0x5B2B,
  0x52EB, 0x52CA, 0x4AAA, 0x4AAA, 0x4A8A, 0x4A8A, 0x4AAA, 0x4ACA, 0x4A8A, 0x4A89, 0x4289, 0x4289,
  0x4A89, 0x4ACA, 0x4AAA, 0x4AAA, 0x4AAA, 0x52CA, 0x52CB, 0x4ACA, 0x4AAA, 0x4269, 0x4269, 0x4249,
  0x4269, 0x4269, 0x426A, 0x4269, 0x428A, 0x4AA9, 0x4289, 0x3A49, 0x3A49, 0x3A69, 0x3A49, 0x3A49,
  0x4269, 0x4269, 0x4269, 0x3A49, 0x3A48, 0x3228, 0x3A28, 0x3A49, 0x3A69, 0x3A49, 0x3A29, 0x3228,
  0x3228, 0x3208, 0x3228, 0x3A29, 0x3209, 0x3229, 0x3A49, 0x3A28, 0x3A28, 0x3A28, 0x3228, 0x3208,
  0x3208, 0x3209, 0x3229, 0x3A29, 0x3A29, 0x3A49, 0x3A49, 0x3A49, 0x3A29, 0x3A49, 0x3A6A, 0x428A,
  0x428A, 0x42AA, 0x4ACB, 0x4AEB, 0x4ACB, 0x4ACB, 0x4AEB, 0x52EC, 0x52EC, 0x4AEC, 0x4AEC, 0x52EC,
  0x4AEB, 0x530C, 0x530C, 0x4AEB, 0x4AAB, 0x42AA, 0x426A, 0x3A6A, 0x3A6A, 0x426A, 0x428A, 0x426A,
  0x3A4A, 0x3A49, 0x3A29, 0x3229, 0x3A49, 0x3A49, 0x3229, 0x3208, 0x3228, 0x3208, 0x31E8, 0x3208,
  0x3208, 0x3208, 0x31E8, 0x31E8, 0x3208, 0x3208, 0x29E8, 0x29E8, 0x29E8, 0x29C7, 0x29E8, 0x29E8,
  0x29E8, 0x31E8, 0x29E8, 0x29E8, 0x29C7, 0x29C7, 0x29C7, 0x29C8, 0x29C8, 0x29C8, 0x29E8, 0x29E8,
  0x31E8, 0x29E8, 0x29C8, 0x29C7, 0x29C7, 0x29E8, 0x29E7, 0x29C7, 0x29E8, 0x31E8, 0x29E8, 0x29C7,
  0x29C7, 0x29E8, 0x29E7, 0x29E7, 0x29E8, 0x29E8, 0x29C7, 0x29C7, 0x29C7, 0x29C7, 0x29E7, 0x31E8,
  0x21A6, 0x21A6, 0x2186, 0x29C7, 0x52EB, 0x4A8A, 0x4AAB, 0x4AAA, 0x4269, 0x8451, 0x8451, 0x8471,
  0x8CD3, 0x638E, 0x6BAE, 0x8492, 0x8471, 0x8471, 0x8451, 0x8451, 0x8451, 0x7C30, 0x7C30, 0x7C30,
  0x7C30, 0x7C30, 0x7C30, 0x7C10, 0x7C10, 0x7C10, 0x7C10, 0x7C10, 0x7C10, 0x7C30, 0x7C30, 0x7C30,
  0x7C30, 0x7C30, 0x7C30, 0x7C30, 0x7C30, 0x7C30, 0x7C30, 0x8430, 0x8430, 0x8430, 0x8430, 0x8430,
  0x8450, 0x8450, 0x8450, 0x8450, 0x8450, 0x8450, 0x8430, 0x8430, 0xA48C, 0xA46C, 0x9C6C, 0x9C4C,
  0x9C4C, 0x942B, 0x940B, 0x8BEB, 0x8BCA, 0x83AA, 0x83AA, 0x7BAB, 0x7B8A, 0x736A, 0x734A, 0x734A,
  0x6B2A, 0x6B2A, 0x6B4A, 0x734A, 0x6B4A, 0x634A, 0x6309, 0x5AC9, 0x52C9, 0x52A9, 0x52A9, 0x52A8,
  0x4A88, 0x4A88, 0x4A88, 0x4268, 0x4268, 0x4268, 0x4248, 0x4227, 0x4227, 0x3A48, 0x3A07, 0x3A07,
  0x3A07, 0x3A28, 0x3A27, 0x3A27, 0x3A28, 0x3A28, 0x3A07, 0x3A08, 0x3A07, 0x3207, 0x3A07, 0x3A28,
  0x4248, 0x4248, 0x4268, 0x4AA9, 0x52C9, 0x5AEA, 0x5B2A, 0x632A, 0x634A, 0x6B6B, 0x73AC, 0x83ED,
  0x8C0D, 0x8C2D, 0x8C4E, 0x8C4E, 0x946E, 0x946E, 0x944E, 0x8C2D, 0x83ED, 0x83ED, 0x7BCD, 0x73AC,
  0x6B8C, 0x6B4B, 0x5B0A, 0x5B0A, 0x632B, 0x634B, 0x634B, 0x634B, 0x5B2B, 0x5B0B, 0x5B0B, 0x5B0A,
  0x5B2B, 0x634B, 0x6B6B, 0x6B6C, 0x6B6C, 0x636C, 0x636C, 0x634C, 0x632B, 0x634C, 0x636C, 0x636C,
  0x636C, 0x636C, 0x634C, 0x634C, 0x634C, 0x5B2B, 0x5B2B, 0x634C, 0x5B4C, 0x5B2B, 0x52EB, 0x52CA,
  0x4AAA, 0x4AAA, 0x4A8A, 0x4AAA, 0x4AAA, 0x4AAA, 0x4ACA, 0x4AAA, 0x4AAA, 0x4ACA, 0x4ACA, 0x4AAA,
  0x4AAA, 0x4ACA, 0x52CA, 0x4ACA, 0x4ACA, 0x4289, 0x4249, 0x4269, 0x428A, 0x4269, 0x4269, 0x426A,
  0x428A, 0x4AAA, 0x4289, 0x4249, 0x4269, 0x3A69, 0x3A49, 0x3A49, 0x4269, 0x428A, 0x4269, 0x3A49,
  0x3A48, 0x3A28, 0x3A49, 0x3A49, 0x3A49, 0x3A28, 0x3A28, 0x3228, 0x3228, 0x3228, 0x3228, 0x3A29,
  0x3A29, 0x3A49, 0x3A49, 0x3A29, 0x3A28, 0x3228, 0x3228, 0x3229, 0x3208, 0x3209, 0x3228, 0x3A49,
  0x3A49, 0x3A49, 0x3249, 0x3A49, 0x3A49, 0x3A6A, 0x428A, 0x428B, 0x42AB, 0x4ACB, 0x4AEC, 0x52EC,
  0x4AEB, 0x4AEB, 0x4AEC, 0x52EC, 0x52EC, 0x4AEC, 0x4AEB, 0x52EC, 0x530C, 0x532C, 0x530C, 0x52EC,
  0x4AAB, 0x42AB, 0x42AA, 0x428A, 0x428A, 0x428A, 0x428B, 0x428A, 0x426A, 0x3A4A, 0x3A4A, 0x3A49,
  0x3A49, 0x3A49, 0x3A29, 0x3208, 0x3228, 0x3208, 0x31E8, 0x31E8, 0x31E8, 0x3208, 0x31E8, 0x3208,
  0x3208, 0x3208, 0x31E8, 0x29C7, 0x29E7, 0x29C7, 0x29E8, 0x29E8, 0x29E8, 0x31E8, 0x29E7, 0x31E8,
  0x29E7, 0x29E7, 0x29C7, 0x29A7, 0x29C7, 0x29C8, 0x29C8, 0x29C8, 0x29C8, 0x31E8, 0x29C8, 0x29C7,
  0x29C7, 0x29E8, 0x31E8, 0x31E8, 0x29E8, 0x31E8, 0x3208, 0x31E8, 0x29E7, 0x31E8, 0x31E8, 0x31E8,
  0x31E8, 0x29E7, 0x29C7, 0x29C7, 0x29C7, 0x29E8, 0x29C7, 0x29C7, 0x29C7, 0x29C7, 0x29A7, 0x29C8,
  0x3208, 0x29C7, 0x31C8, 0x3208, 0x31E7, 0x428A, 0x3A49, 0x4AAB, 0x638E, 0x3A49, 0x428A, 0x6BCF,
  0x8492, 0x8492, 0x8472, 0x8451, 0x7C31, 0x7C31, 0x7C31, 0x7C31, 0x7C31, 0x7C31, 0x7C30, 0x7C30,
  0x7C30, 0x7C10, 0x7C31, 0x7C30, 0x7C31, 0x7C31, 0x7C30, 0x7C30, 0x7C50, 0x7C30, 0x7C30, 0x7C30,
  0x7C30, 0x7C30, 0x8430, 0x8430, 0x8430, 0x8430, 0x8430, 0x8430, 0x8430, 0x8430, 0x8430, 0x842F,
  0x842F, 0x7C2F, 0x7C0F, 0x7C0F, 0xA46C, 0xA46C, 0x9C4B, 0x9C4C, 0x9C6C, 0x944C, 0x940B, 0x8BEB,
  0x8BCB, 0x83CA, 0x7B8A, 0x7B8A, 0x7B6A, 0x734A, 0x734B, 0x734A, 0x6B2A, 0x6309, 0x6B2A, 0x6B4A,
  0x6B4A, 0x6B4A, 0x6B4A, 0x6309, 0x630A, 0x5AE9, 0x5AC9, 0x52A8, 0x5288, 0x4A88, 0x4268, 0x4267,
  0x4247, 0x4268, 0x4268, 0x4248, 0x4248, 0x3A27, 0x3A07, 0x3A07, 0x3A08, 0x3A07, 0x3A07, 0x3A07,
  0x3A07, 0x3A07, 0x3A28, 0x3A28, 0x3A08, 0x3207, 0x3A07, 0x3A27, 0x3A27, 0x3A48, 0x4268, 0x4A89,
  0x52A9, 0x5AEA, 0x5B0A, 0x5AEA, 0x632A, 0x6B6B, 0x7B8C, 0x7BCC, 0x83ED, 0x83ED, 0x8C0D, 0x8C2D,
  0x946E, 0x946E, 0x944E, 0x8C2E, 0x840D, 0x83ED, 0x7BCC, 0x7BAC, 0x738C, 0x6B6B, 0x632A, 0x5B0A,
  0x5B0B, 0x634B, 0x634B, 0x634B, 0x5B2B, 0x632B, 0x632B, 0x5B0A, 0x5B0A, 0x632B, 0x634B, 0x634B,
  0x634B, 0x636C, 0x634C, 0x634C, 0x632B, 0x632B, 0x634B, 0x634C, 0x636C, 0x636C, 0x636C, 0x634C,
  0x634C, 0x634C, 0x632B, 0x634C, 0x634C, 0x634C, 0x5B2B, 0x5B0B, 0x52EA, 0x4AAA, 0x4AA9, 0x52CA,
  0x4ACA, 0x4ACA, 0x4ACA, 0x4AAA, 0x4AAA, 0x4ACA, 0x4AAA, 0x4A89, 0x4A89, 0x4AAA, 0x52CA, 0x52CA,
  0x4ACA, 0x4AAA, 0x4269, 0x4269, 0x4269, 0x4289, 0x4269, 0x3A49, 0x4269, 0x4289, 0x4289, 0x4269,
  0x4269, 0x3A69, 0x3A49, 0x3A49, 0x4269, 0x4269, 0x3A49, 0x3A49, 0x3A49, 0x3A49, 0x3A49, 0x3A28,
  0x3A28, 0x3228, 0x3228, 0x3228, 0x3228, 0x3228, 0x3228, 0x3A29, 0x3229, 0x3A29, 0x3A49, 0x3A29,
  0x3A28, 0x3A28, 0x3228, 0x3228, 0x3229, 0x3209, 0x3208, 0x3229, 0x3A49, 0x3A49, 0x3249, 0x3A69,
  0x426A, 0x42AB, 0x428A, 0x428B, 0x4ACB, 0x52EC, 0x52EC, 0x4AEC, 0x52EC, 0x530C, 0x52EB, 0x530C,
  0x530C, 0x530C, 0x530C, 0x5B2C, 0x5B2C, 0x5B2C, 0x532C, 0x52EC, 0x4ACC, 0x4ACB, 0x4AAB, 0x4AAB,
  0x4ACB, 0x4ACB, 0x4AAB, 0x42AB, 0x428B, 0x426A, 0x426A, 0x3A6A, 0x3A6A, 0x3A49, 0x3A29, 0x3228,
  0x3228, 0x3228, 0x3208, 0x3228, 0x3208, 0x31E8, 0x31E8, 0x3208, 0x3208, 0x3208, 0x3208, 0x29E8,
  0x29E7, 0x29E8, 0x29E8, 0x29C7, 0x29C7, 0x29E7, 0x29C7, 0x29C7, 0x29C7, 0x29C7, 0x29C8, 0x29C8,
  0x29C8, 0x29C8, 0x29C7, 0x29C7, 0x29C7, 0x29C8, 0x29C7, 0x29C7, 0x29C7, 0x29C7, 0x31E8, 0x3208,
  0x31E8, 0x3208, 0x31E8, 0x3208, 0x31E8, 0x29C7, 0x29E7, 0x31E8, 0x29E7, 0x29C7, 0x29E8, 0x29E7,
  0x29C7, 0x29C7, 0x29C7, 0x29C7, 0x29E7, 0x29C7, 0x29C7, 0x29C7, 0x29A7, 0x29C7, 0x29E8, 0x29C7,
  0x29E7, 0x29C7, 0x29A7, 0x31E8, 0x4AAB, 0x3A6A, 0x3A6A, 0x532D, 0x7410, 0x7410, 0x7410, 0x7C10,
  0x8451, 0x8451, 0x8451, 0x8451, 0x8451, 0x8451, 0x8451, 0x7C31, 0x7C31, 0x7C30, 0x7C30, 0x7C50,
  0x7C50, 0x7C50, 0x8451, 0x7C31, 0x7C31, 0x7C30, 0x7C51, 0x8451, 0x7C50, 0x8450, 0x8430, 0x8410,
  0x8430, 0x8430, 0x8430, 0x8430, 0x8430, 0x8430, 0x7C30, 0x7C30, 0x7C0F, 0x7C0F, 0x7C0F, 0x7C0F,
  0xA46C, 0x9C4C, 0x9C6C, 0x9C4C, 0x9C6C, 0x9C4C, 0x942B, 0x940B, 0x8BEB, 0x83AA, 0x7B8A, 0x7B6A,
  0x734A, 0x734A, 0x734A, 0x736B, 0x6B4A, 0x6B29, 0x6B2A, 0x6B2A, 0x6B4A, 0x6B4A, 0x6B4A, 0x6B2A,
  0x632A, 0x630A, 0x5AEA, 0x52A9, 0x5288, 0x4A68, 0x4268, 0x4247, 0x3A27, 0x4248, 0x4248, 0x4228,
  0x3A27, 0x3A07, 0x3A07, 0x3A07, 0x3A07, 0x3A07, 0x3A07, 0x3A07, 0x3A07, 0x3A07, 0x3A07, 0x3207,
  0x3A07, 0x3A07, 0x3A07, 0x3A07, 0x3A27, 0x3A48, 0x4268, 0x4A88, 0x52A9, 0x5AE9, 0x5AEA, 0x5AEA,
  0x632B, 0x6B6B, 0x738C, 0x7BAC, 0x738C, 0x7BCC, 0x83ED, 0x840D, 0x8C2D, 0x944E, 0x8C2D, 0x8C0D,
  0x840D, 0x83ED, 0x7BCD, 0x7BCC, 0x73AC, 0x6B6C, 0x634B, 0x5B0A, 0x5B0B, 0x634B, 0x634B, 0x634B,
  0x634B, 0x632B, 0x632B, 0x5B0B, 0x5B0B, 0x5B0B, 0x632B, 0x634B, 0x634B, 0x632B, 0x634C, 0x634C,
  0x632B, 0x632B, 0x634B, 0x634C, 0x634C, 0x634C, 0x634C, 0x636C, 0x6B6C, 0x636C, 0x634C, 0x634C,
  0x634C, 0x634C, 0x632B, 0x5B0B, 0x52EB, 0x52CA, 0x52CA, 0x52EB, 0x52CA, 0x52CA, 0x4ACA, 0x4AAA,
  0x428A, 0x4289, 0x4A8A, 0x4A89, 0x4A8A, 0x4AAA, 0x4AAA, 0x4ACA, 0x4ACA, 0x4ACA, 0x4AAA, 0x4269,
  0x428A, 0x4AAA, 0x4249, 0x3A49, 0x4269, 0x4289, 0x4289, 0x4269, 0x3A49, 0x3A49, 0x3A69, 0x428A,
  0x428A, 0x4269, 0x3A49, 0x3A49, 0x3A69, 0x3A49, 0x3A49, 0x3A28, 0x3A28, 0x3228, 0x3228, 0x3A49,
  0x3228, 0x3228, 0x3228, 0x3208, 0x3208, 0x3A29, 0x3A49, 0x3A49, 0x3A29, 0x3228, 0x3228, 0x3228,
  0x3A29, 0x3A29, 0x3229, 0x3A49, 0x3A49, 0x3249, 0x3249, 0x428A, 0x42AB, 0x4ACB, 0x42AB, 0x42AB,
  0x4ACB, 0x52EC, 0x530C, 0x52EC, 0x4AEC, 0x530C, 0x530C, 0x532C, 0x530C, 0x530C, 0x530C, 0x532C,
  0x532C, 0x532C, 0x530C, 0x52EC, 0x4AEC, 0x4ACB, 0x4ACB, 0x4ACB, 0x52EC, 0x52EC, 0x4ACC, 0x4AAB,
  0x4AAB, 0x42AB, 0x428A, 0x426A, 0x426A, 0x3A49, 0x3A29, 0x3A29, 0x3229, 0x3A29, 0x3A29, 0x3229,
  0x3208, 0x3208, 0x29E8, 0x3208, 0x3208, 0x29E8, 0x29E8, 0x29E7, 0x3208, 0x3208, 0x3208, 0x31E8,
  0x29C7, 0x29C7, 0x29C7, 0x29C7, 0x29C7, 0x29C7, 0x29C8, 0x31E8, 0x31E8, 0x3208, 0x3208, 0x29C8,
  0x29C7, 0x29E8, 0x29A7, 0x29C7, 0x29C7, 0x29E7, 0x3228, 0x3208, 0x31E8, 0x3208, 0x31E8, 0x3208,
  0x31E8, 0x29E8, 0x29E8, 0x29E8, 0x29E7, 0x29E8, 0x31E8, 0x29E8, 0x29C7, 0x29C7, 0x29C7, 0x29C7,
  0x29C7, 0x29C7, 0x29C7, 0x29C7, 0x29C7, 0x29C7, 0x29C7, 0x29C7, 0x29A7, 0x29C7, 0x29C7, 0x31E8,
  0x3A29, 0x3A6A, 0x428A, 0x42AB, 0x4ACB, 0x4AEB, 0x52EC, 0x52EC, 0x73F0, 0x8471, 0x7C51, 0x8451,
  0x8451, 0x8451, 0x8451, 0x8451, 0x7C30, 0x8451, 0x7C30, 0x8451, 0x8451, 0x7C50, 0x7C51, 0x7C30,
  0x7C30, 0x7C50, 0x8451, 0x8451, 0x8450, 0x8450, 0x8450, 0x8430, 0x8430, 0x8430, 0x8430, 0x8430,
  0x8450, 0x8450, 0x8450, 0x8430, 0x7C30, 0x7C10, 0x7C10, 0x7C0F, 0xA46C, 0x9C6C, 0x9C6C, 0x9C6C,
  0xA46C, 0x9C6C, 0x9C4B, 0x940B, 0x8BEB, 0x8BCB, 0x7B8B, 0x7B6A, 0x7349, 0x7349, 0x738A, 0x7B8A,
  0x734A, 0x734A, 0x6B4A, 0x6B2A, 0x6B4B, 0x736B, 0x6B6A, 0x6B4A, 0x6B2A, 0x6309, 0x5AC9, 0x52A9,
  0x52A9, 0x4A68, 0x4A68, 0x4248, 0x4227, 0x4248, 0x4228, 0x3A28, 0x3A07, 0x3A07, 0x3A07, 0x3207,
  0x3A07, 0x3A27, 0x3207, 0x3A07, 0x3A07, 0x3207, 0x3207, 0x31E7, 0x3A07, 0x3A07, 0x31E7, 0x3A07,
  0x3A07, 0x3A27, 0x4248, 0x4A88, 0x52A9, 0x52C9, 0x52EA, 0x5AEA, 0x5B0A, 0x632B, 0x6B6B, 0x6B8C,
  0x738B, 0x73AC, 0x7BCC, 0x7BED, 0x840D, 0x8C0D, 0x8C0D, 0x840D, 0x840D, 0x83ED, 0x7BCC, 0x73AC,
  0x73AC, 0x6B8C, 0x636B, 0x634B, 0x632B, 0x634B, 0x634C, 0x634B, 0x634B, 0x5B0A, 0x5B0A, 0x5B0A,
  0x5B0B, 0x5B0B, 0x5B0A, 0x5B2B, 0x632B, 0x632B, 0x634B, 0x634B, 0x5B0B, 0x5B0B, 0x632B, 0x634C,
  0x634C, 0x5B2B, 0x634C, 0x636C, 0x634C, 0x6B6C, 0x6B6C, 0x634C, 0x632B, 0x632B, 0x632B, 0x5B2B,
  0x52EB, 0x4ACA, 0x4ACA, 0x52EB, 0x52EB, 0x52CA, 0x4ACA, 0x4AAA, 0x428A, 0x4AAA, 0x4289, 0x4AAA,
  0x4AAA, 0x4AAA, 0x4ACA, 0x52CA, 0x52CB, 0x52CB, 0x4AAA, 0x4A8A, 0x4A8A, 0x4A89, 0x4289, 0x4289,
  0x4289, 0x4289, 0x4269, 0x426A, 0x4269, 0x3A69, 0x4289, 0x4AAA, 0x4AAA, 0x4289, 0x3A49, 0x3A49,
  0x3A69, 0x3A49, 0x3A49, 0x3A49, 0x3A28, 0x3228, 0x3228, 0x3A49, 0x3A49, 0x3228, 0x3228, 0x3228,
  0x3229, 0x3A29, 0x3A49, 0x3A49, 0x3A49, 0x3229, 0x3A29, 0x3229, 0x3A49, 0x3A49, 0x3229, 0x3A49,
  0x3249, 0x3A49, 0x3A6A, 0x428A, 0x42AA, 0x4AAB, 0x4ACB, 0x4ACB, 0x4ACB, 0x4AEB, 0x4AEB, 0x4AEB,
  0x4ACB, 0x52EC, 0x530C, 0x4AEC, 0x4AEB, 0x4AEC, 0x52EC, 0x52EC, 0x52EC, 0x530C, 0x52EC, 0x52EC,
  0x4AEB, 0x4AEB, 0x4AEC, 0x4AEC, 0x52EC, 0x530C, 0x52EC, 0x4ACB, 0x4ACB, 0x4AEB, 0x4ACB, 0x42AB,
  0x428A, 0x3A6A, 0x3A29, 0x3A29, 0x3A29, 0x3A29, 0x3A49, 0x3A49, 0x3229, 0x3209, 0x3208, 0x3208,
  0x29E8, 0x29E7, 0x29E7, 0x29C7, 0x31E8, 0x31E8, 0x31E8, 0x31E8, 0x29E7, 0x29C7, 0x29C7, 0x29E8,
  0x29C7, 0x29C7, 0x29C8, 0x31E8, 0x3208, 0x3228, 0x3228, 0x3208, 0x31E8, 0x29E8, 0x29C8, 0x29E8,
  0x31E8, 0x3208, 0x3228, 0x3208, 0x31E8, 0x31E8, 0x31E8, 0x31E8, 0x31E8, 0x31E8, 0x3208, 0x31E8,
  0x31E8, 0x31E8, 0x31E8, 0x29E7, 0x29C7, 0x29C8, 0x29C8, 0x29C8, 0x29A7, 0x29A7, 0x29C7, 0x29C7,
  0x29A7, 0x29A7, 0x29C7, 0x29C7, 0x31E8, 0x29C8, 0x29C8, 0x29E8, 0x31E8, 0x3A49, 0x426A, 0x4A8A,
  0x4ACB, 0x52CB, 0x530C, 0x52EC, 0x634D, 0x7C31, 0x7C31, 0x7C51, 0x8471, 0x8471, 0x8451, 0x8451,
  0x7C30, 0x7C31, 0x7C31, 0x7C31, 0x8451, 0x8451, 0x8451, 0x7C50, 0x8450, 0x8451, 0x8451, 0x8471,
  0x8471, 0x8451, 0x8451, 0x8450, 0x8450, 0x8450, 0x8450, 0x8430, 0x8430, 0x8430, 0x8430, 0x8430,
  0x8430, 0x7C10, 0x7C10, 0x840F, 0xA48C, 0xA46C, 0xA46C, 0xA46C, 0xA48C, 0xA48C, 0x9C6C, 0x942C,
  0x940C, 0x8BEB, 0x83CB, 0x7B8A, 0x7B8A, 0x736A, 0x738A, 0x7B8B, 0x7B8B, 0x7B8B, 0x736B, 0x6B4B,
  0x6B4B, 0x736B, 0x736B, 0x6B6B, 0x6B4A, 0x6309, 0x5AE9, 0x52C9, 0x52A9, 0x4A68, 0x4A68, 0x4248,
  0x4248, 0x4227, 0x4228, 0x3A27, 0x3A07, 0x3A07, 0x3A07, 0x3207, 0x3A07, 0x3A27, 0x3207, 0x31E7,
  0x31E7, 0x31E7, 0x31E7, 0x3207, 0x3207, 0x3A07, 0x31E7, 0x3A07, 0x3A07, 0x3A27, 0x4248, 0x4A68,
  0x52A9, 0x52C9, 0x52C9, 0x52C9, 0x5AEA, 0x630A, 0x632B, 0x6B6B, 0x6B6B, 0x738B, 0x73AC, 0x7BCC,
  0x83ED, 0x83ED, 0x840D, 0x840D, 0x840D, 0x83ED, 0x7BCC, 0x73AC, 0x738B, 0x6B6B, 0x6B6B, 0x6B6B,
  0x6B4C, 0x6B6C, 0x6B6C, 0x634B, 0x636B, 0x5B0B, 0x5B0A, 0x5AEA, 0x52CA, 0x52EA, 0x5AEA, 0x5B2B,
  0x5B2B, 0x632B, 0x5B0B, 0x5B0B, 0x52EA, 0x5B0B, 0x5B2B, 0x634C, 0x5B2B, 0x5B0B, 0x5B2B, 0x5B2B,
  0x634C, 0x634C, 0x634C, 0x636C, 0x634C, 0x632C, 0x632B, 0x5B2C, 0x530B, 0x52CA, 0x52CA, 0x52CA,
  0x52CA, 0x52CA, 0x4AAA, 0x4AAA, 0x428A, 0x4AAA, 0x4AAA, 0x4ACA, 0x4ACA, 0x52EB, 0x52EB, 0x52CB,
  0x52EB, 0x52CB, 0x52CA, 0x4AAA, 0x4AAA, 0x4ACA, 0x4ACA, 0x4ACA, 0x4AAA, 0x4289, 0x4AAA, 0x4AAA,
  0x4289, 0x4269, 0x4289, 0x42AA, 0x428A, 0x4269, 0x3A69, 0x3A49, 0x3A49, 0x3A49, 0x3A49, 0x3A49,
  0x3A29, 0x3228, 0x3228, 0x3A49, 0x3A49, 0x3A49, 0x3228, 0x3229, 0x3A29, 0x3228, 0x3A29, 0x3A49,
  0x3A49, 0x3A49, 0x3A49, 0x3A49, 0x3A69, 0x3A49, 0x3A49, 0x3249, 0x3249, 0x3A69, 0x3A8A, 0x428A,
  0x4AAB, 0x4ACB, 0x4AAB, 0x4ACB, 0x4AEB, 0x4ACB, 0x4ACB, 0x52EC, 0x4AEB, 0x4ACB, 0x4ACB, 0x4ACB,
  0x4ACB, 0x4ACB, 0x4ACB, 0x4AEB, 0x4AEC, 0x52EC, 0x4AEC, 0x52EC, 0x4AEB, 0x4AEB, 0x4AEC, 0x52EC,
  0x4AEC, 0x52EC, 0x4AEC, 0x4AEC, 0x4AEB, 0x4AEC, 0x4ACB, 0x4AAB, 0x4AAB, 0x428A, 0x3A4A, 0x3A4A,
  0x3A4A, 0x3A6A, 0x3A4A, 0x3A4A, 0x3A29, 0x3209, 0x3229, 0x3208, 0x31E8, 0x29E8, 0x29E7, 0x29E8,
  0x29C7, 0x29C7, 0x29E7, 0x29E7, 0x29E7, 0x31E8, 0x29E7, 0x29E7, 0x31E8, 0x31E8, 0x29E8, 0x31E8,
  0x3208, 0x3228, 0x3A28, 0x3A29, 0x3209, 0x3209, 0x31E8, 0x3208, 0x3208, 0x3228, 0x3228, 0x3228,
  0x3208, 0x31E8, 0x3228, 0x3228, 0x3208, 0x3208, 0x31E8, 0x29C7, 0x29E7, 0x29E7, 0x29E8, 0x29E8,
  0x29E7, 0x29C8, 0x29C8, 0x29C8, 0x29C7, 0x29C8, 0x29C7, 0x29C7, 0x29C7, 0x29C7, 0x29C7, 0x29E8,
  0x31E8, 0x31E8, 0x29E8, 0x3208, 0x3A49, 0x428A, 0x4A8B, 0x4AAB, 0x4ACB, 0x52EC, 0x52EC, 0x5B0C,
  0x5B0D, 0x5B0C, 0x634E, 0x7C31, 0x7C31, 0x8451, 0x8451, 0x8451, 0x7C31, 0x7C30, 0x7C31, 0x7C31,
  0x8451, 0x8451, 0x8451, 0x8451, 0x8451, 0x8471, 0x8471, 0x8471, 0x8451, 0x8451, 0x8451, 0x8450,
  0x8450, 0x8450, 0x8450, 0x8430, 0x7C30, 0x7C30, 0x7C10, 0x7C10, 0x7C10, 0x7C0F, 0x7C10, 0x7C0F,
  0xA48C, 0xA48D, 0xA48D, 0xA48D, 0xA48C, 0xA48C, 0x9C6C, 0x9C4C, 0x942C, 0x940C, 0x8BEB, 0x83AB,
  0x83AB, 0x7B8A, 0x7B8A, 0x7B8B, 0x736A, 0x736B, 0x736B, 0x736A, 0x736A, 0x734A, 0x736B, 0x736B,
  0x6B4A, 0x6B2A, 0x5B0A, 0x5AC9, 0x52C9, 0x52A9, 0x4A68, 0x4248, 0x4248, 0x3A27, 0x3A27, 0x3A27,
  0x3A07, 0x3A07, 0x3A07, 0x3207, 0x3A07, 0x3207, 0x3207, 0x3A07, 0x3207, 0x3207, 0x3207, 0x31E7,
  0x31E7, 0x31E7, 0x3207, 0x3A07, 0x3A27, 0x3A28, 0x4248, 0x4268, 0x4A89, 0x52A9, 0x4AA9, 0x52C9,
  0x52C9, 0x5AEA, 0x632A, 0x6B4B, 0x6B6B, 0x6B6B, 0x738C, 0x73AC, 0x7BED, 0x83ED, 0x840D, 0x840D,
  0x840D, 0x840D, 0x7BCD, 0x7BAC, 0x738B, 0x6B4B, 0x6B4B, 0x6B4B, 0x634B, 0x634B, 0x6B6C, 0x634B,
  0x632B, 0x5B0B, 0x5AEB, 0x52EA, 0x4AAA, 0x52CA, 0x5B0A, 0x5B0B, 0x5B0B, 0x5B0B, 0x52EA, 0x52EA,
  0x52EA, 0x530B, 0x5B0B, 0x5B2B, 0x5B2B, 0x5B0B, 0x5B0B, 0x5B0B, 0x5B2B, 0x632B, 0x5B2B, 0x634C,
  0x634C, 0x632B, 0x5B0B, 0x632C, 0x5B2C, 0x5B0B, 0x52EB, 0x52CA, 0x52EB, 0x5AEB, 0x52CA, 0x4ACA,
  0x4AA9, 0x4289, 0x52EB, 0x52EB, 0x52EB, 0x52EB, 0x52EB, 0x52EB, 0x52CA, 0x52CB, 0x52CA, 0x4ACA,
  0x4ACA, 0x52CA, 0x52EB, 0x4ACA, 0x4AAA, 0x4AAA, 0x4AAA, 0x4A8A, 0x428A, 0x4269, 0x3A69, 0x4289,
  0x428A, 0x4289, 0x4269, 0x3A49, 0x3A49, 0x3A49, 0x3A28, 0x3A29, 0x3A29, 0x3A28, 0x3228, 0x3A49,
  0x3A49, 0x3A49, 0x3248, 0x3228, 0x3A29, 0x3A49, 0x3A49, 0x3A49, 0x3A28, 0x3228, 0x3229, 0x3A49,
  0x3A49, 0x3229, 0x3A49, 0x3A49, 0x3A49, 0x428A, 0x428A, 0x4AAB, 0x4ACB, 0x4ACB, 0x4ACB, 0x4ACB,
  0x4AEC, 0x4AEB, 0x4AEB, 0x530C, 0x4AEB, 0x4AAB, 0x4AAB, 0x4ACB, 0x42AB, 0x42AB, 0x4ACB, 0x4ACB,
  0x4ACB, 0x4AEB, 0x4AEB, 0x4ACB, 0x4ACB, 0x4AEB, 0x4AEB, 0x4AEC, 0x4AEC, 0x4AEB, 0x4AEC, 0x52EC,
  0x4AEC, 0x4AEB, 0x4AEB, 0x4ACB, 0x4AAB, 0x428B, 0x428B, 0x426A, 0x3A4A, 0x3A6A, 0x3A6A, 0x3A4A,
  0x3A29, 0x3A29, 0x3A29, 0x3208, 0x3208, 0x3208, 0x31E8, 0x31E8, 0x29C7, 0x29E8, 0x29E8, 0x29E7,
  0x29E8, 0x29E8, 0x31E8, 0x31E8, 0x31E8, 0x3208, 0x3208, 0x3208, 0x31E8, 0x3228, 0x3A49, 0x3A29,
  0x3A29, 0x3A29, 0x3208, 0x3208, 0x3209, 0x3A29, 0x3229, 0x3229, 0x3209, 0x31E8, 0x3208, 0x3228,
  0x3208, 0x3208, 0x3208, 0x29E8, 0x29E8, 0x31E8, 0x29E7, 0x29E7, 0x29E8, 0x29E8, 0x29C8, 0x29C8,
  0x29C8, 0x29C8, 0x29C7, 0x29C7, 0x29C7, 0x29C7, 0x29C7, 0x31E8, 0x3208, 0x3208, 0x3209, 0x3A29,
  0x426A, 0x4AAB, 0x4AAB, 0x4AAB, 0x52CC, 0x530C, 0x5B0C, 0x5B0C, 0x530C, 0x52CC, 0x530C, 0x5B2D,
  0x6BAE, 0x8471, 0x8451, 0x7C31, 0x7C30, 0x7C31, 0x7C31, 0x7C31, 0x7C31, 0x7C31, 0x7C31, 0x7C31,
  0x8451, 0x8451, 0x8451, 0x7C51, 0x7C51, 0x7C51, 0x8450, 0x8430, 0x8430, 0x7C31, 0x7C31, 0x7C31,
  0x7C30, 0x7C30, 0x7C10, 0x7C10, 0x7C10, 0x7BF0, 0x7BF0, 0x7BEF, 0xA48C, 0xA48D, 0xA48D, 0xA4AD,
  0xA48D, 0xA48D, 0xA46D, 0x9C6D, 0x9C4C, 0x942C, 0x940C, 0x8BCB, 0x83AB, 0x7BAB, 0x7B8B, 0x7B8B,
  0x736B, 0x736B, 0x736A, 0x736A, 0x736A, 0x736B, 0x736B, 0x736B, 0x6B2A, 0x6B4A, 0x632A, 0x5B0A,
  0x5AEA, 0x5ACA, 0x4A89, 0x4248, 0x4248, 0x4248, 0x4228, 0x3A28, 0x3A28, 0x3A28, 0x3A07, 0x3A07,
  0x3A27, 0x3A27, 0x3A07, 0x3A07, 0x3A07, 0x31E7, 0x3207, 0x31E7, 0x31E7, 0x3207, 0x3207, 0x3207,
  0x3A07, 0x3A07, 0x3A27, 0x4248, 0x4A68, 0x4A89, 0x4AA9, 0x4AA9, 0x4AA9, 0x52C9, 0x5B0A, 0x632B,
  0x634B, 0x6B4B, 0x6B6B, 0x736C, 0x7BAC, 0x7BED, 0x7BED, 0x840D, 0x840D, 0x83ED, 0x83ED, 0x7BCD,
  0x73AC, 0x6B6C, 0x6B6C, 0x6B6C, 0x6B4C, 0x6B6C, 0x636C, 0x634B, 0x5B0A, 0x52EA, 0x52EA, 0x52CA,
  0x4AAA, 0x4ACA, 0x52EA, 0x52EA, 0x52EA, 0x52EA, 0x52CA, 0x4AAA, 0x4ACA, 0x52EA, 0x52EB, 0x530B,
  0x530B, 0x530B, 0x52EB, 0x52CA, 0x5B0B, 0x5B2B, 0x5B0B, 0x632B, 0x632C, 0x5B0B, 0x5B0B, 0x5B2B,
  0x5B2B, 0x5B0B, 0x5B0B, 0x5B0B, 0x5B2B, 0x634B, 0x634B, 0x5B2B, 0x52EB, 0x4ACA, 0x4ACA, 0x52CA,
  0x52EB, 0x52EB, 0x52CA, 0x52EB, 0x52CA, 0x52CA, 0x52CB, 0x52CB, 0x4ACA, 0x4ACA, 0x4ACA, 0x4AAA,
  0x4AAA, 0x4AAA, 0x4AA9, 0x4289, 0x4289, 0x4269, 0x3A69, 0x4269, 0x4289, 0x428A, 0x428A, 0x3A69,
  0x3A49, 0x3A49, 0x3A49, 0x3A29, 0x3A29, 0x3228, 0x3A29, 0x3A49, 0x3A49, 0x3228, 0x3228, 0x3228,
  0x3A49, 0x3A49, 0x3A49, 0x3A28, 0x3228, 0x3228, 0x3A49, 0x3A49, 0x3A49, 0x3A49, 0x3A49, 0x3A49,
  0x3A69, 0x428A, 0x428A, 0x42AA, 0x42AB, 0x42AB, 0x4AAB, 0x4ACB, 0x4ACB, 0x4ACB, 0x4ACB, 0x4ACB,
  0x4ACB, 0x428A, 0x428A, 0x426A, 0x428A, 0x428A, 0x42AB, 0x4AAB, 0x42AB, 0x4ACB, 0x4ACB, 0x4AAB,
  0x4ACB, 0x4ACB, 0x4ACB, 0x4ACB, 0x52EC, 0x52EC, 0x4ACB, 0x4ACB, 0x4ACB, 0x4AEC, 0x4AEB, 0x4ACC,
  0x4AAB, 0x4AAB, 0x4AAB, 0x4AAB, 0x428A, 0x426A, 0x426A, 0x426A, 0x3A6A, 0x3A4A, 0x3229, 0x3208,
  0x3208, 0x3208, 0x3208, 0x3208, 0x31E8, 0x3208, 0x31E8, 0x29E8, 0x3208, 0x3208, 0x3229, 0x3208,
  0x3208, 0x3A29, 0x3229, 0x3208, 0x3208, 0x3228, 0x3A28, 0x3A29, 0x3A29, 0x3209, 0x3209, 0x3229,
  0x3A29, 0x3A49, 0x3A29, 0x3229, 0x3209, 0x3209, 0x3228, 0x3208, 0x3208, 0x3229, 0x3208, 0x31E8,
  0x29E8, 0x31E8, 0x29E7, 0x29C7, 0x29E8, 0x29C8, 0x29C8, 0x29C8, 0x29C7, 0x29C7, 0x29C7, 0x29C7,
  0x29C7, 0x29C7, 0x29E8, 0x3208, 0x3229, 0x3A29, 0x3A49, 0x426A, 0x4AAB, 0x4AAB, 0x4AAB, 0x52CC,
  0x52EC, 0x5B0C, 0x5B0C, 0x5B0C, 0x530C, 0x530C, 0x52EC, 0x52EC, 0x634D, 0x8451, 0x7C31, 0x7C10,
  0x7C31, 0x7C31, 0x73CF, 0x73CF, 0x7C31, 0x7C30, 0x7C30, 0x7C31, 0x7C31, 0x7C31, 0x7C31, 0x7C51,
  0x7C31, 0x7C51, 0x7C50, 0x8430, 0x7C30, 0x7C31, 0x7C31, 0x7C30, 0x7C10, 0x7C10, 0x7C10, 0x7C10,
  0x7C10, 0x73F0, 0x73F0, 0x73EF, 0xA48C, 0xA48C, 0xA48D, 0xACAD, 0xA48D, 0xA48D, 0xA48D, 0x9C6D,
  0x9C6D, 0x944C, 0x942C, 0x8C0C, 0x8BEB, 0x8BEC, 0x83CB, 0x7BAB, 0x736B, 0x736A, 0x736B, 0x7B8B,
  0x7B8B, 0x736B, 0x7B8B, 0x736B, 0x734A, 0x736B, 0x6B6B, 0x632A, 0x5B0A, 0x5AEA, 0x4A89, 0x4268,
  0x4248, 0x4248, 0x4228, 0x3A27, 0x3A07, 0x3A28, 0x3A07, 0x31E7, 0x3A07, 0x3A07, 0x3A07, 0x3A07,
  0x3A07, 0x31E7, 0x31E7, 0x3207, 0x3A07, 0x3207, 0x31E7, 0x31E7, 0x31E7, 0x31E7, 0x3A28, 0x4248,
  0x4268, 0x4268, 0x4A89, 0x4AA9, 0x4AA9, 0x52C9, 0x5AEA, 0x5AEA, 0x5B0A, 0x632B, 0x6B4B, 0x6B6C,
  0x738C, 0x73CD, 0x7BCD, 0x83ED, 0x840D, 0x840D, 0x83ED, 0x83ED, 0x7BCD, 0x73AC, 0x73AC, 0x6B6C,
  0x6B6C, 0x6B6C, 0x634B, 0x632B, 0x5B0A, 0x52CA, 0x52CA, 0x4AAA, 0x4AAA, 0x4AAA, 0x4AAA, 0x4AAA,
  0x4AAA, 0x52CA, 0x4AAA, 0x4AAA, 0x4AAA, 0x4ACA, 0x4ACA, 0x4ACA, 0x52CA, 0x4ACA, 0x52EA, 0x52EA,
  0x52EA, 0x5AEB, 0x5AEA, 0x5B0B, 0x632B, 0x5B0B, 0x5B0B, 0x5B2B, 0x5B2B, 0x5B0B, 0x5B0B, 0x634C,
  0x634C, 0x634C, 0x634C, 0x634C, 0x5B0B, 0x52EA, 0x4ACA, 0x4ACA, 0x4ACA, 0x52CA, 0x4ACA, 0x52CA,
  0x52CA, 0x52CA, 0x52CA, 0x52EB, 0x52EB, 0x4ACA, 0x4ACA, 0x4AAA, 0x4ACA, 0x4ACA, 0x4ACA, 0x4AA9,
  0x4269, 0x4269, 0x3A6A, 0x3A49, 0x4269, 0x4269, 0x3A69, 0x3A69, 0x3A69, 0x3A69, 0x3A49, 0x3A29,
  0x3A28, 0x3A49, 0x3A49, 0x3A49, 0x3A49, 0x3A49, 0x3228, 0x3228, 0x3A29, 0x3A29, 0x3228, 0x3208,
  0x3228, 0x3228, 0x3A49, 0x3A49, 0x3A49, 0x3A49, 0x426A, 0x3A69, 0x4269, 0x428A, 0x428A, 0x428A,
  0x428A, 0x428A, 0x428A, 0x42AA, 0x42AB, 0x428B, 0x428B, 0x4AAB, 0x4AAB, 0x428A, 0x428A, 0x3A6A,
  0x426A, 0x428A, 0x428A, 0x428A, 0x42AA, 0x42AA, 0x42AB, 0x4AAB, 0x42AB, 0x42AB, 0x42AB, 0x4ACB,
  0x4AEB, 0x4ACB, 0x4ACB, 0x4ACB, 0x4ACB, 0x4ACB, 0x4ACB, 0x4ACB, 0x42AB, 0x42AB, 0x4AAB, 0x4AAB,
  0x428B, 0x428A, 0x428A, 0x428A, 0x426A, 0x3A4A, 0x3A49, 0x3A29, 0x3208, 0x3208, 0x3A29, 0x3229,
  0x3228, 0x3208, 0x31E8, 0x31E8, 0x3208, 0x3A29, 0x3A49, 0x3229, 0x3208, 0x3A49, 0x3A49, 0x3A29,
  0x3228, 0x3228, 0x3228, 0x3208, 0x3A29, 0x3229, 0x3A29, 0x3A49, 0x3A4A, 0x3A4A, 0x3A4A, 0x3A29,
  0x3A29, 0x3A29, 0x3229, 0x3208, 0x3208, 0x3228, 0x3229, 0x3228, 0x31E8, 0x31E8, 0x31E8, 0x29E8,
  0x31E8, 0x29E8, 0x29C8, 0x29C8, 0x29C7, 0x29A7, 0x29C7, 0x29C7, 0x29E7, 0x31E8, 0x3208, 0x3A29,
  0x3A4A, 0x426A, 0x428A, 0x428B, 0x4AAB, 0x4AAB, 0x52AB, 0x52EC, 0x5B0C, 0x5B0D, 0x5B0C, 0x52EC,
  0x52EC, 0x52EC, 0x52EC, 0x52EC, 0x5B0C, 0x6B8E, 0x636E, 0x6B8E, 0x8451, 0x7C30, 0x636E, 0x73CF,
  0x8451, 0x7C10, 0x7C30, 0x7C31, 0x7C31, 0x7C31, 0x7C31, 0x7C31, 0x7C31, 0x7C31, 0x7C30, 0x7C30,
  0x7C30, 0x7C31, 0x7C31, 0x7C10, 0x7C10, 0x7C10, 0x7C10, 0x7BF0, 0x73F0, 0x73F0, 0x73F0, 0x7410,
  0xA48C, 0xA48C, 0xA4AD, 0xA4AD, 0xA4AD, 0xA48D, 0xA48D, 0xA48D, 0x9C6D, 0x9C6D, 0x942C, 0x940C,
  0x8C0C, 0x8C0C, 0x83EB, 0x7BAB, 0x7B8B, 0x736B, 0x738B, 0x7BAC, 0x7B8B, 0x738B, 0x738B, 0x738B,
  0x738B, 0x738B, 0x736B, 0x632A, 0x630A, 0x5AEA, 0x4AA9, 0x4A89, 0x4248, 0x4228, 0x3A28, 0x3A28,
  0x3A28, 0x3A27, 0x3A07, 0x31E7, 0x31E7, 0x3A07, 0x3A07, 0x3A07, 0x3A07, 0x31E7, 0x31E7, 0x31E7,
  0x39E7, 0x39E7, 0x31C6, 0x31E7, 0x39E7, 0x31E7, 0x3A28, 0x4248, 0x4268, 0x4268, 0x4268, 0x4A89,
  0x4AA9, 0x52A9, 0x52CA, 0x52CA, 0x5B0A, 0x632A, 0x6B4B, 0x6B6C, 0x73AC, 0x7BAC, 0x7BCC, 0x83ED,
  0x8C2D, 0x8C0D, 0x83ED, 0x83ED, 0x7BED, 0x7BED, 0x7BCC, 0x738C, 0x6B6B, 0x6B4B, 0x634B, 0x5B0A,
  0x5B0A, 0x52CA, 0x4AA9, 0x4AA9, 0x4A89, 0x4289, 0x4289, 0x4A89, 0x4A89, 0x4AAA, 0x4AAA, 0x4A89,
  0x4A89, 0x4AA9, 0x4A89, 0x4A89, 0x4A89, 0x4AAA, 0x4AAA, 0x4ACA, 0x4ACA, 0x52EA, 0x52EA, 0x5B0B,
  0x5B2B, 0x5B0B, 0x5B0B, 0x5B0B, 0x5B0B, 0x5AEB, 0x5B0B, 0x6B6D, 0x634C, 0x5B2B, 0x634C, 0x634C,
  0x5B0B, 0x52EA, 0x52CA, 0x52CA, 0x52EB, 0x52CA, 0x4ACA, 0x52EB, 0x52CA, 0x4ACA, 0x52CB, 0x52CB,
  0x52EB, 0x52EB, 0x52EB, 0x52CA, 0x52CA, 0x4ACA, 0x4ACA, 0x4AAA, 0x428A, 0x4289, 0x4269, 0x4269,
  0x4269, 0x428A, 0x3A49, 0x3A69, 0x428A, 0x4249, 0x3A49, 0x3A29, 0x3A29, 0x3A49, 0x3A29, 0x3A29,
  0x3A29, 0x3A29, 0x3228, 0x3228, 0x3A28, 0x3228, 0x3208, 0x3228, 0x3A29, 0x3229, 0x3A49, 0x3A49,
  0x3A49, 0x426A, 0x428A, 0x4269, 0x428A, 0x428A, 0x4269, 0x426A, 0x426A, 0x428A, 0x4AAB, 0x428A,
  0x426A, 0x428A, 0x428A, 0x428A, 0x426A, 0x426A, 0x426A, 0x3A6A, 0x426A, 0x426A, 0x3A69, 0x3A6A,
  0x428A, 0x428A, 0x42AB, 0x42AB, 0x428A, 0x428A, 0x428A, 0x4AAB, 0x4AAB, 0x4ACB, 0x4ACB, 0x42AB,
  0x4AAB, 0x4ACB, 0x4ACB, 0x4AAB, 0x42CB, 0x4ACB, 0x4ACB, 0x42CB, 0x42AB, 0x4AAB, 0x42AB, 0x428B,
  0x426A, 0x3A4A, 0x3A6A, 0x3A4A, 0x3A29, 0x3A29, 0x3A49, 0x3A49, 0x3A49, 0x3229, 0x3A29, 0x3208,
  0x3208, 0x3A29, 0x3A4A, 0x3A49, 0x3A29, 0x3A49, 0x3A4A, 0x3A6A, 0x3A4A, 0x3A29, 0x3229, 0x3A29,
  0x3A49, 0x3A29, 0x3A49, 0x426A, 0x3A6A, 0x426A, 0x3A4A, 0x3A4A, 0x3A4A, 0x3A4A, 0x3229, 0x3229,
  0x3208, 0x3208, 0x3229, 0x3229, 0x3208, 0x31E8, 0x31E8, 0x29C8, 0x29C8, 0x29E8, 0x29E8, 0x29E8,
  0x31E8, 0x31C8, 0x29E8, 0x31E8, 0x3208, 0x3A29, 0x3A49, 0x426A, 0x428A, 0x4AAB, 0x4AAB, 0x4AAB,
  0x4AAB, 0x52AB, 0x52EC, 0x5AEC, 0x52EC, 0x52EC, 0x52EC, 0x52CC, 0x52CC, 0x52CC, 0x52CC, 0x52CC,
  0x52EC, 0x52EC, 0x52CC, 0x52EC, 0x638E, 0x73F0, 0x6B8E, 0x638E, 0x7C10, 0x7C30, 0x7C31, 0x7C31,
  0x7C31, 0x7C31, 0x7C31, 0x7C31, 0x7C30, 0x7C31, 0x7C31, 0x7C31, 0x7C30, 0x7C31, 0x7C31, 0x7C30,
  0x7C10, 0x7C10, 0x7C10, 0x7C10, 0x73F0, 0x73F0, 0x73F0, 0x73F0, 0xA4AD, 0xA4AD, 0xA48C, 0xA4AC,
  0xA4AD, 0xA4AD, 0xA4AE, 0xA48D, 0x9C8D, 0x9C6D, 0x942C, 0x942C, 0x940C, 0x8C0C, 0x8BEC, 0x83CB,
  0x7B8B, 0x7B8B, 0x7BAB, 0x7BAC, 0x738B, 0x738B, 0x7B8B, 0x7BAB, 0x7BAB, 0x7B8B, 0x738B, 0x6B2A,
  0x630A, 0x5AEA, 0x52A9, 0x4A89, 0x4A89, 0x4248, 0x3A07, 0x3A28, 0x3A28, 0x3A27, 0x3A07, 0x31E7,
  0x31E7, 0x39E7, 0x3A07, 0x3207, 0x3A07, 0x3207, 0x31E7, 0x31E7, 0x39E7, 0x39E7, 0x31E7, 0x39E7,
  0x39E7, 0x31E7, 0x3A07, 0x3A48, 0x3A48, 0x4248, 0x4248, 0x4248, 0x4A89, 0x4A89, 0x4A89, 0x4AA9,
  0x5AEA, 0x632A, 0x632B, 0x634B, 0x6B4B, 0x736B, 0x7BAC, 0x83CD, 0x83ED, 0x83ED, 0x840D, 0x840D,
  0x83ED, 0x7BED, 0x7BCD, 0x738C, 0x6B6B, 0x632B, 0x5B0A, 0x5B0A, 0x5B0A, 0x52CA, 0x4AA9, 0x4AA9,
  0x4289, 0x4269, 0x4269, 0x4269, 0x4269, 0x4A89, 0x4A89, 0x4A89, 0x4289, 0x4289, 0x4A89, 0x4289,
  0x4269, 0x4269, 0x4269, 0x428A, 0x4AAA, 0x4ACA, 0x52EA, 0x52EB, 0x5B0B, 0x5B0B, 0x52EB, 0x52CA,
  0x52EB, 0x52CB, 0x5AEB, 0x5B0B, 0x5B0B, 0x5B2B, 0x5B2B, 0x632C, 0x632C, 0x5B0B, 0x530B, 0x530B,
  0x5B0B, 0x52EB, 0x52CB, 0x52EB, 0x52CB, 0x52CA, 0x52EB, 0x52EB, 0x52CB, 0x4ACA, 0x4ACA, 0x52CA,
  0x4ACA, 0x4AAA, 0x4ACA, 0x4AAA, 0x428A, 0x4289, 0x4269, 0x428A, 0x4A8A, 0x428A, 0x4269, 0x4269,
  0x4269, 0x4269, 0x3A49, 0x3A49, 0x3A49, 0x3A29, 0x3229, 0x3A29, 0x3A29, 0x3228, 0x3228, 0x3A29,
  0x3A28, 0x3228, 0x3A29, 0x3A29, 0x3228, 0x3228, 0x3A49, 0x3A49, 0x3A49, 0x426A, 0x4269, 0x426A,
  0x426A, 0x426A, 0x4249, 0x4269, 0x428A, 0x4AAB, 0x42AA, 0x428A, 0x3A6A, 0x428A, 0x428A, 0x426A,
  0x3A6A, 0x426A, 0x426A, 0x426A, 0x428A, 0x426A, 0x3A6A, 0x3A49, 0x3A6A, 0x428A, 0x42AB, 0x42AB,
  0x426A, 0x426A, 0x426A, 0x428A, 0x42AB, 0x4AAB, 0x428B, 0x428A, 0x428A, 0x4AAB, 0x4AAB, 0x4AAB,
  0x4ACB, 0x4ACB, 0x4ACB, 0x4ACB, 0x4AAB, 0x4AAB, 0x428B, 0x426A, 0x426A, 0x3A4A, 0x426A, 0x3A4A,
  0x3A29, 0x3A49, 0x3A6A, 0x3A4A, 0x3A49, 0x3A49, 0x3A29, 0x3209, 0x3209, 0x3A49, 0x3A4A, 0x3A6A,
  0x3A6A, 0x426A, 0x426A, 0x426A, 0x426A, 0x3A49, 0x3229, 0x3229, 0x3A29, 0x3A29, 0x3A49, 0x3A4A,
  0x3A6A, 0x426A, 0x426A, 0x426A, 0x426A, 0x426A, 0x3A4A, 0x3A49, 0x3229, 0x3208, 0x3229, 0x3229,
  0x3229, 0x3209, 0x3208, 0x31E8, 0x29E8, 0x29E8, 0x31E8, 0x31E8, 0x3209, 0x3208, 0x3208, 0x3208,
  0x3A49, 0x3A6A, 0x428A, 0x428B, 0x4AAB, 0x52CB, 0x52CC, 0x52EC, 0x52EC, 0x52EC, 0x5AEC, 0x5AEC,
  0x52CC, 0x52CB, 0x52CC, 0x52CC, 0x52CC, 0x52CC, 0x52CC, 0x52CC, 0x52CC, 0x52CC, 0x52CC, 0x52EC,
  0x52EC, 0x5B0C, 0x5B2C, 0x5B0C, 0x636D, 0x7410, 0x6BAF, 0x73D0, 0x73CF, 0x73F0, 0x7C11, 0x7C31,
  0x7C31, 0x7C30, 0x7C31, 0x7C31, 0x7C30, 0x7C31, 0x7C30, 0x7C30, 0x7C10, 0x7C10, 0x7C10, 0x7C10,
  0x7C10, 0x73F0, 0x73F0, 0x73F0, 0xA4AD, 0xA48D, 0xA48C, 0xA4AD, 0xA4AD, 0xA4AD, 0xACAE, 0xA48D,
  0x9C6D, 0x9C6D, 0x9C4D, 0x942D, 0x940C, 0x8C0C, 0x8C0C, 0x83EC, 0x83CB, 0x83CB, 0x7BCC, 0x7BAB,
  0x7B8B, 0x7B8B, 0x7BAB, 0x7BAB, 0x7BAC, 0x7BAC, 0x7BAC, 0x6B4B, 0x630A, 0x5AEA, 0x52A9, 0x4A88,
  0x4A89, 0x4268, 0x3A27, 0x3A27, 0x3A07, 0x3A27, 0x3A07, 0x31E7, 0x39E7, 0x39E7, 0x3A27, 0x3A07,
  0x3A28, 0x3A07, 0x31E7, 0x31E7, 0x39E7, 0x31E7, 0x31E7, 0x31E7, 0x31E7, 0x31E7, 0x3A27, 0x3A28,
  0x3A27, 0x3A47, 0x4248, 0x4228, 0x4248, 0x4248, 0x4A69, 0x4AA9, 0x52EA, 0x5B0A, 0x5B2A, 0x632A,
  0x632B, 0x6B4B, 0x738C, 0x7BAC, 0x7BCC, 0x7BCC, 0x83ED, 0x83ED, 0x83ED, 0x7BED, 0x7BCD, 0x738C,
  0x6B6B, 0x634B, 0x5B0A, 0x5B0A, 0x52EA, 0x52EA, 0x52CA, 0x4AA9, 0x4289, 0x4269, 0x4269, 0x4269,
  0x4A89, 0x4A89, 0x4AA9, 0x4A89, 0x4269, 0x4289, 0x4269, 0x4269, 0x4269, 0x4269, 0x4269, 0x4249,
  0x426A, 0x4A8A, 0x4AAA, 0x4AAA, 0x52EA, 0x52EA, 0x52CA, 0x4ACA, 0x4ACA, 0x4ACA, 0x52CA, 0x5B0B,
  0x5B0B, 0x5B2B, 0x634C, 0x632C, 0x634C, 0x5B2B, 0x5B0B, 0x530B, 0x5B0B, 0x52EB, 0x52EB, 0x52CA,
  0x52EB, 0x52EB, 0x52EB, 0x52EB, 0x52CA, 0x4ACA, 0x4ACA, 0x4ACA, 0x4AAA, 0x4AAA, 0x4AAA, 0x4AAA,
  0x4AAA, 0x4AAA, 0x4269, 0x428A, 0x4AAA, 0x428A, 0x4269, 0x4269, 0x428A, 0x4289, 0x4269, 0x3A49,
  0x3A49, 0x3A49, 0x3228, 0x3228, 0x3A29, 0x3A49, 0x3A49, 0x3A49, 0x3A28, 0x3228, 0x3A28, 0x3A29,
  0x3A28, 0x3229, 0x3A49, 0x3A49, 0x3A69, 0x426A, 0x428A, 0x4AAA, 0x4AAA, 0x4AAA, 0x4269, 0x3A69,
  0x426A, 0x428A, 0x428A, 0x3A6A, 0x3A49, 0x3A6A, 0x426A, 0x3A6A, 0x3A69, 0x426A, 0x426A, 0x428A,
  0x428A, 0x428A, 0x428A, 0x3A49, 0x3A49, 0x3A6A, 0x428A, 0x428A, 0x3A6A, 0x3A4A, 0x3A49, 0x3A6A,
  0x428A, 0x428A, 0x428A, 0x426A, 0x428A, 0x428B, 0x428A, 0x42AB, 0x42AB, 0x4AAB, 0x4AAB, 0x4ACB,
  0x42AB, 0x428B, 0x428B, 0x428A, 0x426A, 0x426A, 0x426A, 0x3A6A, 0x3A29, 0x3A4A, 0x426A, 0x3A6A,
  0x3A4A, 0x3A49, 0x3A29, 0x3209, 0x3229, 0x3A29, 0x3A4A, 0x426A, 0x426A, 0x428A, 0x426A, 0x428A,
  0x428A, 0x3A6A, 0x3A29, 0x3A29, 0x3A29, 0x3A49, 0x3A49, 0x3A49, 0x3A6A, 0x426A, 0x426A, 0x426A,
  0x426A, 0x426A, 0x426A, 0x3A4A, 0x3A29, 0x3229, 0x3A29, 0x3A29, 0x3A49, 0x3A29, 0x3209, 0x31E8,
  0x31E8, 0x29E8, 0x31E8, 0x3209, 0x3A49, 0x424A, 0x3A4A, 0x3A4A, 0x426A, 0x428B, 0x4ACB, 0x4ACB,
  0x52CB, 0x52EC, 0x52EC, 0x530C, 0x52EC, 0x52EC, 0x52EC, 0x52CC, 0x52AB, 0x52AB, 0x52CC, 0x52CC,
  0x52EC, 0x52EC, 0x52EC, 0x52EC, 0x52EC, 0x52CC, 0x52CC, 0x52EC, 0x52EC, 0x52CB, 0x52CB, 0x52CC,
  0x5B0C, 0x5B4D, 0x5B0C, 0x634E, 0x634E, 0x634D, 0x6B8F, 0x73F0, 0x7C10, 0x7C10, 0x7C30, 0x7C31,
  0x7C31, 0x7C31, 0x7C10, 0x7C10, 0x7C10, 0x7C10, 0x7C10, 0x7C10, 0x7C30, 0x7C10, 0x7C10, 0x7410,
  0xACAD, 0xA4AD, 0xA4AD, 0xA4AD, 0xA4AD, 0xA4AD, 0xA4AD, 0xA48D, 0xA48D, 0x9C8D, 0x9C6D, 0x9C4D,
  0x942D, 0x942C, 0x8C0C, 0x8BEC, 0x8BEC, 0x8BEC, 0x83EC, 0x83CC, 0x7BAB, 0x7BAC, 0x7BAB, 0x7B8B,
  0x7BAB, 0x7BAC, 0x7BAC, 0x6B6B, 0x632B, 0x5AEA, 0x52A9, 0x4A89, 0x4A89, 0x4A68, 0x4248, 0x3A27,
  0x3A27, 0x3A27, 0x3A07, 0x39E7, 0x39E7, 0x3A07, 0x3A07, 0x3A27, 0x3A27, 0x3A27, 0x3A07, 0x31E7,
  0x31E7, 0x31E7, 0x39E7, 0x31E7, 0x3A07, 0x3A28, 0x3A28, 0x3A27, 0x3A27, 0x3A48, 0x4228, 0x4228,
  0x4248, 0x4248, 0x4A69, 0x4AA9, 0x52C9, 0x52EA, 0x5AEA, 0x5AEA, 0x5B0A, 0x632A, 0x6B6B, 0x738C,
  0x7BAC, 0x7BAC, 0x83CD, 0x83CD, 0x7BCD, 0x7BCD, 0x7BAD, 0x738C, 0x6B6B, 0x6B6B, 0x634B, 0x5B2B,
  0x5B0B, 0x52EA, 0x52CA, 0x4ACA, 0x4289, 0x4269, 0x4269, 0x4289, 0x4A89, 0x4A89, 0x4A89, 0x4289,
  0x4269, 0x4249, 0x4269, 0x4249, 0x4269, 0x4269, 0x4249, 0x3A28, 0x3A49, 0x4269, 0x4289, 0x4AAA,
  0x4AAA, 0x4ACA, 0x4ACA, 0x4ACA, 0x52CA, 0x4ACA, 0x52EB, 0x5B0B, 0x5B2B, 0x634C, 0x636C, 0x634C,
  0x632C, 0x632C, 0x5B2B, 0x5B0B, 0x52EB, 0x52CA, 0x52CB, 0x52CA, 0x52CA, 0x52CB, 0x52EB, 0x52EB,
  0x52CB, 0x52CA, 0x4ACA, 0x4AAA, 0x4289, 0x4289, 0x4289, 0x4AAA, 0x4AAA, 0x4AAA, 0x4289, 0x428A,
  0x428A, 0x4269, 0x4269, 0x428A, 0x4269, 0x4269, 0x4269, 0x3A49, 0x3A49, 0x3A49, 0x3A49, 0x3A49,
  0x3A49, 0x3A49, 0x3A49, 0x3A49, 0x3228, 0x3A28, 0x3A28, 0x3228, 0x3A29, 0x3A49, 0x3A49, 0x3A49,
  0x426A, 0x428A, 0x4AAA, 0x4AAA, 0x4ACB, 0x4AAA, 0x4269, 0x4269, 0x3A6A, 0x426A, 0x428A, 0x3A69,
  0x3A49, 0x3A49, 0x3A6A, 0x3A69, 0x3A49, 0x428A, 0x428A, 0x428A, 0x42AA, 0x428A, 0x426A, 0x3A49,
  0x3A49, 0x3A49, 0x3A6A, 0x3A6A, 0x3A4A, 0x3A49, 0x3A49, 0x3A49, 0x426A, 0x426A, 0x428A, 0x428A,
  0x428A, 0x428A, 0x426A, 0x426A, 0x428A, 0x4AAB, 0x4AAB, 0x42AB, 0x42AB, 0x4AAB, 0x4AAB, 0x428B,
  0x428B, 0x428A, 0x426A, 0x426A, 0x426A, 0x428A, 0x428B, 0x426A, 0x3A4A, 0x3A49, 0x3A4A, 0x3A4A,
  0x3A4A, 0x3A4A, 0x426A, 0x428B, 0x42AB, 0x428B, 0x428A, 0x428A, 0x4AAB, 0x428A, 0x4269, 0x426A,
  0x3A6A, 0x3A4A, 0x426A, 0x426A, 0x3A6A, 0x426A, 0x428A, 0x428B, 0x428B, 0x426A, 0x426A, 0x428A,
  0x428A, 0x426A, 0x3A4A, 0x426A, 0x3A6A, 0x3A49, 0x3229, 0x3A29, 0x3A29, 0x3229, 0x3229, 0x3A4A,
  0x426A, 0x4AAB, 0x4AAB, 0x42AB, 0x4AAB, 0x4ACB, 0x4ACC, 0x52EC, 0x52CC, 0x52CB, 0x52EC, 0x52EC,
  0x52EC, 0x52EC, 0x5B0C, 0x52EC, 0x4AAB, 0x52AB, 0x4ACB, 0x52CC, 0x52EC, 0x52EC, 0x530C, 0x530C,
  0x52EC, 0x52EC, 0x52EC, 0x530C, 0x5B0D, 0x52EC, 0x52CB, 0x52CB, 0x52EC, 0x530C, 0x5B0C, 0x5B0C,
  0x5B2D, 0x5B2D, 0x634D, 0x634E, 0x6BAF, 0x7C31, 0x7C11, 0x7BF0, 0x73CF, 0x7C10, 0x7C10, 0x7C10,
  0x7C10, 0x7C10, 0x7C30, 0x7C30, 0x7C10, 0x7C10, 0x7C10, 0x7C10, 0xACAD, 0xACAE, 0xACCE, 0xACAD,
  0xACAD, 0xA4AD, 0xA4AD, 0xA4AE, 0xA4AE, 0xA4AE, 0x9C6E, 0x9C6E, 0x9C4D, 0x942D, 0x8C2D, 0x8BEC,
  0x8C0C, 0x8C0C, 0x8C0C, 0x83EC, 0x7BAB, 0x7BAC, 0x7BAB, 0x738B, 0x738B, 0x7B8B, 0x738B, 0x6B4B,
  0x632A, 0x5AEA, 0x52A9, 0x4AA9, 0x4A88, 0x4A88, 0x4248, 0x3A48, 0x3A47, 0x3A07, 0x3A07, 0x3A07,
  0x3A07, 0x39E7, 0x3207, 0x3A27, 0x3A27, 0x3A07, 0x3A07, 0x31E7, 0x39E7, 0x39E7, 0x3A07, 0x3A07,
  0x3A28, 0x3A28, 0x3A27, 0x3A48, 0x4268, 0x3A48, 0x3A28, 0x3A28, 0x4228, 0x4248, 0x4249, 0x4A89,
  0x4AA9, 0x4AA9, 0x52C9, 0x5AEA, 0x5AEA, 0x5B0B, 0x634B, 0x6B4B, 0x738C, 0x7BAC, 0x7BCD, 0x83CD,
  0x7BCD, 0x7BCD, 0x7BAD, 0x73AC, 0x738C, 0x6B8C, 0x6B6B, 0x634B, 0x5B2B, 0x52CA, 0x52CA, 0x4AAA,
  0x4A89, 0x4269, 0x4269, 0x4269, 0x4269, 0x4269, 0x4269, 0x4249, 0x4249, 0x3A48, 0x4249, 0x4249,
  0x4249, 0x4269, 0x4249, 0x3A48, 0x3A28, 0x3A48, 0x4269, 0x4A8A, 0x4AAA, 0x4ACA, 0x4ACA, 0x52CB,
  0x52EB, 0x52CA, 0x530B, 0x5B0B, 0x5B2B, 0x634C, 0x634C, 0x632C, 0x5B2B, 0x5B2B, 0x5B2B, 0x530B,
  0x52EB, 0x52CA, 0x52CB, 0x52CA, 0x4AAA, 0x52CA, 0x52EB, 0x52CA, 0x4ACA, 0x4ACA, 0x4AAA, 0x4AAA,
  0x4AAA, 0x4AAA, 0x4AAA, 0x4AAA, 0x4AAA, 0x428A, 0x4269, 0x4269, 0x426A, 0x4269, 0x4269, 0x428A,
  0x428A, 0x4269, 0x4269, 0x3A69, 0x3A69, 0x3A69, 0x4269, 0x4269, 0x3A69, 0x3A49, 0x3A49, 0x3A49,
  0x3A29, 0x3A28, 0x3228, 0x3228, 0x3A49, 0x3A49, 0x3A49, 0x3A6A, 0x426A, 0x4AAB, 0x4ACB, 0x4AAA,
  0x4AAA, 0x4AAA, 0x4AAA, 0x4AAB, 0x428A, 0x428A, 0x4ACB, 0x42AB, 0x428A, 0x42AA, 0x428A, 0x428A,
  0x428A, 0x428A, 0x428A, 0x428A, 0x428A, 0x428A, 0x3A6A, 0x3A49, 0x3A49, 0x3A29, 0x3A4A, 0x3A6A,
  0x3A4A, 0x3A29, 0x3A29, 0x3A29, 0x3A29, 0x426A, 0x426A, 0x426A, 0x426A, 0x428A, 0x426A, 0x428A,
  0x428B, 0x4ACB, 0x4ACC, 0x4AAB, 0x4ACB, 0x4AAB, 0x42AB, 0x428B, 0x4AAB, 0x428A, 0x426A, 0x428A,
  0x42AB, 0x428B, 0x428B, 0x428B, 0x426A, 0x3A6A, 0x426A, 0x428A, 0x426A, 0x428B, 0x4AAB, 0x4ACB,
  0x4AAB, 0x4AAB, 0x4AAB, 0x4AAB, 0x4ACB, 0x4AAB, 0x4AAB, 0x4AAB, 0x428B, 0x428A, 0x426A, 0x42AB,
  0x428B, 0x428B, 0x4AAB, 0x4ACB, 0x4AAB, 0x428A, 0x428A, 0x428B, 0x4AAB, 0x4AAB, 0x4AAB, 0x428B,
  0x426A, 0x426A, 0x3A6A, 0x3A6A, 0x3A49, 0x3A49, 0x3A6A, 0x428B, 0x4AAB, 0x4AAB, 0x4ACC, 0x4ACC,
  0x4ACB, 0x4ACB, 0x4ACB, 0x4ACB, 0x52CB, 0x52CB, 0x4ACB, 0x4ACB, 0x52CB, 0x5AEC, 0x5AEC, 0x52CC,
  0x52AB, 0x4AAB, 0x4AAB, 0x4ACB, 0x52EC, 0x52EC, 0x52EC, 0x530C, 0x5B0D, 0x5B0D, 0x530D, 0x5B2D,
  0x5B2D, 0x5B0D, 0x5B0D, 0x52EC, 0x52EC, 0x52EC, 0x52EC, 0x5B0C, 0x5B0D, 0x5B2D, 0x632D, 0x634D,
  0x636E, 0x73F0, 0x7C10, 0x6BAF, 0x6B8E, 0x6BAE, 0x73CF, 0x7C30, 0x7C31, 0x7C30, 0x7C31, 0x7C10,
  0x7C10, 0x7C10, 0x7C10, 0x7C10, 0xACCE, 0xACCE, 0xACCE, 0xACCE, 0xACCE, 0xA4AE, 0xA4AE, 0xA4AE,
  0xA4AE, 0xA4AE, 0xA48E, 0xA48E, 0x9C6E, 0x9C6D, 0x944D, 0x8C2C, 0x8C2C, 0x8C0D, 0x8C0C, 0x8BEC,
  0x83EC, 0x7BCB, 0x7BAB, 0x7B8B, 0x736B, 0x736B, 0x736B, 0x6B6B, 0x6B4B, 0x5B0A, 0x52C9, 0x52C9,
  0x4A89, 0x4268, 0x4228, 0x3A27, 0x3A27, 0x3A27, 0x3A07, 0x3A07, 0x3A07, 0x39E7, 0x31E7, 0x3A07,
  0x3A27, 0x3A27, 0x3A07, 0x3A07, 0x3207, 0x3A07, 0x3207, 0x3A07, 0x3A48, 0x3A48, 0x3A48, 0x4268,
  0x4248, 0x3A27, 0x3A27, 0x3A48, 0x4248, 0x4248, 0x4248, 0x4268, 0x4A89, 0x4AA9, 0x52A9, 0x5AEA,
  0x5B0A, 0x632B, 0x632B, 0x632B, 0x6B6B, 0x738C, 0x7BAC, 0x7BCC, 0x7BCD, 0x7BCD, 0x7BCD, 0x7BAC,
  0x73AD, 0x73AD, 0x6B6C, 0x634B, 0x5B2B, 0x52CA, 0x4AAA, 0x4AAA, 0x4AAA, 0x4A89, 0x4289, 0x4269,
  0x4248, 0x4248, 0x4269, 0x4269, 0x4269, 0x3A48, 0x3A28, 0x3A28, 0x3A49, 0x4269, 0x4249, 0x4249,
  0x4248, 0x4269, 0x4269, 0x4289, 0x4289, 0x4289, 0x4AAA, 0x4ACA, 0x4ACA, 0x52EA, 0x52EB, 0x530B,
  0x5B2B, 0x632B, 0x634C, 0x632C, 0x632C, 0x632C, 0x5B2B, 0x5B0B, 0x530B, 0x52EB, 0x52CA, 0x4ACA,
  0x4ACA, 0x4ACA, 0x52CA, 0x52CA, 0x4AAA, 0x4AAA, 0x4AAA, 0x4ACA, 0x4ACA, 0x4AAA, 0x4AAA, 0x4AAA,
  0x428A, 0x4289, 0x4269, 0x4249, 0x4269, 0x4269, 0x4269, 0x4289, 0x4289, 0x4269, 0x4289, 0x4289,
  0x4269, 0x3A69, 0x3A49, 0x3A69, 0x428A, 0x3A69, 0x3A69, 0x3A49, 0x3A29, 0x3A29, 0x3A49, 0x3A49,
  0x426A, 0x3A6A, 0x3A69, 0x3A69, 0x3A69, 0x42AA, 0x4ACB, 0x4AAA, 0x4AAA, 0x4AAA, 0x4ACA, 0x52CB,
  0x4ACB, 0x4ACB, 0x52EB, 0x52EB, 0x4AAB, 0x42AA, 0x42AA, 0x42AA, 0x428A, 0x428A, 0x428A, 0x42AA,
  0x42AA, 0x42AA, 0x428A, 0x3A49, 0x3A49, 0x3A49, 0x3A49, 0x3A49, 0x3A49, 0x3229, 0x3229, 0x3229,
  0x3229, 0x3A6A, 0x3A4A, 0x3A4A, 0x426A, 0x428A, 0x428B, 0x4AAB, 0x4AAB, 0x4ACB, 0x4AEC, 0x4AEC,
  0x4AEC, 0x4ACB, 0x4AAB, 0x428A, 0x428A, 0x426A, 0x428A, 0x42AB, 0x4AAB, 0x4AAB, 0x4AAB, 0x42AB,
  0x428A, 0x426A, 0x428A, 0x428A, 0x42AB, 0x4AAB, 0x4AAB, 0x4ACB, 0x4ACB, 0x4AAB, 0x4ACB, 0x4AAB,
  0x52CB, 0x52EC, 0x52EC, 0x4ACB, 0x4ACB, 0x4AAB, 0x4AAB, 0x4ACB, 0x4AEC, 0x4ACB, 0x4ACB, 0x4ACB,
  0x4ACB, 0x42AB, 0x428B, 0x428B, 0x4AAB, 0x4AAB, 0x4ACC, 0x4ACB, 0x4AAB, 0x428B, 0x428A, 0x428A,
  0x428A, 0x428A, 0x4AAB, 0x4ACB, 0x4ACB, 0x4ACB, 0x52EC, 0x52EC, 0x4ACB, 0x4ACB, 0x4ACB, 0x4AAB,
  0x4AAB, 0x4AAB, 0x4AAB, 0x4AAB, 0x4ACB, 0x52EC, 0x52EC, 0x52CC, 0x4AAB, 0x4AAB, 0x4AAB, 0x4AAB,
  0x52CC, 0x52EC, 0x530C, 0x5B0C, 0x5B0D, 0x5B2D, 0x5B2D, 0x634D, 0x5B2D, 0x5B4D, 0x5B2D, 0x5B0C,
  0x5B0C, 0x530C, 0x52EC, 0x5B0C, 0x5B0D, 0x5B2D, 0x5B2D, 0x634D, 0x634E, 0x634E, 0x6B8F, 0x6B8E,
  0x6B8E, 0x6B8E, 0x6B8F, 0x7C10, 0x7C11, 0x7C11, 0x7C10, 0x7C10, 0x7C10, 0x7C10, 0x7C10, 0x7C10,
  0xACEE, 0xACEE, 0xACCE, 0xACCE, 0xACAE, 0xA4AE, 0xA4AE, 0xACCE, 0xACCE, 0xA4AE, 0xA4AE, 0xA4AE,
  0xA48E, 0x9C8E, 0x944D, 0x942D, 0x942D, 0x942D, 0x8C0D, 0x8C0D, 0x8BEC, 0x83CC, 0x7BAB, 0x7BAB,
  0x738B, 0x736B, 0x738B, 0x6B4B, 0x6B4B, 0x630A, 0x5AEA, 0x52C9, 0x4A68, 0x4248, 0x4228, 0x4228,
  0x4248, 0x4248, 0x4228, 0x3A27, 0x3A07, 0x4227, 0x3A28, 0x3A28, 0x3A48, 0x3A28, 0x3A27, 0x3A07,
  0x3A07, 0x3A07, 0x3207, 0x3A07, 0x3A48, 0x4248, 0x3A48, 0x3A48, 0x3A27, 0x3A27, 0x3A27, 0x3A48,
  0x4248, 0x4248, 0x4268, 0x4268, 0x4A88, 0x4A89, 0x52A9, 0x52C9, 0x5B0A, 0x5B0A, 0x5B0A, 0x630A,
  0x6B6B, 0x738C, 0x7BAC, 0x7BCC, 0x7BCC, 0x7BCC, 0x7BED, 0x7BCD, 0x7BCD, 0x73CD, 0x6B8C, 0x636B,
  0x634B, 0x52EA, 0x52AA, 0x4AAA, 0x4AAA, 0x4AC9, 0x4AA9, 0x4289, 0x4248, 0x4248, 0x4269, 0x4269,
  0x4249, 0x3A49, 0x3A28, 0x3A48, 0x3A28, 0x4249, 0x4269, 0x4269, 0x4249, 0x4269, 0x4269, 0x4269,
  0x4289, 0x4269, 0x4269, 0x4AAA, 0x52CB, 0x52CA, 0x4ACA, 0x52EB, 0x5B0B, 0x5B0B, 0x634C, 0x634C,
  0x634C, 0x634C, 0x632C, 0x5B2C, 0x5B0B, 0x5B0B, 0x52EB, 0x52CA, 0x52CA, 0x4AAA, 0x4AAA, 0x4AAA,
  0x4AAA, 0x4AAA, 0x4AAA, 0x52CA, 0x4A8A, 0x4A8A, 0x4AAA, 0x428A, 0x428A, 0x4289, 0x3A49, 0x4269,
  0x426A, 0x4249, 0x4269, 0x4289, 0x4289, 0x4269, 0x4269, 0x4269, 0x3A49, 0x4249, 0x3A49, 0x3A49,
  0x426A, 0x3A69, 0x3A49, 0x3A49, 0x3A49, 0x3A49, 0x3A49, 0x3A69, 0x4269, 0x3A49, 0x3A49, 0x3A69,
  0x426A, 0x42AA, 0x42AA, 0x428A, 0x428A, 0x42AA, 0x4ACB, 0x52EB, 0x4ACB, 0x52CB, 0x52EC, 0x52EB,
  0x4ACB, 0x4ACB, 0x4ACB, 0x4ACB, 0x4AAA, 0x42AA, 0x4AAB, 0x4ACB, 0x4ACB, 0x4ACB, 0x42AA, 0x428A,
  0x428A, 0x428A, 0x3A49, 0x3A69, 0x3A49, 0x3229, 0x3A29, 0x3229, 0x3229, 0x3A4A, 0x3A4A, 0x426A,
  0x426A, 0x428A, 0x4AAB, 0x4AAB, 0x4AAB, 0x4ACB, 0x4ACB, 0x4ACB, 0x4AEB, 0x4AEB, 0x4ACB, 0x4AAB,
  0x42AA, 0x428A, 0x428A, 0x42AB, 0x4ACB, 0x4ACB, 0x4ACB, 0x4ACB, 0x428A, 0x428A, 0x42AB, 0x4AAB,
  0x4ACB, 0x4ACB, 0x4ACB, 0x4ACB, 0x4AEB, 0x4AEC, 0x52EC, 0x52EC, 0x530C, 0x5B0C, 0x5AEC, 0x52EC,
  0x52EC, 0x52EC, 0x530C, 0x5B2C, 0x530C, 0x530C, 0x52EC, 0x4AEB, 0x4ACB, 0x4ACB, 0x4AAB, 0x428B,
  0x4AAB, 0x4ACB, 0x4AEC, 0x4ACC, 0x52EC, 0x52EB, 0x4AAB, 0x4AAB, 0x4AAB, 0x4ACB, 0x52EC, 0x530C,
  0x52EC, 0x4ACB, 0x52EC, 0x52EC, 0x52CB, 0x52CC, 0x52CB, 0x4AAB, 0x4AAB, 0x4A8A, 0x4AAB, 0x4AAB,
  0x4ACB, 0x52CC, 0x52CC, 0x52CC, 0x4AAB, 0x4AAB, 0x4AAB, 0x4AAB, 0x52CC, 0x52EC, 0x52EC, 0x5B0C,
  0x5B0C, 0x5B0D, 0x5B2D, 0x634D, 0x634D, 0x5B2D, 0x5B0C, 0x5B0C, 0x52EC, 0x52EC, 0x52EC, 0x5B0D,
  0x5B0D, 0x5B0D, 0x5B2D, 0x5B2D, 0x5B4D, 0x5B4D, 0x634E, 0x636E, 0x636E, 0x6B8E, 0x6B8E, 0x73D0,
  0x7C31, 0x7C11, 0x7C10, 0x7C30, 0x7C30, 0x7C31, 0x7C30, 0x7C10, 0xACEF, 0xACEF, 0xACEF, 0xACCE,
  0xACAE, 0xACCE, 0xACCE, 0xACCE, 0xACCE, 0xACCE, 0xA4CF, 0xA4AE, 0xA48E, 0x9C8E, 0x9C6E, 0x944D,
  0x942D, 0x8C2D, 0x942D, 0x8C0D, 0x8BEC, 0x83EC, 0x7BCB, 0x7BAB, 0x7B8B, 0x7B8B, 0x7B8B, 0x736B,
  0x6B6B, 0x632A, 0x630A, 0x5AE9, 0x4A88, 0x4248, 0x4248, 0x4248, 0x4268, 0x4268, 0x4248, 0x3A27,
  0x3A07, 0x3A27, 0x4248, 0x4248, 0x4248, 0x3A27, 0x3A27, 0x3A48, 0x3A27, 0x3A07, 0x3A07, 0x3A27,
  0x4248, 0x3A48, 0x3A27, 0x3A48, 0x3A27, 0x3A27, 0x3A48, 0x3A48, 0x3A48, 0x4248, 0x4248, 0x4248,
  0x4248, 0x4269, 0x4A89, 0x52C9, 0x5AEA, 0x5AEA, 0x5B0A, 0x632B, 0x6B6C, 0x738C, 0x73AC, 0x7BAC,
  0x7BCD, 0x7BCD, 0x7BED, 0x7BCD, 0x7BCD, 0x73CD, 0x738C, 0x6B6C, 0x634B, 0x5B0A, 0x52CA, 0x52AA,
  0x4ACA, 0x4ACA, 0x4AC9, 0x4A89, 0x4269, 0x4269, 0x4269, 0x4269, 0x4269, 0x4249, 0x4269, 0x4269,
  0x4249, 0x4249, 0x4269, 0x4A89, 0x4269, 0x4269, 0x4269, 0x4A89, 0x4289, 0x4289, 0x4269, 0x4AA9,
  0x52CA, 0x52CA, 0x4ACA, 0x52EB, 0x5B0B, 0x5B2B, 0x5B2B, 0x634C, 0x636C, 0x634C, 0x632C, 0x5B2C,
  0x5B0B, 0x5B0B, 0x5B0B, 0x52EB, 0x4ACA, 0x4AAA, 0x4AAA, 0x4AAA, 0x4AAA, 0x4ACA, 0x4AA9, 0x4AAA,
  0x4A8A, 0x428A, 0x428A, 0x4269, 0x4269, 0x4269, 0x4269, 0x4269, 0x4249, 0x3A49, 0x4269, 0x428A,
  0x428A, 0x428A, 0x4269, 0x4269, 0x3A49, 0x3A49, 0x3A49, 0x3A49, 0x3A69, 0x428A, 0x3A49, 0x3A49,
  0x3A49, 0x3A49, 0x3A49, 0x4269, 0x428A, 0x426A, 0x3A49, 0x4269, 0x428A, 0x428A, 0x4289, 0x428A,
  0x42AA, 0x4ACB, 0x4ACB, 0x52EB, 0x52EB, 0x530C, 0x530C, 0x5B0C, 0x530C, 0x52EC, 0x52EB, 0x52EB,
  0x530C, 0x530C, 0x530C, 0x530C, 0x52EC, 0x4ACB, 0x4AAA, 0x4AAB, 0x4AEC, 0x4ACB, 0x428A, 0x426A,
  0x3A69, 0x3A49, 0x3A49, 0x3229, 0x3229, 0x3A29, 0x3A29, 0x3A4A, 0x428A, 0x428A, 0x428B, 0x428B,
  0x4AAB, 0x4AAB, 0x4ACB, 0x4ACB, 0x4ACB, 0x4ACB, 0x4ACB, 0x4ACB, 0x4ACB, 0x4AAB, 0x428A, 0x4AAB,
  0x4AEB, 0x4AEB, 0x52EC, 0x52EC, 0x4ACB, 0x42AB, 0x42AB, 0x4ACB, 0x4AEC, 0x530C, 0x52EC, 0x4ACB,
  0x4ACB, 0x52EC, 0x530C, 0x5B2C, 0x5B4D, 0x5B4D, 0x5B2C, 0x5B2D, 0x5B0D, 0x5B0C, 0x5B2D, 0x5B2D,
  0x5B0C, 0x532D, 0x530C, 0x530C, 0x52EC, 0x52EC, 0x4ACB, 0x4ACB, 0x4ACB, 0x4ACB, 0x4ACB, 0x4ACB,
  0x52EC, 0x52EC, 0x52EC, 0x52CB, 0x4ACB, 0x52EC, 0x5B0C, 0x530C, 0x52CB, 0x4ACB, 0x52CB, 0x52CB,
  0x52EC, 0x52CC, 0x4ACB, 0x4AAB, 0x4AAB, 0x4AAB, 0x4AAB, 0x4AAB, 0x4ACB, 0x52CC, 0x52CC, 0x4AAB,
  0x4ACB, 0x4AAB, 0x4ACB, 0x52CC, 0x52CC, 0x52CC, 0x52CC, 0x52EC, 0x52EC, 0x5B0C, 0x5B2D, 0x632D,
  0x5B2D, 0x5B0D, 0x5B0D, 0x5B0D, 0x52EC, 0x52EC, 0x530C, 0x5B0D, 0x5B2D, 0x5B2D, 0x5B2D, 0x5B0D,
  0x5B2D, 0x5B4D, 0x634D, 0x634E, 0x634D, 0x636E, 0x636E, 0x6B8F, 0x73D0, 0x73F0, 0x7C10, 0x7C10,
  0x7C10, 0x7C30, 0x7C30, 0x7C10, 0xACEF, 0xACEF, 0xACEF, 0xACCF, 0xACCE, 0xACCF, 0xACCF, 0xACCE,
  0xACCE, 0xACCF, 0xACCF, 0xA4AF, 0xA48E, 0x9C8E, 0x9C6E, 0x944D, 0x942D, 0x942D, 0x942D, 0x8C0D,
  0x8BEC, 0x83EC, 0x83EC, 0x83CC, 0x83CC, 0x83CC, 0x7BAC, 0x7BAC, 0x738B, 0x6B4B, 0x632A, 0x5AEA,
  0x52A9, 0x4A68, 0x4248, 0x4248, 0x4A68, 0x4268, 0x4248, 0x4248, 0x3A27, 0x4228, 0x4248, 0x4248,
  0x4228, 0x4248, 0x4A68, 0x4248, 0x4248, 0x3A48, 0x3A27, 0x3A48, 0x3A27, 0x3A28, 0x3A27, 0x3A27,
  0x3A27, 0x3A27, 0x3A48, 0x4248, 0x4248, 0x3A48, 0x3A27, 0x3A48, 0x4268, 0x4269, 0x4A69, 0x4AA9,
  0x52E9, 0x5AEA, 0x5B0A, 0x632B, 0x6B6B, 0x6B6C, 0x738C, 0x738C, 0x738C, 0x7BCD, 0x7BCD, 0x7BCD,
  0x7BCC, 0x7BCD, 0x738C, 0x738C, 0x6B6B, 0x5B2B, 0x5AEA, 0x52AA, 0x52AA, 0x52CA, 0x4AA9, 0x4AA9,
  0x4289, 0x4269, 0x4269, 0x4248, 0x4248, 0x4248, 0x4248, 0x4269, 0x4269, 0x4249, 0x4269, 0x4AAA,
  0x4AAA, 0x4AAA, 0x4AAA, 0x4AAA, 0x4AA9, 0x4A89, 0x4AAA, 0x4AAA, 0x52CA, 0x52EB, 0x52CA, 0x52EA,
  0x52EB, 0x5B0B, 0x5B2B, 0x5B2B, 0x634C, 0x634C, 0x632C, 0x5B0B, 0x5B2B, 0x5B0B, 0x530B, 0x52EB,
  0x4AAA, 0x4A89, 0x4AAA, 0x52CA, 0x4ACA, 0x4ACA, 0x4A89, 0x4A89, 0x4A8A, 0x428A, 0x4269, 0x3A49,
  0x3A49, 0x4269, 0x4269, 0x4269, 0x3A49, 0x3A49, 0x3A49, 0x4269, 0x4289, 0x4289, 0x3A69, 0x3A69,
  0x3A69, 0x3A49, 0x3A49, 0x3A49, 0x3A69, 0x428A, 0x4269, 0x3A69, 0x3A49, 0x3A69, 0x428A, 0x428A,
  0x428A, 0x428A, 0x3A69, 0x428A, 0x42AA, 0x4289, 0x4289, 0x428A, 0x4AAA, 0x4AEB, 0x4ACB, 0x52CB,
  0x52CB, 0x530C, 0x5B0C, 0x5B0C, 0x5B0C, 0x5B2C, 0x5B2C, 0x5B2C, 0x5B4D, 0x5B4D, 0x5B4D, 0x5B4D,
  0x530C, 0x530C, 0x530C, 0x52EB, 0x532C, 0x52EB, 0x4ACB, 0x4AAA, 0x428A, 0x3A4A, 0x3A49, 0x3A49,
  0x3A29, 0x3A29, 0x3A29, 0x3A4A, 0x428A, 0x428A, 0x426A, 0x42AB, 0x4ACB, 0x4AAB, 0x4AAB, 0x4ACB,
  0x4ACB, 0x4ACB, 0x530C, 0x52EC, 0x4ACB, 0x4ACB, 0x4ACB, 0x4ACB, 0x52EC, 0x530C, 0x530C, 0x52EC,
  0x4ACB, 0x4AAB, 0x4ACB, 0x4ACB, 0x52EC, 0x530C, 0x52EC, 0x52EC, 0x52CC, 0x52EC, 0x530C, 0x5B4D,
  0x636D, 0x634D, 0x634D, 0x634D, 0x5B4D, 0x5B2D, 0x634D, 0x5B4D, 0x5B2D, 0x5B2D, 0x5B4D, 0x5B2D,
  0x5B2D, 0x5B0C, 0x52EC, 0x52EC, 0x52EC, 0x52EC, 0x52EC, 0x52EC, 0x52EC, 0x5B0D, 0x5B0C, 0x52EC,
  0x530C, 0x5B0C, 0x5B0C, 0x52EC, 0x52CB, 0x4ACB, 0x52CC, 0x52CB, 0x52EC, 0x52EC, 0x52EC, 0x4ACB,
  0x4ACB, 0x4ACB, 0x52EC, 0x52EC, 0x52CC, 0x52CC, 0x4ACB, 0x4AAB, 0x4ACB, 0x52CC, 0x52CC, 0x52CC,
  0x52CC, 0x4AAB, 0x4AAB, 0x52CB, 0x52EC, 0x5B0D, 0x632D, 0x5B2D, 0x5B0D, 0x5B2D, 0x5B0D, 0x5B0D,
  0x52EC, 0x52EC, 0x52EC, 0x530C, 0x52EC, 0x5B0D, 0x5B0D, 0x5B0C, 0x5B0D, 0x5B2D, 0x5B2D, 0x634D,
  0x634D, 0x634D, 0x634E, 0x634E, 0x636E, 0x636E, 0x73CF, 0x7C30, 0x73F0, 0x73CF, 0x7C10, 0x7C30,
  0xACEF, 0xACEF, 0xACEF, 0xACEF, 0xACEF, 0xACEF, 0xACCF, 0xACCF, 0xACCF, 0xACCF, 0xACCF, 0xA4AF,
  0xA4AF, 0xA4AE, 0x9C8E, 0x9C8E, 0x944D, 0x944D, 0x942D, 0x8C0D, 0x8C0C, 0x8C0C, 0x8BEC, 0x8BEC,
  0x8BEC, 0x8BEC, 0x83CC, 0x7BAB, 0x738B, 0x6B6B, 0x632A, 0x5AE9, 0x52C9, 0x4A89, 0x4A68, 0x4A68,
  0x4A89, 0x4A89, 0x4268, 0x4248, 0x4248, 0x4248, 0x4248, 0x4248, 0x4248, 0x4A89, 0x4A89, 0x4A68,
  0x4268, 0x4A88, 0x4268, 0x4248, 0x4248, 0x3A48, 0x3A27, 0x3A48, 0x3A27, 0x4248, 0x4268, 0x4248,
  0x4248, 0x3A48, 0x3A27, 0x3A47, 0x4248, 0x4269, 0x4269, 0x4AA9, 0x52C9, 0x52EA, 0x5B0A, 0x5B0A,
  0x632B, 0x6B4B, 0x6B6C, 0x738C, 0x738C, 0x73AC, 0x7BCD, 0x7BCD, 0x73CC, 0x7BCD, 0x7BAD, 0x73AC,
  0x738C, 0x634B, 0x632B, 0x5AEB, 0x52AA, 0x4AA9, 0x4AA9, 0x4A89, 0x4A89, 0x4289, 0x4269, 0x4248,
  0x4268, 0x4248, 0x4248, 0x4269, 0x4A89, 0x4289, 0x4AA9, 0x52CA, 0x52CA, 0x4ACA, 0x52EA, 0x52EA,
  0x4AAA, 0x4AAA, 0x52CA, 0x52CA, 0x52CA, 0x5B0B, 0x5AEB, 0x5B0B, 0x5B0B, 0x5B0B, 0x5B0B, 0x5B0B,
  0x5B2B, 0x5B2B, 0x5B2C, 0x5B0B, 0x5B2B, 0x52EB, 0x52EB, 0x530B, 0x52CA, 0x4AAA, 0x52CA, 0x52CA,
  0x52CA, 0x52CA, 0x4AA9, 0x4289, 0x4269, 0x4269, 0x4249, 0x4249, 0x3A49, 0x3A49, 0x4249, 0x3A69,
  0x3A49, 0x3A49, 0x3A49, 0x3A49, 0x3A69, 0x3A69, 0x3A49, 0x3A69, 0x3A69, 0x3A49, 0x3A49, 0x3A69,
  0x3A69, 0x3A69, 0x3A69, 0x4269, 0x4269, 0x428A, 0x4289, 0x4269, 0x4269, 0x3A69, 0x3A49, 0x4289,
  0x4289, 0x4289, 0x3A69, 0x3A69, 0x4ACA, 0x4ACB, 0x4AAA, 0x4ACB, 0x52CB, 0x52EB, 0x5B0C, 0x5B2C,
  0x5B2C, 0x5B2C, 0x5B4D, 0x5B4D, 0x5B4D, 0x634D, 0x636D, 0x634D, 0x5B2C, 0x5B2C, 0x5B2C, 0x5B2C,
  0x5B2C, 0x52EB, 0x4ACB, 0x4ACB, 0x4ACB, 0x426A, 0x428A, 0x426A, 0x3A4A, 0x3A4A, 0x3A4A, 0x428B,
  0x42AB, 0x428B, 0x428A, 0x42AB, 0x4ACB, 0x4ACB, 0x42AB, 0x4AAB, 0x4ACB, 0x52EC, 0x530C, 0x530C,
  0x52EC, 0x52EC, 0x4AEB, 0x52EB, 0x530C, 0x530C, 0x530C, 0x52EC, 0x52CB, 0x4ACB, 0x52EC, 0x52EC,
  0x52EC, 0x530C, 0x5B0C, 0x530C, 0x52EC, 0x52EC, 0x5B0C, 0x5B4D, 0x634D, 0x636E, 0x636E, 0x636E,
  0x636E, 0x634E, 0x634E, 0x634E, 0x636E, 0x636E, 0x636E, 0x634D, 0x634D, 0x5B2D, 0x5B2D, 0x5B0C,
  0x5B0C, 0x5B2D, 0x5B2C, 0x5B2D, 0x5B2D, 0x5B2D, 0x5B2D, 0x5B2D, 0x5B0D, 0x5B2D, 0x5B0D, 0x5AEC,
  0x52CC, 0x52CC, 0x5B0C, 0x5B0C, 0x5B2D, 0x5B2D, 0x5B0C, 0x52EC, 0x52EC, 0x52EC, 0x530C, 0x530C,
  0x52EC, 0x52EC, 0x52EC, 0x52EC, 0x52EC, 0x52EC, 0x52EC, 0x52CC, 0x52EC, 0x52CC, 0x4ACC, 0x52CC,
  0x5AEC, 0x5B2D, 0x632D, 0x5B2D, 0x5B2D, 0x5B0D, 0x52EC, 0x530C, 0x52EC, 0x52EC, 0x52EC, 0x52EC,
  0x52EC, 0x52EC, 0x52EC, 0x5B0C, 0x5B2D, 0x5B2D, 0x5B2D, 0x5B2D, 0x5B2D, 0x634D, 0x632D, 0x634D,
  0x634E, 0x634E, 0x6B8E, 0x73CF, 0x73CF, 0x634D, 0x73CF, 0x7C30, 0xACEF, 0xACEF, 0xACEF, 0xACEF,
  0xACCF, 0xACCF, 0xACCF, 0xACCF, 0xACCF, 0xACCF, 0xACCF, 0xACCF, 0xA4CF, 0xA4AF, 0xA4AE, 0xA4AE,
  0x9C8E, 0x9C6E, 0x944D, 0x942D, 0x942D, 0x8C2C, 0x8C0C, 0x8C0D, 0x8C0C, 0x8C0C, 0x83CC, 0x7BCC,
  0x7BAC, 0x736B, 0x6B4B, 0x630A, 0x5B0A, 0x52C9, 0x4AA9, 0x4AA9, 0x4AA9, 0x4A89, 0x4268, 0x4268,
  0x4268, 0x4A68, 0x4A68, 0x4268, 0x4A68, 0x4A89, 0x4A89, 0x4A89, 0x4268, 0x4A88, 0x4A88, 0x4268,
  0x4247, 0x4248, 0x4248, 0x4248, 0x4248, 0x4268, 0x4268, 0x4248, 0x4248, 0x4248, 0x3A28, 0x3A48,
  0x4248, 0x4269, 0x4269, 0x4A89, 0x52A9, 0x52CA, 0x5AEA, 0x5B0A, 0x632B, 0x6B4B, 0x736C, 0x738C,
  0x738C, 0x73AC, 0x7BCD, 0x73AC, 0x73AC, 0x73AC, 0x7BCD, 0x7BAD, 0x73AC, 0x6B6B, 0x632B, 0x5AEA,
  0x52AA, 0x52AA, 0x4AA9, 0x4AA9, 0x4A89, 0x4A89, 0x4269, 0x4248, 0x4269, 0x4248, 0x4248, 0x4A89,
  0x4AAA, 0x4AAA, 0x4AAA, 0x52CA, 0x52CA, 0x52CA, 0x52EA, 0x52EA, 0x52CA, 0x52EA, 0x530B, 0x52EB,
  0x5B0B, 0x5B2B, 0x634C, 0x636C, 0x636C, 0x634C, 0x5B2B, 0x5B0B, 0x5B2B, 0x5B2B, 0x5B2C, 0x632C,
  0x5B2C, 0x5B0B, 0x530B, 0x52EB, 0x52CA, 0x4ACA, 0x4AAA, 0x4AAA, 0x4AAA, 0x4ACA, 0x4A89, 0x4269,
  0x4269, 0x4269, 0x4249, 0x4269, 0x3A49, 0x3A49, 0x3A49, 0x3A49, 0x3A49, 0x3A49, 0x3A49, 0x3A28,
  0x3A28, 0x3A49, 0x3A49, 0x3A49, 0x3A49, 0x3A49, 0x3A69, 0x3A69, 0x4269, 0x4269, 0x3A69, 0x4269,
  0x428A, 0x428A, 0x4269, 0x4269, 0x3A49, 0x3A69, 0x3A49, 0x3A69, 0x4289, 0x4289, 0x4289, 0x428A,
  0x4AAB, 0x4AAA, 0x42AA, 0x4AAA, 0x52CB, 0x52EB, 0x5B0C, 0x5B2C, 0x5B2C, 0x5B2C, 0x5B4C, 0x634D,
  0x636D, 0x6B8D, 0x6B8E, 0x636D, 0x636D, 0x5B4C, 0x5B2C, 0x5B4C, 0x5B4D, 0x5B2C, 0x530C, 0x52EC,
  0x530C, 0x4ACB, 0x4AAB, 0x4AAB, 0x428A, 0x428A, 0x428A, 0x4AAB, 0x4ACB, 0x4ACB, 0x4AAB, 0x4AAB,
  0x4AEB, 0x4ACB, 0x4ACB, 0x4AAB, 0x4AAB, 0x4AEB, 0x530C, 0x530C, 0x52EC, 0x4AEB, 0x4ACB, 0x52EC,
  0x530C, 0x530C, 0x52EC, 0x52EC, 0x4ACB, 0x4ACB, 0x52EB, 0x52EC, 0x52EC, 0x52EC, 0x530C, 0x5B0C,
  0x5B0D, 0x5B0D, 0x5B2D, 0x5B4D, 0x634D, 0x636E, 0x636E, 0x6B8E, 0x6B8E, 0x6B8E, 0x6B8E, 0x636E,
  0x636E, 0x6B8E, 0x6B8E, 0x636E, 0x634E, 0x634D, 0x634D, 0x636D, 0x634D, 0x634D, 0x634D, 0x634D,
  0x634E, 0x636E, 0x634D, 0x634D, 0x634D, 0x634D, 0x634D, 0x5B2D, 0x5B0C, 0x5B0D, 0x5B2D, 0x5B2D,
  0x5B4D, 0x5B4D, 0x5B2D, 0x530C, 0x52EC, 0x52EC, 0x5B0C, 0x5B2D, 0x5B0D, 0x5B0D, 0x5B0D, 0x5B0D,
  0x5B0C, 0x52EC, 0x5B0C, 0x530C, 0x52EC, 0x52EC, 0x52EC, 0x52EC, 0x5B0D, 0x5B2D, 0x5B2D, 0x5B0D,
  0x5B0D, 0x52EC, 0x52EC, 0x52EC, 0x52CC, 0x52CC, 0x52CC, 0x52CC, 0x52EC, 0x52EC, 0x530C, 0x5B0C,
  0x5B0C, 0x5B0C, 0x5B0C, 0x5B0D, 0x5B2D, 0x5B2D, 0x634D, 0x634D, 0x634D, 0x634D, 0x634D, 0x634D,
  0x634D, 0x634D, 0x636E, 0x7C10, 0xB50F, 0xACEF, 0xB4EF, 0xACEF, 0xACEF, 0xACCF, 0xACEF, 0xACEF,
  0xACEF, 0xACEF, 0xACF0, 0xACEF, 0xA4CF, 0xA4CF, 0xA4AF, 0xA4AE, 0xA4AE, 0x9C8E, 0x9C8E, 0x9C6E,
  0x944D, 0x942D, 0x8C0C, 0x8C0C, 0x8C0C, 0x8C0C, 0x8C0D, 0x840C, 0x83EC, 0x7BCC, 0x73AB, 0x6B4B,
  0x632A, 0x5AE9, 0x52C9, 0x4AA9, 0x4AA9, 0x4AA9, 0x4A68, 0x4A89, 0x4A89, 0x4A89, 0x4AA8, 0x4A88,
  0x4A88, 0x4AA9, 0x4A89, 0x4A88, 0x4A88, 0x4A89, 0x4A89, 0x4A88, 0x4268, 0x4268, 0x4268, 0x4248,
  0x4A68, 0x4A89, 0x4A68, 0x4268, 0x4268, 0x4248, 0x4248, 0x4268, 0x4248, 0x4268, 0x4A89, 0x4AA9,
  0x52CA, 0x5AEA, 0x5AEA, 0x630A, 0x634B, 0x6B4B, 0x736B, 0x736C, 0x736C, 0x738C, 0x738C, 0x738C,
  0x6B8C, 0x73AC, 0x73AD, 0x7BAD, 0x738C, 0x6B6C, 0x632B, 0x5AEA, 0x52CA, 0x52AA, 0x4ACA, 0x4ACA,
  0x4ACA, 0x4ACA, 0x4A8A, 0x4269, 0x4269, 0x4269, 0x4269, 0x4A89, 0x4ACA, 0x4ACA, 0x4AAA, 0x52CA,
  0x52EB, 0x5B0B, 0x5B0B, 0x52EA, 0x52EA, 0x5B0B, 0x5B2B, 0x5B2B, 0x632C, 0x6B4C, 0x6B8C, 0x73AC,
  0x738C, 0x6B6C, 0x634B, 0x634C, 0x634C, 0x634C, 0x636C, 0x634C, 0x5B2B, 0x5B2C, 0x530B, 0x52EB,
  0x52EB, 0x52EB, 0x52EA, 0x52CA, 0x4ACA, 0x4AA9, 0x4A89, 0x4289, 0x4A8A, 0x4269, 0x4249, 0x4269,
  0x4249, 0x4249, 0x4269, 0x3A69, 0x3A49, 0x3A49, 0x3A49, 0x3A49, 0x3A49, 0x3A28, 0x3A29, 0x3A49,
  0x3A49, 0x3A49, 0x4269, 0x4269, 0x426A, 0x426A, 0x3A49, 0x4269, 0x4A8A, 0x428A, 0x428A, 0x4249,
  0x4249, 0x3A69, 0x3A49, 0x3A49, 0x4269, 0x428A, 0x428A, 0x428A, 0x42AA, 0x42AA, 0x428A, 0x4AAA,
  0x52CB, 0x5B0C, 0x5B2C, 0x5B4C, 0x634C, 0x5B2C, 0x5B4C, 0x634D, 0x636D, 0x6B8E, 0x6B8E, 0x6B8E,
  0x6B8E, 0x638D, 0x636D, 0x636D, 0x636D, 0x5B4C, 0x5B2C, 0x5B0C, 0x5B0C, 0x5B0C, 0x52EC, 0x4AAB,
  0x4AAB, 0x4AAB, 0x4ACB, 0x4AAA, 0x4AAB, 0x4AAB, 0x4ACB, 0x4ACB, 0x52EC, 0x530C, 0x52EC, 0x4AAB,
  0x4AAB, 0x4ACB, 0x4ACB, 0x52EB, 0x52EB, 0x4ACB, 0x4ACB, 0x4ACB, 0x52EC, 0x530C, 0x52EC, 0x52EC,
  0x4AEB, 0x4AEB, 0x4ACB, 0x4ACB, 0x4ACB, 0x52EC, 0x5B0C, 0x5B0D, 0x632D, 0x634E, 0x636E, 0x634E,
  0x634E, 0x636E, 0x6B8E, 0x6BAE, 0x6BAE, 0x6BAE, 0x6BAE, 0x6B8E, 0x6B8E, 0x6B8E, 0x6B8E, 0x6B8E,
  0x6B8E, 0x636E, 0x6B8E, 0x6B8E, 0x6B8E, 0x636E, 0x636E, 0x6B8E, 0x6B8E, 0x6BAE, 0x6BAE, 0x6BAE,
  0x6B8E, 0x6B8E, 0x6B8E, 0x636E, 0x636D, 0x636E, 0x636E, 0x634D, 0x5B4D, 0x5B2D, 0x5B2D, 0x5B2D,
  0x5B0D, 0x5B0D, 0x5B2D, 0x5B4D, 0x5B2D, 0x5B2D, 0x5B2D, 0x5B2D, 0x5B0D, 0x5B0D, 0x5B2C, 0x5B0C,
  0x5B0C, 0x530C, 0x5B0C, 0x5B2C, 0x5B2D, 0x5B2D, 0x5B0D, 0x5B0C, 0x52EC, 0x52EC, 0x52EC, 0x52EC,
  0x52CC, 0x4ACB, 0x4ACB, 0x52CC, 0x52CC, 0x52CC, 0x52EC, 0x52EC, 0x530C, 0x5B0D, 0x5B0D, 0x5B0D,
  0x5B2D, 0x5B2D, 0x5B4D, 0x5B4D, 0x5B4D, 0x5B4D, 0x634D, 0x632D, 0x632D, 0x5B2D, 0x5B2D, 0x638E,
  0xB50F, 0xB510, 0xB50F, 0xACEF, 0xACEF, 0xB50F, 0xACEF, 0xACEF, 0xACEF, 0xACEF, 0xACF0, 0xACF0,
  0xACF0, 0xACEF, 0xA4CF, 0xA4AF, 0xA4CF, 0xA4CF, 0xA4AF, 0xA4AF, 0x9C6E, 0x944D, 0x942D, 0x8C2D,
  0x8C2D, 0x942D, 0x942D, 0x8C2D, 0x840D, 0x840D, 0x7BCC, 0x738B, 0x632B, 0x5AEA, 0x5AC9, 0x52C9,
  0x52C9, 0x52C9, 0x52A9, 0x52A9, 0x52C9, 0x52C9, 0x52C9, 0x52C9, 0x4AA9, 0x4AA9, 0x4A88, 0x4A88,
  0x4A89, 0x4AA9, 0x52A9, 0x4A89, 0x4A89, 0x4A89, 0x4268, 0x4268, 0x4268, 0x4A89, 0x4A89, 0x4A89,
  0x4A89, 0x4A69, 0x4A89, 0x4A89, 0x4269, 0x4A89, 0x4AA9, 0x52A9, 0x52CA, 0x5ACA, 0x5AEA, 0x632B,
  0x6B4B, 0x6B6B, 0x6B6C, 0x6B4B, 0x6B4B, 0x6B6C, 0x736C, 0x6B6C, 0x738C, 0x73AC, 0x7BAD, 0x73AD,
  0x738C, 0x6B6C, 0x632B, 0x5B0A, 0x52EA, 0x52CA, 0x52CA, 0x52CA, 0x52CA, 0x52CA, 0x4AAA, 0x4AAA,
  0x4AAA, 0x4AAA, 0x4AAA, 0x4A89, 0x4AAA, 0x52CA, 0x52EA, 0x52EA, 0x5B2B, 0x634C, 0x632B, 0x5B0B,
  0x5B2B, 0x634C, 0x634C, 0x634C, 0x634C, 0x6B6C, 0x73AD, 0x73CD, 0x7BCD, 0x738D, 0x6B6C, 0x6B6C,
  0x636C, 0x6B6C, 0x636C, 0x634C, 0x5B0B, 0x5B0B, 0x5B0B, 0x5B2B, 0x5B0B, 0x52EB, 0x52CA, 0x4ACA,
  0x4AAA, 0x4AAA, 0x4AAA, 0x4289, 0x4289, 0x4289, 0x4269, 0x4269, 0x4269, 0x3A49, 0x4269, 0x3A49,
  0x3A49, 0x3A49, 0x3A49, 0x3A49, 0x3A49, 0x3A29, 0x3228, 0x3A49, 0x3A49, 0x3A49, 0x4269, 0x4269,
  0x428A, 0x4269, 0x4249, 0x4269, 0x426A, 0x428A, 0x428A, 0x4249, 0x428A, 0x4289, 0x3A49, 0x3A69,
  0x428A, 0x428A, 0x4269, 0x4269, 0x428A, 0x42AA, 0x42AA, 0x4ACB, 0x52EB, 0x5B0C, 0x5B2C, 0x5B2C,
  0x5B2C, 0x5B2C, 0x634D, 0x634D, 0x636D, 0x638D, 0x636E, 0x638E, 0x6B8E, 0x6BCE, 0x6BAE, 0x638D,
  0x636D, 0x5B4D, 0x634D, 0x634D, 0x634D, 0x634D, 0x5B4D, 0x530C, 0x4ACB, 0x4AAB, 0x4ACB, 0x52EB,
  0x4ACB, 0x52CB, 0x52EC, 0x530C, 0x530C, 0x530C, 0x52EB, 0x4AAB, 0x42AB, 0x4AAA, 0x4A8A, 0x4AAB,
  0x52CB, 0x4ACB, 0x4ACB, 0x4ACB, 0x52EC, 0x52EC, 0x52EC, 0x52EC, 0x52EB, 0x530C, 0x52EB, 0x4AAB,
  0x4ACB, 0x5B0C, 0x5B0D, 0x632D, 0x634D, 0x634E, 0x636E, 0x636E, 0x6B8E, 0x6B8E, 0x6B8E, 0x6BAE,
  0x6BAE, 0x6BAE, 0x6BAF, 0x6BAE, 0x6BAF, 0x6BAF, 0x6BAF, 0x6BAF, 0x6B8E, 0x6BAE, 0x6BAE, 0x6BAF,
  0x6BAF, 0x6B8E, 0x6BAF, 0x73CF, 0x73CF, 0x73CF, 0x73EF, 0x73EF, 0x73AF, 0x6BAE, 0x6BAE, 0x6BAE,
  0x6B8E, 0x6B8E, 0x636E, 0x636E, 0x634D, 0x634D, 0x634D, 0x634E, 0x634D, 0x634D, 0x634D, 0x634D,
  0x634D, 0x634D, 0x634D, 0x634D, 0x632D, 0x634D, 0x634D, 0x5B2D, 0x5B2D, 0x5B2D, 0x5B0C, 0x5B0C,
  0x5B2D, 0x5B2D, 0x5AEC, 0x52EC, 0x52CC, 0x52CC, 0x52CC, 0x52EC, 0x52CC, 0x4AAB, 0x4AAB, 0x52CC,
  0x4ACB, 0x4ACB, 0x52CC, 0x52EC, 0x52EC, 0x52EC, 0x52EC, 0x530D, 0x5B0D, 0x5B2D, 0x5B2D, 0x5B2D,
  0x5B2D, 0x5B2D, 0x5B2D, 0x5B2D, 0x5B0D, 0x5B2D, 0x5B0D, 0x5B0C, 0xB510, 0xB510, 0xB510, 0xB510,
  0xB510, 0xB50F, 0xB50F, 0xB50F, 0xB50F, 0xACEF, 0xAD10, 0xAD10, 0xACF0, 0xACF0, 0xACF0, 0xACEF,
  0xA4EF, 0xA4EF, 0xA4CF, 0xA4CF, 0xA4AF, 0x9C6E, 0x9C6E, 0x944D, 0x942D, 0x944D, 0x944D, 0x942D,
  0x8C2D, 0x8C0D, 0x83EC, 0x7BAB, 0x736B, 0x632A, 0x630A, 0x630A, 0x5AEA, 0x5AEA, 0x5AEA, 0x5AC9,
  0x5AC9, 0x5AEA, 0x5AEA, 0x52E9, 0x52C9, 0x52C9, 0x4AA9, 0x4AA9, 0x4AA9, 0x4A89, 0x52A9, 0x52A9,
  0x4AA9, 0x4AA9, 0x4A88, 0x4A88, 0x4A88, 0x4A88, 0x52A9, 0x4AA9, 0x4AA9, 0x4A89, 0x4AA9, 0x4A89,
  0x4A89, 0x4AA9, 0x4AA9, 0x4AA9, 0x52EA, 0x5AEA, 0x5B0A, 0x632B, 0x632B, 0x6B4B, 0x6B6C, 0x6B4B,
  0x6B4B, 0x6B4B, 0x6B4B, 0x6B6B, 0x738C, 0x73AC, 0x73AC, 0x738C, 0x736C, 0x6B6B, 0x634B, 0x632B,
  0x632B, 0x5B0A, 0x52EA, 0x52EA, 0x5AEA, 0x52CA, 0x52CA, 0x52CA, 0x52CA, 0x52CA, 0x52CA, 0x52CA,
  0x52CA, 0x52EA, 0x5B0B, 0x5B0B, 0x632B, 0x634C, 0x6B4C, 0x6B6C, 0x6B8C, 0x73AD, 0x6B8C, 0x6B6C,
  0x6B6C, 0x73AC, 0x73AD, 0x73CD, 0x7BCD, 0x7BCD, 0x73AD, 0x6B8D, 0x6B8C, 0x6B6C, 0x634C, 0x5B2B,
  0x5B0B, 0x530B, 0x530B, 0x5B0B, 0x52EB, 0x52EB, 0x52CA, 0x4AA9, 0x4AAA, 0x4AAA, 0x4AAA, 0x4289,
  0x4AAA, 0x4A89, 0x4289, 0x4269, 0x3A49, 0x3A49, 0x428A, 0x3A69, 0x3A49, 0x3A69, 0x3A69, 0x3A49,
  0x3A49, 0x3A49, 0x3A49, 0x3A49, 0x3A49, 0x3A49, 0x4269, 0x4289, 0x4289, 0x4269, 0x4269, 0x4269,
  0x4269, 0x4269, 0x428A, 0x4269, 0x426A, 0x428A, 0x4269, 0x428A, 0x4A8A, 0x4A8A, 0x4AAA, 0x4AAA,
  0x4AAA, 0x4AAA, 0x4ACB, 0x52EB, 0x52EB, 0x530C, 0x5B0C, 0x5B0C, 0x52EC, 0x5B0C, 0x5B0C, 0x5B2C,
  0x636D, 0x636D, 0x6B8E, 0x6B8E, 0x6BAE, 0x73CF, 0x73CE, 0x6BAE, 0x6BAE, 0x6BAE, 0x638D, 0x636D,
  0x636D, 0x638D, 0x636D, 0x634D, 0x52EC, 0x4ACB, 0x52EB, 0x52EC, 0x52EB, 0x52EC, 0x530C, 0x5B0C,
  0x530C, 0x52EC, 0x52EB, 0x4ACB, 0x42AA, 0x4A8A, 0x4AAA, 0x4AAA, 0x4ACB, 0x4ACB, 0x4AAB, 0x4ACB,
  0x4ACB, 0x52EC, 0x4AAB, 0x52CB, 0x52EC, 0x530C, 0x52EC, 0x4ACB, 0x52EB, 0x5B0C, 0x5B2D, 0x634D,
  0x634D, 0x634E, 0x636E, 0x636E, 0x6B8E, 0x6B8E, 0x6B8E, 0x6BAE, 0x6B8E, 0x6BAF, 0x73CF, 0x6BAF,
  0x73CF, 0x73CF, 0x73CF, 0x73CF, 0x73CF, 0x73CF, 0x73CF, 0x73AF, 0x73CF, 0x73CF, 0x73CF, 0x7BEF,
  0x7BEF, 0x73EF, 0x7BEF, 0x73EF, 0x73CF, 0x6BAE, 0x73AF, 0x73AF, 0x6BAE, 0x6BAE, 0x6B8E, 0x6B8E,
  0x6B8E, 0x6B8E, 0x6B8E, 0x636E, 0x636E, 0x636E, 0x636E, 0x636E, 0x634D, 0x634E, 0x634E, 0x634E,
  0x634D, 0x634D, 0x634D, 0x634D, 0x634D, 0x634D, 0x5B2D, 0x5B2D, 0x632D, 0x5B2D, 0x5B0D, 0x52EC,
  0x52CC, 0x52CC, 0x52CC, 0x52CC, 0x4ACB, 0x4AAB, 0x4AAB, 0x4ACB, 0x4AAB, 0x4AAB, 0x52CC, 0x52CC,
  0x52CC, 0x52CC, 0x52EC, 0x52EC, 0x52EC, 0x5B0D, 0x5B2D, 0x5B2D, 0x5B2D, 0x5B2D, 0x5B2D, 0x5B2D,
  0x5B0C, 0x5B0D, 0x5B0C, 0x5B0C, 0xB530, 0xB510, 0xB510, 0xB510, 0xB510, 0xB50F, 0xB50F, 0xB510,
  0xB510, 0xB510, 0xAD10, 0xAD10, 0xB510, 0xB510, 0xACF0, 0xACF0, 0xAD10, 0xAD10, 0xACF0, 0xA4CF,
  0xA4AF, 0x9CAF, 0x9C8E, 0x9C6E, 0x944D, 0x944D, 0x9C4D, 0x9C6E, 0x9C6E, 0x942D, 0x840C, 0x7BCC,
  0x7B8B, 0x736B, 0x736B, 0x6B6B, 0x6B4A, 0x634B, 0x630A, 0x5AEA, 0x5AEA, 0x630A, 0x5B0A, 0x5AEA,
  0x5AEA, 0x5AEA, 0x52C9, 0x52CA, 0x52C9, 0x52A9, 0x52C9, 0x52C9, 0x52C9, 0x52C9, 0x52C9, 0x52C9,
  0x52E9, 0x52E9, 0x5AEA, 0x52C9, 0x52A9, 0x52A9, 0x52A9, 0x4AA9, 0x4AA9, 0x52A9, 0x4AA9, 0x4AA9,
  0x52C9, 0x5B0A, 0x632B, 0x632B, 0x632B, 0x6B4B, 0x6B6C, 0x634B, 0x634B, 0x634B, 0x634B, 0x6B4B,
  0x6B6B, 0x6B8C, 0x738C, 0x73AC, 0x738C, 0x738C, 0x6B6C, 0x6B4B, 0x634B, 0x632A, 0x5B0A, 0x5B0A,
  0x5B0B, 0x5AEB, 0x52CA, 0x52CA, 0x52CA, 0x52CA, 0x52AA, 0x52CA, 0x5B0B, 0x5B0B, 0x632B, 0x632B,
  0x634B, 0x6B8C, 0x738C, 0x73AC, 0x73AD, 0x7BCD, 0x7BCD, 0x73CD, 0x73AC, 0x7BCD, 0x7BED, 0x7BCD,
  0x7BCD, 0x7BCD, 0x7BCD, 0x73CD, 0x73AD, 0x6B8D, 0x634C, 0x5B0B, 0x530B, 0x52EB, 0x52EB, 0x52EB,
  0x52EB, 0x52CA, 0x52CA, 0x4AAA, 0x4AAA, 0x428A, 0x4269, 0x4A89, 0x4AAA, 0x4AA9, 0x428A, 0x426A,
  0x4269, 0x4269, 0x428A, 0x4269, 0x3A49, 0x4269, 0x4269, 0x4269, 0x4269, 0x3A49, 0x3A49, 0x3A49,
  0x3A49, 0x3A49, 0x4269, 0x428A, 0x4289, 0x4269, 0x4269, 0x3A49, 0x4249, 0x4269, 0x4269, 0x4269,
  0x428A, 0x428A, 0x428A, 0x428A, 0x4AAA, 0x4AAB, 0x4AAA, 0x4ACB, 0x4ACB, 0x4AAA, 0x4ACB, 0x52CB,
  0x52CB, 0x52CB, 0x52CB, 0x52EB, 0x52CB, 0x52CB, 0x52CB, 0x5B0C, 0x634D, 0x636D, 0x636D, 0x6B8E,
  0x6B8E, 0x73CE, 0x73CF, 0x73CE, 0x73CE, 0x73CE, 0x6BAE, 0x6B8E, 0x636D, 0x6B8D, 0x636D, 0x634D,
  0x5B4D, 0x5B2C, 0x5B2C, 0x5B2C, 0x5B0C, 0x52EC, 0x530C, 0x5B0C, 0x530C, 0x52EB, 0x52CB, 0x4ACB,
  0x4ACB, 0x4ACB, 0x4ACB, 0x4ACB, 0x4ACB, 0x4AAA, 0x4AAB, 0x4ACB, 0x52CB, 0x52CB, 0x4AAB, 0x52CB,
  0x52EB, 0x5B2C, 0x5B2D, 0x530C, 0x52EC, 0x5B0D, 0x5B2D, 0x632D, 0x634D, 0x636E, 0x636E, 0x636E,
  0x636E, 0x6B8E, 0x6BAE, 0x6BAE, 0x6BAE, 0x6BAF, 0x73CF, 0x73CF, 0x73CF, 0x73CF, 0x73CF, 0x73CF,
  0x73CF, 0x7BEF, 0x7BEF, 0x73EF, 0x7BEF, 0x7BEF, 0x7BEF, 0x7BEF, 0x7BEF, 0x7BEF, 0x7BEF, 0x73CF,
  0x73CF, 0x73AF, 0x73AF, 0x73AF, 0x73AF, 0x73AF, 0x73AF, 0x6BAF, 0x6BAF, 0x73AF, 0x6B8E, 0x6B8E,
  0x6B8E, 0x6B8E, 0x636E, 0x636E, 0x636E, 0x634E, 0x636E, 0x636E, 0x636E, 0x636E, 0x634E, 0x634E,
  0x634E, 0x634D, 0x634D, 0x634D, 0x632D, 0x5B2D, 0x5B2D, 0x5AEC, 0x52EC, 0x52CC, 0x52CC, 0x4AAB,
  0x4AAB, 0x4AAB, 0x4ACB, 0x4ACB, 0x4AAB, 0x4AAB, 0x4ACB, 0x52CC, 0x4AAB, 0x52CC, 0x52EC, 0x52EC,
  0x52EC, 0x52EC, 0x5B0D, 0x5B0D, 0x5B0D, 0x5B2D, 0x5B0D, 0x5B0D, 0x5B0D, 0x5B0D, 0x5B0C, 0x52EC,
  0xB530, 0xB530, 0xB530, 0xB530, 0xB510, 0xB510, 0xB510, 0xB510, 0xB510, 0xB510, 0xB530, 0xB530,
  0xB530, 0xB510, 0xAD10, 0xAD10, 0xAD10, 0xAD10, 0xAD10, 0xACF0, 0xA4D0, 0xA4AF, 0xA4AF, 0x9C8E,
  0x9C8E, 0x9C8E, 0x9C6E, 0x9C8E, 0x9C6E, 0x946E, 0x944E, 0x8C2D, 0x83ED, 0x7BCC, 0x7BAC, 0x7B8B,
  0x738B, 0x6B6B, 0x632B, 0x632A, 0x632A, 0x634B, 0x634B, 0x632A, 0x630A, 0x5B0A, 0x5AEA, 0x5AEA,
  0x52EA, 0x52EA, 0x52EA, 0x52EA, 0x5B0A, 0x632A, 0x5B2A, 0x5B0A, 0x632A, 0x632A, 0x630A, 0x5AE9,
  0x52C9, 0x52C9, 0x5AC9, 0x5AEA, 0x52CA, 0x4AA9, 0x4AA9, 0x52C9, 0x52C9, 0x5B0A, 0x634B, 0x634B,
  0x632B, 0x6B4B, 0x634B, 0x632B, 0x632B, 0x632B, 0x632B, 0x634B, 0x6B4B, 0x6B8C, 0x738C, 0x73AD,
  0x7BAD, 0x73AD, 0x6B8C, 0x6B6B, 0x634B, 0x632A, 0x5B0A, 0x5B0A, 0x630B, 0x5B0B, 0x5AEA, 0x5AEA,
  0x52EA, 0x52EA, 0x52CA, 0x5AEA, 0x5B2B, 0x632B, 0x634B, 0x634B, 0x6B6C, 0x738C, 0x7BCD, 0x7BCD,
  0x7BCD, 0x7BCD, 0x7BED, 0x7BED, 0x7BED, 0x7C0D, 0x7BED, 0x7BED, 0x7BED, 0x7BCD, 0x7BCD, 0x73AD,
  0x738D, 0x6B6C, 0x634C, 0x5B2B, 0x5B2B, 0x5B0B, 0x52EB, 0x52EB, 0x52EB, 0x52CA, 0x52CA, 0x4ACA,
  0x4A89, 0x428A, 0x4289, 0x4289, 0x4AAA, 0x4ACA, 0x4AAA, 0x4289, 0x4269, 0x4269, 0x4289, 0x4289,
  0x428A, 0x428A, 0x4269, 0x4269, 0x4269, 0x3A49, 0x4269, 0x428A, 0x4269, 0x3A69, 0x4289, 0x4AAA,
  0x4AAA, 0x4269, 0x4269, 0x3A49, 0x3A49, 0x4249, 0x4269, 0x4269, 0x4269, 0x428A, 0x428A, 0x4AAA,
  0x4AAB, 0x4AAB, 0x52CB, 0x52EB, 0x52EB, 0x4ACA, 0x4ACA, 0x52CB, 0x52CB, 0x52CB, 0x4AAA, 0x4A8A,
  0x4AAB, 0x52CB, 0x52CB, 0x5B0C, 0x634D, 0x634D, 0x634D, 0x6B6D, 0x6B8E, 0x6BAE, 0x73CE, 0x73CE,
  0x73CE, 0x73EF, 0x73CF, 0x6BAE, 0x6B8E, 0x6B6D, 0x636D, 0x636D, 0x636D, 0x634D, 0x634D, 0x5B2C,
  0x5B2C, 0x5B0C, 0x5B0C, 0x5B4C, 0x5B2C, 0x52EB, 0x52CB, 0x4ACB, 0x52CB, 0x4ACB, 0x4ACB, 0x52EB,
  0x52EB, 0x4AAB, 0x4ACB, 0x4ACB, 0x4ACB, 0x4ACB, 0x4ACB, 0x52EC, 0x530C, 0x5B0C, 0x5B2C, 0x5B2C,
  0x5B0C, 0x5B2D, 0x5B0D, 0x632D, 0x634E, 0x634E, 0x634D, 0x634D, 0x636E, 0x6B8E, 0x6BAE, 0x6BAE,
  0x6BAF, 0x73AF, 0x6BAF, 0x73CF, 0x73CF, 0x73CF, 0x73CF, 0x73CF, 0x73CF, 0x7BEF, 0x7BEF, 0x7BEF,
  0x7BEF, 0x7C0F, 0x7C10, 0x7BEF, 0x7BEF, 0x7BEF, 0x7BEF, 0x7BEF, 0x73CF, 0x73CF, 0x73CF, 0x73CF,
  0x73CF, 0x73CF, 0x73CF, 0x73AF, 0x73CF, 0x73CF, 0x73AF, 0x73AF, 0x6B8E, 0x6B8E, 0x6B8E, 0x6B6E,
  0x6B8E, 0x6B6E, 0x636E, 0x636E, 0x636E, 0x636E, 0x636E, 0x634E, 0x636E, 0x636E, 0x634E, 0x634E,
  0x634D, 0x5B2D, 0x5B0D, 0x52EC, 0x52EC, 0x52CC, 0x4AAB, 0x4AAB, 0x4ACB, 0x4AAB, 0x4ACB, 0x4ACB,
  0x4AAB, 0x4AAB, 0x4ACC, 0x4ACB, 0x4AAB, 0x4AAB, 0x52CC, 0x52CC, 0x52CC, 0x52CC, 0x52EC, 0x530D,
  0x52EC, 0x530D, 0x5B0C, 0x5B0C, 0x5B0D, 0x5B0C, 0x5B0C, 0x52EC, 0xBD50, 0xB530, 0xB530, 0xB530,
  0xB530, 0xB510, 0xB510, 0xB530, 0xB530, 0xB530, 0xB531, 0xB531, 0xB530, 0xB531, 0xB530, 0xAD10,
  0xAD10, 0xAD10, 0xAD10, 0xACF0, 0xACF0, 0xA4F0, 0xA4CF, 0xA4CF, 0xA4AF, 0x9CAF, 0xA4AF, 0xA4AF,
  0xA48F, 0x9C8F, 0x9C8E, 0x9C6E, 0x944D, 0x8C2D, 0x8BEC, 0x83CC, 0x83CC, 0x7B8C, 0x736B, 0x6B6B,
  0x6B6B, 0x736B, 0x738C, 0x736B, 0x6B4B, 0x632A, 0x632A, 0x632A, 0x632A, 0x632B, 0x632B, 0x632A,
  0x6B4A, 0x634A, 0x632A, 0x632A, 0x630A, 0x632B, 0x6B4B, 0x632A, 0x630A, 0x5B0A, 0x5AEA, 0x5AEA,
  0x5ACA, 0x52A9, 0x52A9, 0x52CA, 0x52CA, 0x5AEA, 0x632B, 0x632B, 0x632A, 0x632A, 0x634B, 0x632B,
  0x5B0B, 0x630B, 0x632B, 0x632B, 0x6B4B, 0x6B6C, 0x738C, 0x738C, 0x73AC, 0x7BCD, 0x738C, 0x738C,
  0x6B4B, 0x632B, 0x630B, 0x630B, 0x5B0A, 0x5B0A, 0x5AEA, 0x5AEB, 0x5AEB, 0x5AEA, 0x5B0A, 0x632B,
  0x6B6C, 0x6B4B, 0x6B4B, 0x6B6C, 0x6B6C, 0x738C, 0x83CD, 0x83CD, 0x7BCD, 0x7BCD, 0x83EE, 0x83EE,
  0x7BED, 0x7BED, 0x7BED, 0x73AD, 0x73AD, 0x73AD, 0x738D, 0x6B6C, 0x6B6C, 0x634C, 0x634C, 0x634C,
  0x634C, 0x5B2B, 0x52EA, 0x52CA, 0x52EB, 0x52CB, 0x52CB, 0x52EB, 0x52CA, 0x4ACA, 0x4A89, 0x4A89,
  0x4AAA, 0x4AAA, 0x428A, 0x428A, 0x4269, 0x4289, 0x4A89, 0x4AAA, 0x4A89, 0x4269, 0x4269, 0x4249,
  0x4269, 0x4269, 0x4289, 0x4AAA, 0x4289, 0x4289, 0x4AAA, 0x4AA9, 0x4289, 0x4269, 0x4249, 0x4269,
  0x4249, 0x3A49, 0x4249, 0x4A8A, 0x4289, 0x428A, 0x428A, 0x4AAA, 0x4AAA, 0x4AAA, 0x52EB, 0x5B2C,
  0x5B2C, 0x52EB, 0x52CA, 0x4ACA, 0x52EA, 0x4ACA, 0x4AAA, 0x4AAA, 0x4AAB, 0x52CB, 0x52EB, 0x5B2C,
  0x634D, 0x5B2C, 0x634D, 0x636D, 0x6B8D, 0x6BAE, 0x73CE, 0x73CE, 0x73CF, 0x73EF, 0x73EF, 0x73CF,
  0x73CE, 0x6BAE, 0x6BAE, 0x6BAE, 0x6B8E, 0x6B6D, 0x634D, 0x5B2D, 0x5B0C, 0x5B0C, 0x5B2D, 0x634D,
  0x5B4D, 0x5B0C, 0x52EC, 0x52CB, 0x4AAB, 0x4ACB, 0x52EB, 0x530C, 0x52EB, 0x52EB, 0x52EB, 0x4ACB,
  0x4ACB, 0x52CB, 0x52EB, 0x52EB, 0x5B0C, 0x5B0C, 0x5B2C, 0x634D, 0x634D, 0x5B4D, 0x5B4D, 0x634D,
  0x634D, 0x634D, 0x634D, 0x636E, 0x6B8E, 0x6BAE, 0x6BAE, 0x6BAE, 0x6BAE, 0x6BAF, 0x73CF, 0x73AF,
  0x73CF, 0x73CF, 0x73CF, 0x73CF, 0x73CF, 0x7BEF, 0x7BEF, 0x7BEF, 0x7BEF, 0x7BEF, 0x7BEF, 0x7BF0,
  0x7C10, 0x7BF0, 0x7BCF, 0x7BCF, 0x7BCF, 0x73CF, 0x7BCF, 0x7BCF, 0x7BCF, 0x73CF, 0x73CF, 0x73AF,
  0x73AE, 0x73CF, 0x73CF, 0x73AF, 0x73AF, 0x6BAF, 0x6BAF, 0x73AF, 0x6B8E, 0x6B8E, 0x6B6E, 0x6B6E,
  0x6B6E, 0x636E, 0x636E, 0x636E, 0x636E, 0x636E, 0x634E, 0x634D, 0x634D, 0x5B2D, 0x5B0D, 0x5B0C,
  0x52EC, 0x52CC, 0x4ACB, 0x52CC, 0x52EC, 0x52EC, 0x52CC, 0x4ACB, 0x4A8B, 0x4AAB, 0x4AAB, 0x4AAB,
  0x4AAB, 0x4AAB, 0x4ACB, 0x4ACB, 0x4ACB, 0x4ACC, 0x52CC, 0x52EC, 0x52EC, 0x52EC, 0x530C, 0x530C,
  0x530D, 0x5B0D, 0x5AEC, 0x52EC, 0xBD51, 0xBD51, 0xBD50, 0xBD51, 0xB530, 0xB530, 0xB530, 0xB530,
  0xB530, 0xB550, 0xBD51, 0xBD51, 0xB531, 0xB551, 0xB531, 0xB530, 0xB530, 0xAD10, 0xAD10, 0xAD11,
  0xAD10, 0xAD10, 0xA4F0, 0xA4CF, 0xA4CF, 0xA4AF, 0xA4CF, 0xA4CF, 0xA4CF, 0xA4AF, 0xA4AF, 0xA4AF,
  0x9C8E, 0x944E, 0x942D, 0x8C2D, 0x8BED, 0x83EC, 0x7BCC, 0x7BAC, 0x7BAC, 0x7BAC, 0x73AC, 0x738C,
  0x736B, 0x6B6B, 0x6B6B, 0x6B6B, 0x736B, 0x6B6B, 0x736C, 0x738B, 0x6B6B, 0x6B4B, 0x6B6B, 0x6B4B,
  0x632A, 0x6B4B, 0x738C, 0x6B6B, 0x6B4B, 0x632B, 0x5B0A, 0x5AEA, 0x5AEA, 0x5AEA, 0x5AEA, 0x52CA,
  0x52C9, 0x5AEA, 0x5B0A, 0x632A, 0x630A, 0x632B, 0x634B, 0x632A, 0x5B0B, 0x632B, 0x634B, 0x632B,
  0x6B4B, 0x6B6B, 0x736C, 0x73AC, 0x7BAD, 0x7BAC, 0x738C, 0x738C, 0x6B4B, 0x6B4B, 0x632B, 0x632B,
  0x630B, 0x5B0B, 0x5AEA, 0x5B0A, 0x5B0B, 0x5B0B, 0x634B, 0x634B, 0x6B6C, 0x6B6C, 0x6B8C, 0x738C,
  0x738C, 0x7BAD, 0x83ED, 0x83CD, 0x7BCD, 0x7BCD, 0x7BCD, 0x7BCD, 0x7BAD, 0x7BCD, 0x73CD, 0x73AC,
  0x73AC, 0x738D, 0x6B6C, 0x6B6C, 0x634C, 0x632C, 0x5B2B, 0x5B2B, 0x5B4C, 0x5B2B, 0x52EA, 0x52CA,
  0x52EB, 0x52EB, 0x52EB, 0x52EB, 0x52EB, 0x52CA, 0x4A8A, 0x4AAA, 0x4AAA, 0x4AAA, 0x426A, 0x428A,
  0x4AAA, 0x4AAA, 0x4AAA, 0x4AAA, 0x4A89, 0x4AAA, 0x4AAA, 0x4A8A, 0x4269, 0x4289, 0x4AAA, 0x4289,
  0x4289, 0x4289, 0x4AA9, 0x4AA9, 0x4269, 0x4249, 0x4249, 0x4269, 0x4249, 0x3A29, 0x4249, 0x4289,
  0x4AAA, 0x428A, 0x4289, 0x428A, 0x4AAA, 0x52CB, 0x5B0C, 0x5B4C, 0x5B2C, 0x5B2C, 0x5B0B, 0x52EB,
  0x52EB, 0x52EB, 0x4ACB, 0x52EB, 0x52CB, 0x52EB, 0x52EB, 0x5B0C, 0x5B4C, 0x5B2C, 0x634D, 0x636D,
  0x6B8D, 0x6BAE, 0x73CE, 0x73CE, 0x73CE, 0x7BEF, 0x7BEF, 0x7BEF, 0x73EF, 0x73CE, 0x73CE, 0x73CE,
  0x73AE, 0x6B8D, 0x6B8E, 0x634D, 0x5B2C, 0x5B2C, 0x634D, 0x5B2C, 0x5B2C, 0x5B0C, 0x5B0C, 0x5B0C,
  0x52EC, 0x52CB, 0x52EB, 0x530C, 0x52EB, 0x530C, 0x52EC, 0x52EB, 0x52EC, 0x52EC, 0x52EB, 0x52EC,
  0x5B0C, 0x5B2D, 0x634D, 0x5B2D, 0x634D, 0x634D, 0x634D, 0x636D, 0x634D, 0x634D, 0x634D, 0x638E,
  0x6B8E, 0x73AE, 0x6BAE, 0x6BAE, 0x6BAE, 0x6BCF, 0x73CF, 0x73AF, 0x73CF, 0x73CF, 0x73AF, 0x73AF,
  0x73CF, 0x7BEF, 0x7BEF, 0x73CF, 0x7BEF, 0x7C0F, 0x7C0F, 0x7C10, 0x8410, 0x7BF0, 0x7BEF, 0x7BEF,
  0x7BCF, 0x7BCF, 0x7BCF, 0x7BCF, 0x7BCF, 0x73CF, 0x73CF, 0x73CF, 0x73AE, 0x73AF, 0x73CF, 0x73CF,
  0x73CF, 0x73CF, 0x73AF, 0x73AF, 0x6B8E, 0x6B8E, 0x6B8E, 0x6B8E, 0x6B6E, 0x636E, 0x636E, 0x636E,
  0x636E, 0x636E, 0x634E, 0x634D, 0x634D, 0x632D, 0x5B2D, 0x5B2D, 0x5B0C, 0x52EC, 0x52CC, 0x52EC,
  0x530C, 0x530C, 0x52EC, 0x4ACC, 0x4AAB, 0x4AAB, 0x4AAB, 0x4AAB, 0x4AAB, 0x4AAB, 0x4AAB, 0x4ACB,
  0x4ACB, 0x4AAB, 0x4ACB, 0x4ACC, 0x4ACC, 0x4ACC, 0x4ACB, 0x52CC, 0x52CC, 0x52EC, 0x52EC, 0x52EC,
  0xBD51, 0xBD51, 0xBD51, 0xBD51, 0xBD31, 0xB551, 0xB551, 0xB551, 0xBD51, 0xBD51, 0xBD51, 0xBD51,
  0xBD51, 0xBD51, 0xBD51, 0xB531, 0xB531, 0xB531, 0xB531, 0xB531, 0xB531, 0xAD30, 0xAD10, 0xACF0,
  0xACF0, 0xA4CF, 0xA4D0, 0xA4D0, 0xA4D0, 0xA4CF, 0xA4CF, 0xA4CF, 0x9CAF, 0x9C8E, 0x9C6E, 0x946E,
  0x942D, 0x8BED, 0x83ED, 0x83EC, 0x7BCC, 0x7BAC, 0x7BAC, 0x7BAC, 0x738C, 0x738B, 0x738C, 0x73AC,
  0x7BAC, 0x738C, 0x738C, 0x738C, 0x738B, 0x738B, 0x736B, 0x736B, 0x736B, 0x738C, 0x736B, 0x738B,
  0x6B6B, 0x6B6B, 0x6B4B, 0x632B, 0x632B, 0x632B, 0x630A, 0x5AEA, 0x52C9, 0x5AE9, 0x5AEA, 0x5B0A,
  0x630A, 0x632B, 0x634B, 0x632B, 0x5B0A, 0x630B, 0x634B, 0x6B6B, 0x736C, 0x738C, 0x738C, 0x73AC,
  0x7BAD, 0x738C, 0x738C, 0x736C, 0x6B6C, 0x6B6B, 0x632B, 0x632B, 0x632B, 0x632B, 0x632B, 0x630B,
  0x5AEA, 0x632B, 0x6B6C, 0x6B4B, 0x6B8C, 0x738C, 0x6B6C, 0x738C, 0x7BAD, 0x7BCD, 0x83CD, 0x83ED,
  0x83EE, 0x7BCD, 0x7BCD, 0x7BCD, 0x73AD, 0x73AD, 0x738C, 0x73AD, 0x738D, 0x738D, 0x6B6C, 0x634C,
  0x632B, 0x5B0B, 0x5B0B, 0x5B0B, 0x5B0B, 0x530B, 0x52EB, 0x52EB, 0x52EB, 0x530B, 0x52EB, 0x52EB,
  0x52CB, 0x4AAA, 0x4AAA, 0x4AAA, 0x4AAA, 0x4AAA, 0x4A8A, 0x4269, 0x4A8A, 0x4AAA, 0x4AAA, 0x4289,
  0x4A89, 0x4AAA, 0x52CA, 0x52CB, 0x52CB, 0x4ACA, 0x4AAA, 0x4AAA, 0x4AAA, 0x4AAA, 0x4AAA, 0x4A89,
  0x4269, 0x4249, 0x4269, 0x4289, 0x4269, 0x4249, 0x4269, 0x4269, 0x4AAA, 0x428A, 0x428A, 0x4ACB,
  0x52CB, 0x52EB, 0x5B2C, 0x634C, 0x5B2C, 0x5B2C, 0x636C, 0x634C, 0x5B2C, 0x5B2C, 0x52EB, 0x52EB,
  0x530B, 0x5B0B, 0x52EB, 0x52EB, 0x5B0C, 0x5B2C, 0x5B4C, 0x636D, 0x6B8E, 0x73AE, 0x73CE, 0x7BEF,
  0x7BEF, 0x7BEF, 0x7BEF, 0x7BEF, 0x7BEF, 0x73EF, 0x73CE, 0x7BEF, 0x73CE, 0x73AE, 0x6B8E, 0x636D,
  0x5B2C, 0x634D, 0x5B4C, 0x5B2C, 0x5B2C, 0x5B0C, 0x5B0C, 0x5B2C, 0x5B0C, 0x52EB, 0x530C, 0x5B0C,
  0x5B0C, 0x5B2C, 0x530C, 0x530C, 0x5B0C, 0x5B2C, 0x530C, 0x5B0C, 0x5B2C, 0x5B2C, 0x5B2C, 0x5B2D,
  0x634D, 0x634D, 0x636E, 0x6B8E, 0x6B6E, 0x6B6D, 0x636D, 0x6B8E, 0x6BAE, 0x6BAE, 0x73AE, 0x6BAE,
  0x6BAE, 0x73AE, 0x73CF, 0x73AE, 0x73AE, 0x73AE, 0x73AE, 0x73AE, 0x73AE, 0x73AF, 0x73CF, 0x73CF,
  0x7BEF, 0x7BEF, 0x7C0F, 0x7C10, 0x7C10, 0x7BF0, 0x7BEF, 0x7BEF, 0x7BEF, 0x7BEF, 0x7BCF, 0x7BCF,
  0x7BCF, 0x7BCF, 0x73CF, 0x73CF, 0x73CF, 0x73CF, 0x73CF, 0x73CF, 0x73CF, 0x73CF, 0x73AF, 0x6BAE,
  0x6B8E, 0x6B8E, 0x6B8E, 0x6B8E, 0x6B8E, 0x636E, 0x636E, 0x636E, 0x636E, 0x636E, 0x636E, 0x634D,
  0x634D, 0x634D, 0x632D, 0x5B2D, 0x5B0D, 0x5B0D, 0x5B0D, 0x5B0D, 0x5B0D, 0x5B0D, 0x52EC, 0x52CC,
  0x4ACB, 0x4AAB, 0x4AAB, 0x4A8B, 0x4AAB, 0x4AAB, 0x4AAB, 0x4AAB, 0x4AAB, 0x4AAB, 0x4AAB, 0x4AAB,
  0x4ACB, 0x4ACB, 0x4AAB, 0x4AAB, 0x4ACC, 0x52EC, 0x52EC, 0x530C, 0xBD71, 0xBD72, 0xBD51, 0xBD51,
  0xBD51, 0xBD51, 0xBD51, 0xBD51, 0xBD71, 0xBD51, 0xBD51, 0xBD71, 0xBD51, 0xBD51, 0xBD51, 0xBD51,
  0xB551, 0xB531, 0xBD51, 0xB551, 0xB531, 0xB531, 0xAD31, 0xAD10, 0xACF0, 0xACF0, 0xACF0, 0xACF0,
  0xACF0, 0xACF0, 0xACD0, 0xA4CF, 0xA4CF, 0xA4AF, 0x9C8F, 0x9C6E, 0x944D, 0x8C0D, 0x8C0C, 0x83EC,
  0x83CC, 0x7BCC, 0x7BAC, 0x83CC, 0x7BCC, 0x7BAC, 0x7BCC, 0x7BCC, 0x83ED, 0x7BCC, 0x7BAC, 0x738B,
  0x7BAB, 0x7BAC, 0x7BAC, 0x7BAC, 0x7BAC, 0x7BAC, 0x73AC, 0x73AC, 0x738C, 0x738C, 0x6B6B, 0x6B6B,
  0x6B6B, 0x6B4B, 0x632B, 0x630A, 0x5B0A, 0x632B, 0x630A, 0x630A, 0x632A, 0x634B, 0x632B, 0x632B,
  0x630B, 0x632B, 0x6B6B, 0x738C, 0x736C, 0x738C, 0x738C, 0x73AC, 0x7BAC, 0x738C, 0x738C, 0x6B6B,
  0x6B4B, 0x6B4B, 0x6B6B, 0x6B6C, 0x6B4B, 0x6B4B, 0x6B4C, 0x634B, 0x630B, 0x632B, 0x6B4B, 0x6B6C,
  0x6B8C, 0x738C, 0x738C, 0x738C, 0x7BAD, 0x7BAD, 0x7BCD, 0x83ED, 0x83EE, 0x7BCD, 0x7BCD, 0x7BCD,
  0x7BCD, 0x738C, 0x738C, 0x6B6C, 0x6B6C, 0x6B6C, 0x634C, 0x632C, 0x5B2B, 0x52EB, 0x52EA, 0x5AEB,
  0x52EB, 0x52EB, 0x52CB, 0x52CA, 0x52EB, 0x52EB, 0x52EB, 0x52CA, 0x4ACA, 0x4AAA, 0x4AAA, 0x4AAA,
  0x4A8A, 0x4A8A, 0x4269, 0x4249, 0x4269, 0x4A8A, 0x4AAA, 0x4A8A, 0x4A8A, 0x4ACA, 0x52EB, 0x5B0B,
  0x5B0B, 0x530B, 0x4ACA, 0x4AAA, 0x4AAA, 0x4A89, 0x4A89, 0x4AAA, 0x4A89, 0x4A89, 0x4A8A, 0x4A89,
  0x4289, 0x4269, 0x426A, 0x428A, 0x4A8A, 0x4AAA, 0x4ACA, 0x52EB, 0x5B0B, 0x5B0B, 0x632C, 0x634C,
  0x634C, 0x634C, 0x636D, 0x6B6D, 0x6B8D, 0x6B8D, 0x634C, 0x5B0C, 0x5B0C, 0x5B2C, 0x5B0B, 0x5B0B,
  0x5B2C, 0x5B2C, 0x634C, 0x636D, 0x6B8E, 0x73CE, 0x73CE, 0x73CE, 0x7C0F, 0x7C0F, 0x7C0F, 0x7C0F,
  0x7BEF, 0x7BEF, 0x7BEF, 0x7C0F, 0x7BEE, 0x73CE, 0x6BAE, 0x638D, 0x636D, 0x636D, 0x634D, 0x634C,
  0x634C, 0x5B2C, 0x5B2C, 0x5B2C, 0x5B2C, 0x52EC, 0x5B0C, 0x5B2C, 0x5B2D, 0x634D, 0x5B2D, 0x5B2C,
  0x5B2C, 0x5B2C, 0x5B2C, 0x5B2C, 0x5B2D, 0x5B2C, 0x5B2C, 0x5B2D, 0x5B2D, 0x634D, 0x636D, 0x6B6E,
  0x6B8E, 0x6B8E, 0x6B8E, 0x6B8E, 0x6B8E, 0x73AE, 0x73CE, 0x6BAE, 0x6B8E, 0x6B8E, 0x73AE, 0x73AE,
  0x73AE, 0x73AE, 0x73AE, 0x73AE, 0x73AE, 0x73AE, 0x73CE, 0x73CF, 0x7BEF, 0x7BEF, 0x7BEF, 0x7BF0,
  0x7BF0, 0x7BF0, 0x7BEF, 0x7BEF, 0x7BEF, 0x7BEF, 0x7BEF, 0x7BEF, 0x7BCF, 0x7BCF, 0x7BCF, 0x73CF,
  0x73CF, 0x73CF, 0x73CF, 0x73AF, 0x73AF, 0x73AF, 0x73AF, 0x6BAE, 0x6B8E, 0x73AE, 0x6B8E, 0x6B8E,
  0x6B8E, 0x636E, 0x636E, 0x6B6E, 0x6B6E, 0x636E, 0x634E, 0x636E, 0x636E, 0x634E, 0x634E, 0x634D,
  0x5B2D, 0x5B2D, 0x5B2D, 0x5B4D, 0x5B2D, 0x5B0D, 0x530C, 0x52CC, 0x4ACB, 0x4ACB, 0x4AAB, 0x4AAB,
  0x4AAB, 0x4ACB, 0x4AAB, 0x4AAB, 0x4AAB, 0x4AAB, 0x42AB, 0x4AAB, 0x42AB, 0x4AAB, 0x4AAB, 0x4ACB,
  0x4ACC, 0x52EC, 0x52EC, 0x52EC, 0xC572, 0xBD72, 0xBD72, 0xBD72, 0xBD72, 0xBD71, 0xBD71, 0xBD71,
  0xBD72, 0xBD71, 0xBD72, 0xBD72, 0xBD51, 0xBD51, 0xBD51, 0xBD51, 0xBD51, 0xBD51, 0xBD52, 0xBD52,
  0xBD51, 0xB551, 0xB531, 0xB531, 0xAD10, 0xAD10, 0xAD10, 0xACF0, 0xACF0, 0xAD10, 0xACF0, 0xA4EF,
  0xA4EF, 0xA4CF, 0x9CAF, 0x9C8E, 0x946E, 0x942D, 0x942D, 0x8C2D, 0x8C0D, 0x8C0D, 0x83ED, 0x83ED,
  0x83ED, 0x83CC, 0x840D, 0x83ED, 0x83ED, 0x83ED, 0x83ED, 0x7BCC, 0x7BCC, 0x83CC, 0x83EC, 0x83ED,
  0x83CD, 0x83ED, 0x7BCD, 0x7BCC, 0x7BCD, 0x738C, 0x738C, 0x73AC, 0x73AC, 0x6B6B, 0x6B4B, 0x634B,
  0x632B, 0x634B, 0x634B, 0x632B, 0x632B, 0x632B, 0x632A, 0x632B, 0x632B, 0x6B4B, 0x6B8C, 0x738C,
  0x738C, 0x738C, 0x738C, 0x7BAC, 0x7BAC, 0x738C, 0x738C, 0x6B4B, 0x6B4B, 0x6B4B, 0x736C, 0x738C,
  0x6B6C, 0x6B6C, 0x6B6C, 0x6B4C, 0x632B, 0x6B4B, 0x6B6C, 0x6B8C, 0x6B8C, 0x738C, 0x73AC, 0x73AC,
  0x7BAD, 0x83CD, 0x83CD, 0x7BAD, 0x7BCD, 0x7BCD, 0x7BAD, 0x738C, 0x73AD, 0x738C, 0x6B6C, 0x6B6C,
  0x6B4C, 0x6B4C, 0x634C, 0x632C, 0x5B2B, 0x5AEB, 0x52EA, 0x52EB, 0x52EB, 0x52CA, 0x4ACA, 0x4ACA,
  0x52CA, 0x52CB, 0x52CA, 0x4AAA, 0x4A89, 0x4A89, 0x4AAA, 0x4AAA, 0x4A8A, 0x4A8A, 0x4269, 0x4249,
  0x4289, 0x4AAA, 0x4AAA, 0x4AAA, 0x4AAA, 0x52CA, 0x52EB, 0x530A, 0x52EA, 0x5B0B, 0x52EB, 0x4ACA,
  0x4A89, 0x4A89, 0x4A8A, 0x4A8A, 0x4289, 0x4AAA, 0x4AAA, 0x4AA9, 0x4AA9, 0x4289, 0x426A, 0x428A,
  0x4AAA, 0x4ACA, 0x52EB, 0x52EB, 0x632C, 0x634C, 0x634C, 0x634C, 0x636C, 0x6B8D, 0x6BAD, 0x73CE,
  0x73CE, 0x73CE, 0x6B8D, 0x634D, 0x632C, 0x634C, 0x634C, 0x5B4C, 0x5B4C, 0x634C, 0x634D, 0x634D,
  0x6B8D, 0x73AE, 0x73AE, 0x73AE, 0x7BCE, 0x7BEF, 0x7C0F, 0x840F, 0x7C0F, 0x7BEF, 0x7C0F, 0x840F,
  0x7C0F, 0x7BEE, 0x73CF, 0x6BAE, 0x6B8D, 0x638D, 0x638D, 0x6B8D, 0x638D, 0x634D, 0x636D, 0x636D,
  0x5B2D, 0x5B2C, 0x5B2C, 0x5B2D, 0x634D, 0x636E, 0x634D, 0x5B4C, 0x5B2C, 0x5B2C, 0x5B2C, 0x5B2C,
  0x5B2D, 0x634D, 0x5B2D, 0x634D, 0x5B2D, 0x634D, 0x634D, 0x6B8E, 0x73AE, 0x73AF, 0x73AE, 0x73AE,
  0x73AE, 0x73CE, 0x73AE, 0x6B8E, 0x6B8E, 0x6BAE, 0x6B8E, 0x73AE, 0x73AE, 0x73CF, 0x73AE, 0x73AE,
  0x73AE, 0x73AE, 0x73CF, 0x73CF, 0x73CF, 0x73CF, 0x7BEF, 0x7BEF, 0x7C10, 0x8410, 0x7BF0, 0x7BEF,
  0x7BEF, 0x7BCF, 0x7BF0, 0x7BF0, 0x7BEF, 0x7BCF, 0x7BEF, 0x7BEF, 0x73CF, 0x73CF, 0x73CF, 0x73AF,
  0x73AE, 0x73AE, 0x6BAE, 0x6BAE, 0x6BAE, 0x73AE, 0x6B8E, 0x6B8E, 0x6B8E, 0x638E, 0x6B8E, 0x636E,
  0x6B8E, 0x6B6E, 0x636E, 0x636E, 0x636E, 0x636E, 0x636E, 0x634D, 0x634D, 0x5B4D, 0x5B4D, 0x634E,
  0x5B4E, 0x5B2D, 0x5B0D, 0x52EC, 0x52EC, 0x52CC, 0x4AAB, 0x4AAB, 0x4AAB, 0x4AAB, 0x4AAB, 0x4AAB,
  0x4AAB, 0x42AB, 0x42AB, 0x42AB, 0x42AB, 0x42AB, 0x42AB, 0x4AAB, 0x4ACC, 0x52CC, 0x52EC, 0x52EC,
  0xC592, 0xBD72, 0xBD72, 0xBD72, 0xBD72, 0xBD72, 0xBD72, 0xBD72, 0xBD72, 0xBD72, 0xBD72, 0xBD72,
  0xBD72, 0xBD72, 0xBD72, 0xBD72, 0xBD51, 0xBD52, 0xBD72, 0xBD72, 0xBD52, 0xB552, 0xB551, 0xB551,
  0xB531, 0xAD31, 0xAD11, 0xAD11, 0xAD11, 0xAD11, 0xAD10, 0xACF0, 0xA4EF, 0xA4CF, 0xA4CF, 0xA4AF,
  0x9C8E, 0x9C6E, 0x944E, 0x944D, 0x942D, 0x942D, 0x8C0D, 0x8C0D, 0x840C, 0x83EC, 0x840C, 0x8C0D,
  0x8C0D, 0x83ED, 0x83ED, 0x83ED, 0x83EC, 0x83ED, 0x8C0D, 0x8C0D, 0x8C0D, 0x8C0D, 0x840D, 0x83ED,
  0x83ED, 0x7BCC, 0x7BAC, 0x7BCC, 0x7BCD, 0x73AC, 0x6B6B, 0x6B6B, 0x6B4B, 0x6B6B, 0x736B, 0x6B4B,
  0x6B6B, 0x6B6B, 0x634B, 0x6B4B, 0x6B4B, 0x6B6B, 0x73AC, 0x738C, 0x7B8C, 0x7BAC, 0x7B8C, 0x7B8C,
  0x7BAC, 0x7B8C, 0x738C, 0x738C, 0x736C, 0x736C, 0x6B6C, 0x736C, 0x738C, 0x736C, 0x6B4B, 0x6B6C,
  0x6B6B, 0x738C, 0x7BAD, 0x738C, 0x738C, 0x7BAC, 0x7BCD, 0x7BAD, 0x7BAD, 0x7BCD, 0x7BCD, 0x7BAC,
  0x7BAD, 0x7BAD, 0x73AC, 0x736C, 0x738C, 0x738C, 0x6B6C, 0x6B6C, 0x6B6C, 0x6B6C, 0x632C, 0x5B2B,
  0x5B2B, 0x5B0B, 0x52EA, 0x52CA, 0x52CA, 0x52CA, 0x4ACA, 0x4AAA, 0x4AAA, 0x4ACA, 0x4ACA, 0x4AAA,
  0x4A8A, 0x4AAA, 0x4ACA, 0x4ACA, 0x4AAA, 0x4ACA, 0x428A, 0x4269, 0x428A, 0x4AAA, 0x4AAA, 0x4A8A,
  0x4A8A, 0x52AA, 0x52CA, 0x52CA, 0x52EA, 0x52EB, 0x52CA, 0x4AAA, 0x4AAA, 0x4AAA, 0x4A8A, 0x4269,
  0x4A89, 0x4269, 0x4A8A, 0x4A8A, 0x4289, 0x4269, 0x4269, 0x4A89, 0x4ACA, 0x52CB, 0x530B, 0x5B0B,
  0x634D, 0x6B6D, 0x6B6D, 0x636C, 0x6B8D, 0x73AD, 0x7BCE, 0x7BCE, 0x73CE, 0x7BCE, 0x73AE, 0x6B8D,
  0x6B6D, 0x6B6D, 0x634D, 0x634C, 0x5B4C, 0x5B2C, 0x5B2C, 0x634D, 0x6B8D, 0x6BAE, 0x6BAE, 0x6BAE,
  0x73AE, 0x7BEF, 0x7BEF, 0x840F, 0x840F, 0x7C0E, 0x7C0E, 0x840F, 0x840F, 0x7BEE, 0x73CE, 0x73AE,
  0x6BAE, 0x6BAE, 0x73AE, 0x73CE, 0x6BAE, 0x6B8D, 0x6BAE, 0x6B8E, 0x6B6E, 0x6B6D, 0x6B6D, 0x6B6E,
  0x6B6E, 0x6B6E, 0x636D, 0x636D, 0x634D, 0x5B2C, 0x5B2C, 0x5B2C, 0x634D, 0x636D, 0x636D, 0x634D,
  0x636D, 0x6B6D, 0x636D, 0x6B8D, 0x73AE, 0x73CE, 0x73CF, 0x73CE, 0x73CE, 0x73AE, 0x73CE, 0x73AE,
  0x73AE, 0x73AE, 0x738E, 0x73AE, 0x73AE, 0x73AE, 0x73AE, 0x73AE, 0x73AE, 0x73AE, 0x73CF, 0x7BCF,
  0x7BCF, 0x7BEF, 0x7BEF, 0x7BEF, 0x7C10, 0x7C10, 0x7C10, 0x7BEF, 0x7BEF, 0x7BEF, 0x7BEF, 0x7BEF,
  0x7BEF, 0x7BEF, 0x7BF0, 0x7BEF, 0x73CF, 0x73CF, 0x73CF, 0x73AF, 0x73AE, 0x73AE, 0x73AE, 0x73AF,
  0x73AE, 0x73AE, 0x73AF, 0x6B8E, 0x6B8E, 0x6B8E, 0x6B8E, 0x6B6E, 0x6B8E, 0x6B8F, 0x6B8E, 0x6B8E,
  0x6B6E, 0x6B6E, 0x6B6E, 0x636E, 0x634D, 0x634D, 0x634E, 0x634E, 0x634D, 0x5B2D, 0x5B2D, 0x5B0D,
  0x52EC, 0x52CC, 0x52CC, 0x4ACB, 0x4ACB, 0x4AAB, 0x4AAB, 0x4AAB, 0x428B, 0x426A, 0x428B, 0x428B,
  0x428B, 0x428B, 0x428B, 0x428A, 0x4AAB, 0x4ACB, 0x4ACC, 0x52EC, 0xBD92, 0xBD92, 0xBD92, 0xBD72,
  0xBD72, 0xBD72, 0xBD72, 0xBD92, 0xBD92, 0xBD72, 0xBD72, 0xBD72, 0xBD72, 0xBD72, 0xBD72, 0xBD72,
  0xBD72, 0xBD72, 0xBD72, 0xBD72, 0xBD72, 0xBD72, 0xB552, 0xB552, 0xB551, 0xB531, 0xB531, 0xB531,
  0xB531, 0xB531, 0xAD11, 0xAD10, 0xAD10, 0xACF0, 0xA4CF, 0xA4CF, 0xA4AF, 0x9C8F, 0x9C8E, 0x9C6E,
  0x944E, 0x944E, 0x942D, 0x942D, 0x8C2D, 0x8C0D, 0x8C0D, 0x8C0D, 0x8C2D, 0x8C0D, 0x840C, 0x8C0D,
  0x8C0D, 0x8C0D, 0x8C2D, 0x8C2D, 0x8C4D, 0x8C2D, 0x8C2D, 0x8C2D, 0x8C0D, 0x83ED, 0x83CC, 0x83ED,
  0x83ED, 0x7BCC, 0x7BAC, 0x7BAC, 0x738C, 0x738C, 0x738C, 0x736C, 0x738C, 0x738C, 0x6B6C, 0x6B4B,
  0x6B6B, 0x738C, 0x738C, 0x738C, 0x7B8C, 0x7BAC, 0x7B8C, 0x7BAC, 0x83ED, 0x7BCD, 0x7B8C, 0x7B8C,
  0x7B8C, 0x7B8C, 0x738C, 0x738C, 0x738C, 0x736C, 0x736C, 0x738C, 0x738C, 0x7BAC, 0x83CD, 0x83ED,
  0x83CD, 0x83ED, 0x83CD, 0x7BCD, 0x7BCD, 0x7BCD, 0x7BCD, 0x7BAD, 0x7BAD, 0x7BAD, 0x7BAD, 0x73AC,
  0x738C, 0x6B6C, 0x6B8C, 0x6B8C, 0x6B6C, 0x634C, 0x632B, 0x5B0B, 0x5B0B, 0x5AEB, 0x52CA, 0x52CA,
  0x52CA, 0x52CA, 0x4AAA, 0x4ACA, 0x4ACA, 0x4AAA, 0x4ACA, 0x52CA, 0x4AAA, 0x4ACB, 0x4ACB, 0x4ACB,
  0x4AAA, 0x4AAA, 0x4AAA, 0x4A8A, 0x428A, 0x428A, 0x4289, 0x4269, 0x4269, 0x4AAA, 0x4AAA, 0x4AAA,
  0x52CA, 0x52CA, 0x4AAA, 0x52CA, 0x52CA, 0x4AAA, 0x4A8A, 0x4A8A, 0x4A8A, 0x4269, 0x4A8A, 0x4A8A,
  0x4A89, 0x4269, 0x4269, 0x4AAA, 0x52CA, 0x52EB, 0x5B0B, 0x5B2C, 0x634D, 0x6B6D, 0x6B8D, 0x6B8D,
  0x738D, 0x73AD, 0x73CE, 0x7BCE, 0x7BEE, 0x7BEF, 0x7BCE, 0x738D, 0x73AE, 0x73AE, 0x6B8D, 0x6B6D,
  0x634D, 0x5B2C, 0x634D, 0x6B6D, 0x6B8E, 0x6B8E, 0x6B6D, 0x6B8D, 0x6B8D, 0x73CE, 0x7BEF, 0x840F,
  0x840F, 0x840E, 0x840E, 0x840F, 0x840F, 0x83EF, 0x7BEE, 0x73CE, 0x73CE, 0x73CE, 0x73EF, 0x7BEF,
  0x73CE, 0x73CE, 0x73CF, 0x73CE, 0x73AE, 0x73CF, 0x73CF, 0x73CF, 0x73AE, 0x6B8E, 0x6B8E, 0x6BAE,
  0x6B8D, 0x636D, 0x636D, 0x634D, 0x636D, 0x638D, 0x6B8E, 0x6B8E, 0x6B8E, 0x6B8E, 0x6B8E, 0x6B8D,
  0x6BAE, 0x73AE, 0x73AE, 0x73CE, 0x73CE, 0x7BCE, 0x73CE, 0x73AE, 0x73AE, 0x73AE, 0x73AE, 0x738E,
  0x738E, 0x6B8E, 0x6B8E, 0x73AE, 0x73AE, 0x73AE, 0x73AE, 0x7BCF, 0x7BCF, 0x7BEF, 0x7BEF, 0x7BEF,
  0x7BEF, 0x7BEF, 0x7BEF, 0x7BEF, 0x7BEF, 0x7BEF, 0x7BEF, 0x7BEF, 0x7BEF, 0x7BEF, 0x7BEF, 0x7BEF,
  0x7BEF, 0x73CF, 0x73CF, 0x73AF, 0x73AF, 0x73AF, 0x73AE, 0x73AF, 0x73AE, 0x73AE, 0x6B8E, 0x6BAE,
  0x6B8E, 0x6B8E, 0x6B8E, 0x6B8E, 0x6B8E, 0x6B8E, 0x6B8F, 0x6B8E, 0x6B8E, 0x6B8E, 0x636E, 0x636E,
  0x636E, 0x634E, 0x636E, 0x636E, 0x634D, 0x634D, 0x5B2D, 0x5B0D, 0x52EC, 0x52EC, 0x52CC, 0x52CC,
  0x4ACB, 0x4ACB, 0x4AAB, 0x428B, 0x428A, 0x426A, 0x426A, 0x3A6A, 0x3A4A, 0x426A, 0x428A, 0x426A,
  0x428B, 0x42AB, 0x4AAB, 0x4ACB, 0xBD92, 0xBD92, 0xBD92, 0xBD92, 0xBD92, 0xBD92, 0xBD92, 0xBD92,
  0xBD92, 0xBD92, 0xBD92, 0xBD72, 0xBD72, 0xBD92, 0xBD92, 0xBD72, 0xBD92, 0xBD92, 0xBD72, 0xBD72,
  0xBD72, 0xBD72, 0xBD72, 0xBD72, 0xB552, 0xB551, 0xB531, 0xB551, 0xB531, 0xB551, 0xB531, 0xB531,
  0xAD11, 0xAD10, 0xACF0, 0xA4F0, 0xA4CF, 0xA4AF, 0xA4AF, 0x9C8E, 0x9C6E, 0x9C6E, 0x944E, 0x944E,
  0x944E, 0x946E, 0x944E, 0x944E, 0x944E, 0x944E, 0x944D, 0x944D, 0x8C2D, 0x8C0D, 0x8C2D, 0x944E,
  0x944E, 0x944E, 0x946E, 0x946E, 0x944E, 0x8C2D, 0x840D, 0x83EC, 0x840D, 0x83ED, 0x83ED, 0x83CD,
  0x7BCC, 0x7B8C, 0x736C, 0x6B6C, 0x736C, 0x6B6C, 0x6B4B, 0x6B6B, 0x736C, 0x738C, 0x738B, 0x736B,
  0x7B8C, 0x7BAC, 0x7BAC, 0x83CD, 0x83ED, 0x7BCC, 0x7BAC, 0x7B8C, 0x7BAC, 0x7BAD, 0x7BAC, 0x7BAC,
  0x7BAC, 0x7BAC, 0x7BAC, 0x7BCD, 0x7BCC, 0x7BCD, 0x83ED, 0x8C0E, 0x8C0E, 0x840E, 0x83ED, 0x83CD,
  0x7BCD, 0x83CD, 0x7BCD, 0x7BCD, 0x7BCD, 0x7BAD, 0x7BAD, 0x7BAD, 0x738C, 0x6B6C, 0x6B6C, 0x6B6C,
  0x6B6C, 0x634C, 0x5B0B, 0x5AEB, 0x5AEB, 0x52EB, 0x52EB, 0x52EB, 0x52AA, 0x4AAA, 0x4AAA, 0x4AAA,
  0x4AAA, 0x4ACA, 0x52EB, 0x52CA, 0x4AAA, 0x4AAA, 0x4ACA, 0x4ACA, 0x4ACA, 0x4ACA, 0x4ACA, 0x4AAA,
  0x4289, 0x4289, 0x4289, 0x4A8A, 0x4289, 0x4A8A, 0x4AAA, 0x4ACA, 0x4ACA, 0x4ACA, 0x52CA, 0x52EB,
  0x52CA, 0x4AAA, 0x4AAA, 0x4AAA, 0x4AAA, 0x4289, 0x4269, 0x4269, 0x4289, 0x4A89, 0x4AAA, 0x52EB,
  0x52EB, 0x52EB, 0x5B2C, 0x632C, 0x634C, 0x6B6D, 0x6B8D, 0x73AD, 0x73CE, 0x73CE, 0x73CD, 0x7BCD,
  0x7BEE, 0x840E, 0x7BEE, 0x73CE, 0x73AE, 0x7BCE, 0x7BCE, 0x7BCE, 0x73AE, 0x6B8D, 0x6B8E, 0x6B8E,
  0x6B6D, 0x6B6D, 0x73AE, 0x73CE, 0x7BCE, 0x7C0F, 0x7C0F, 0x840F, 0x842F, 0x842F, 0x840F, 0x840F,
  0x842F, 0x8C50, 0x842F, 0x840F, 0x840F, 0x7C0F, 0x840F, 0x7C0F, 0x7BEE, 0x7BEE, 0x7BEF, 0x7BEF,
  0x7BEF, 0x7BEF, 0x7C0F, 0x7BEF, 0x73CF, 0x73AE, 0x6B8E, 0x6B8E, 0x73AE, 0x6BAE, 0x6BAE, 0x6B8D,
  0x6B8D, 0x6B8D, 0x6B8E, 0x6BAE, 0x6BAE, 0x6B8E, 0x6B8E, 0x73AE, 0x6B8E, 0x6BAE, 0x73AE, 0x73CF,
  0x7BCE, 0x7BEF, 0x7BEF, 0x7BEF, 0x7BCF, 0x7BCE, 0x73AE, 0x73AE, 0x738E, 0x6BAE, 0x73AE, 0x73AE,
  0x73AE, 0x73AE, 0x73AE, 0x73AE, 0x7BCF, 0x7BEF, 0x7BEF, 0x7BEF, 0x7BEF, 0x7BEF, 0x7BCF, 0x7BEF,
  0x7BEF, 0x7BEF, 0x7BEF, 0x7BEF, 0x7BEF, 0x7BEF, 0x7C0F, 0x7C0F, 0x7BEF, 0x73CF, 0x73CF, 0x73CF,
  0x73CF, 0x73CF, 0x73CF, 0x73CF, 0x73AE, 0x6BAE, 0x6BAE, 0x6B8E, 0x6B8E, 0x6B8E, 0x6B8E, 0x6B8E,
  0x6B8F, 0x6B8F, 0x6B8F, 0x6BAF, 0x6BAF, 0x6B8E, 0x6B8E, 0x6B8E, 0x6B8E, 0x636E, 0x6B6E, 0x6B6E,
  0x634E, 0x634D, 0x5B2D, 0x5B2D, 0x530C, 0x52EC, 0x52CC, 0x52CC, 0x52EC, 0x52CC, 0x4ACB, 0x4ACB,
  0x428A, 0x426A, 0x426A, 0x426A, 0x3A4A, 0x3A4A, 0x426A, 0x426A, 0x426A, 0x428A, 0x42AB, 0x4ACB,
  0xBD92, 0xC592, 0xBD92, 0xC592, 0xBD92, 0xC593, 0xBD93, 0xBD93, 0xBD93, 0xBD93, 0xBD92, 0xBD92,
  0xBD92, 0xBD72, 0xBD92, 0xBD92, 0xBD72, 0xBD72, 0xBD72, 0xBD72, 0xBD72, 0xBD92, 0xBD72, 0xBD72,
  0xBD72, 0xBD72, 0xB552, 0xBD72, 0xB552, 0xB552, 0xB552, 0xB551, 0xB531, 0xAD11, 0xAD10, 0xACF0,
  0xACF0, 0xACF0, 0xA4CF, 0xA4AF, 0x9C8F, 0x9C8E, 0x9C6E, 0x9C6E, 0x9C6E, 0x9C8E, 0x9C8E, 0x9C6E,
  0x9C6E, 0x9C6E, 0x9C8E, 0x9C8E, 0x946E, 0x944E, 0x942D, 0x944E, 0x946E, 0x946E, 0x9C8E, 0x948E,
  0x946E, 0x946E, 0x944D, 0x8C2D, 0x8C2D, 0x8C2D, 0x8C0D, 0x8BED, 0x83CD, 0x7BAC, 0x738C, 0x738C,
  0x736C, 0x736B, 0x736B, 0x738C, 0x7BAC, 0x7BAC, 0x738B, 0x7B8B, 0x7BAC, 0x83CC, 0x83CD, 0x83CD,
  0x83CD, 0x7BCC, 0x7BAC, 0x7BAC, 0x7BAC, 0x7BAD, 0x7BAC, 0x7BAC, 0x7BCC, 0x83CD, 0x83ED, 0x83ED,
  0x83ED, 0x840D, 0x8C0D, 0x83ED, 0x8C0D, 0x8C0E, 0x840D, 0x840D, 0x8C0D, 0x83ED, 0x7BCD, 0x7BED,
  0x7BCD, 0x73AD, 0x738C, 0x738C, 0x6B6C, 0x6B4B, 0x6B4C, 0x6B6C, 0x6B8C, 0x6B6D, 0x5B2B, 0x5B0B,
  0x5B0B, 0x5B0B, 0x5B0B, 0x5AEB, 0x52CA, 0x4AAA, 0x4AAA, 0x4ACA, 0x4ACA, 0x52CA, 0x4ACA, 0x4AAA,
  0x4A8A, 0x4A89, 0x52CA, 0x52CA, 0x52EB, 0x52EB, 0x52EB, 0x52CA, 0x4AAA, 0x4AAA, 0x4AAA, 0x4ACA,
  0x4AAA, 0x4AAA, 0x4AAA, 0x4AAA, 0x4AAA, 0x4AAA, 0x52EB, 0x52EB, 0x52EB, 0x52CA, 0x4ACA, 0x52CA,
  0x4AAA, 0x4A89, 0x4289, 0x4269, 0x4289, 0x4A89, 0x52CA, 0x52EB, 0x530B, 0x530B, 0x5B2C, 0x634C,
  0x634C, 0x6B6D, 0x6B8D, 0x73AE, 0x7BCE, 0x7BCD, 0x73AD, 0x7BCD, 0x7BEE, 0x7BEE, 0x7BCE, 0x7BEE,
  0x840F, 0x840E, 0x840F, 0x840F, 0x7BEE, 0x7BCE, 0x73AE, 0x73AE, 0x738D, 0x73AE, 0x7BEF, 0x840F,
  0x840F, 0x840E, 0x840F, 0x840E, 0x840F, 0x8C2F, 0x842F, 0x840F, 0x8C2F, 0x8C50, 0x8C50, 0x8C2F,
  0x842F, 0x8C50, 0x8C70, 0x8450, 0x840F, 0x840F, 0x840F, 0x840F, 0x7C0F, 0x7C0F, 0x7C0F, 0x7C0F,
  0x7C0F, 0x7BEF, 0x73CE, 0x73CE, 0x7BEF, 0x7BEE, 0x73CE, 0x73CE, 0x73AE, 0x73AE, 0x73AE, 0x73AE,
  0x6B8E, 0x6B8E, 0x6B8E, 0x73AE, 0x73CE, 0x6BAD, 0x73AE, 0x73CE, 0x73CE, 0x7BEF, 0x7C0F, 0x7BEF,
  0x7BEF, 0x7BCE, 0x73CE, 0x73CE, 0x73CF, 0x73AE, 0x73CF, 0x73CF, 0x73CF, 0x73CF, 0x73CF, 0x73CE,
  0x7BCF, 0x7BEF, 0x7BEF, 0x7BEF, 0x7BEF, 0x7BEF, 0x7BEF, 0x7BEF, 0x7BEF, 0x7BEF, 0x7BCF, 0x7BEF,
  0x7C0F, 0x7BEF, 0x7C0F, 0x7BEF, 0x73CF, 0x73CF, 0x73CF, 0x73CF, 0x73CF, 0x73CF, 0x73CF, 0x73CF,
  0x73AE, 0x6B8E, 0x6B8E, 0x6BAE, 0x6B8E, 0x6B8E, 0x6B8E, 0x6B8E, 0x6B8E, 0x6B8E, 0x6B8F, 0x6BAF,
  0x6BAF, 0x6B8E, 0x6B8E, 0x6B8E, 0x6B8E, 0x6B8E, 0x6B8F, 0x6B6E, 0x636E, 0x634D, 0x5B2D, 0x5B2D,
  0x5B0D, 0x52EC, 0x52CC, 0x52EC, 0x52EC, 0x52EC, 0x4ACC, 0x4ACB, 0x4AAB, 0x428B, 0x428B, 0x428B,
  0x3A6A, 0x426A, 0x426A, 0x3A4A, 0x426A, 0x428A, 0x428B, 0x4AAB, 0xBD92, 0xBD93, 0xC593, 0xC5B3,
  0xC593, 0xC593, 0xC593, 0xBD93, 0xBD93, 0xBD93, 0xC593, 0xC593, 0xC593, 0xBD93, 0xBD93, 0xBD93,
  0xBD92, 0xBD72, 0xBD72, 0xBD92, 0xBD92, 0xBD92, 0xBD92, 0xBD72, 0xBD92, 0xBD72, 0xBD72, 0xBD72,
  0xBD72, 0xBD72, 0xB551, 0xB552, 0xB552, 0xB531, 0xB531, 0xAD11, 0xAD11, 0xACF0, 0xACF0, 0xA4CF,
  0xA4AF, 0xA4AF, 0x9C8E, 0x9C8E, 0x9C8E, 0x9C8E, 0xA4AF, 0x9CAF, 0x9C8E, 0x9C8E, 0x9C8F, 0x9CAF,
  0x9C8E, 0x9C6E, 0x9C6E, 0x9C6E, 0x9C6E, 0x9C6E, 0x9C8E, 0x9CAE, 0x9C8E, 0x9C8E, 0x9C8E, 0x9C8E,
  0x9C6E, 0x944E, 0x942E, 0x8C0D, 0x8C0D, 0x83ED, 0x7BCC, 0x7BCC, 0x7BAC, 0x738C, 0x7BAC, 0x7BAC,
  0x7BAC, 0x83CC, 0x83CC, 0x83CC, 0x83CC, 0x83CD, 0x83ED, 0x83ED, 0x83ED, 0x83ED, 0x83ED, 0x7BCD,
  0x7BCD, 0x7BCD, 0x83CD, 0x83ED, 0x83ED, 0x83ED, 0x83ED, 0x83ED, 0x840D, 0x8C0D, 0x8C0D, 0x8C0D,
  0x8C2E, 0x8C2E, 0x8C2E, 0x8C2E, 0x8C2E, 0x83ED, 0x83ED, 0x83EE, 0x83ED, 0x7BAD, 0x7BAD, 0x738D,
  0x6B6C, 0x6B4C, 0x634B, 0x634C, 0x636C, 0x6B6C, 0x634C, 0x632B, 0x5B2B, 0x5B2B, 0x5B0B, 0x5B0B,
  0x5AEA, 0x52CA, 0x4AAA, 0x4ACA, 0x4ACA, 0x52CA, 0x52CA, 0x4ACA, 0x4AAA, 0x52CA, 0x52CA, 0x52EB,
  0x530B, 0x5B0B, 0x5B0B, 0x52EB, 0x52EB, 0x52EB, 0x52CA, 0x52CA, 0x4ACA, 0x4AAA, 0x4AAA, 0x4289,
  0x4A89, 0x4AAA, 0x52CA, 0x52EB, 0x5B0B, 0x5B0B, 0x52EB, 0x52EB, 0x52CA, 0x4AAA, 0x4AAA, 0x4AAA,
  0x4AAA, 0x4ACA, 0x52EB, 0x52EB, 0x530B, 0x5B0B, 0x5B0B, 0x634C, 0x634C, 0x6B6C, 0x6B8D, 0x73AD,
  0x7BCD, 0x7BCD, 0x7BEE, 0x840E, 0x7C0E, 0x840E, 0x83EE, 0x83EE, 0x8C4F, 0x8C4F, 0x8C4F, 0x8C2F,
  0x83EE, 0x7BEE, 0x7BEE, 0x7C0E, 0x7BEE, 0x7BEE, 0x7C0E, 0x840F, 0x8C2F, 0x840F, 0x840E, 0x840E,
  0x842E, 0x8C2F, 0x8C2F, 0x8C4F, 0x8C4F, 0x8C50, 0x9470, 0x9470, 0x8C70, 0x8C70, 0x9490, 0x8C70,
  0x8C50, 0x8C50, 0x8430, 0x840F, 0x8430, 0x8C50, 0x8430, 0x8430, 0x8430, 0x8430, 0x842F, 0x840F,
  0x7C0F, 0x7BEF, 0x7BEF, 0x7BEF, 0x7BEF, 0x73CE, 0x73CE, 0x73CE, 0x73CE, 0x6B8E, 0x6B8E, 0x73AE,
  0x73CE, 0x73CE, 0x73CE, 0x7BCF, 0x73AE, 0x7BCF, 0x7BEF, 0x7BEF, 0x7BEF, 0x7BEF, 0x7BEF, 0x7BCE,
  0x7BEF, 0x7BEF, 0x7BEF, 0x7BEF, 0x73CF, 0x7BEF, 0x73CF, 0x7BCF, 0x7BEF, 0x7BEF, 0x7BEF, 0x7BEF,
  0x7BEF, 0x7BEF, 0x7BEF, 0x7BEF, 0x7BEF, 0x7BEF, 0x7BEF, 0x7C0F, 0x7BEF, 0x7BEF, 0x7BEF, 0x7C0F,
  0x7BEF, 0x73CF, 0x73CF, 0x7BEF, 0x73CF, 0x73CF, 0x73CF, 0x73CF, 0x73CF, 0x6BAE, 0x6BAE, 0x6BAE,
  0x6B8E, 0x6B8E, 0x6B8E, 0x6B8E, 0x6B8F, 0x6BAF, 0x6BAF, 0x6BAF, 0x6BAE, 0x6BAF, 0x6BAE, 0x6B8E,
  0x6B8E, 0x6B8E, 0x6B8E, 0x636E, 0x636E, 0x634D, 0x5B2D, 0x5B2D, 0x5B2D, 0x5B0D, 0x52EC, 0x52EC,
  0x52EC, 0x530C, 0x52EC, 0x4ACB, 0x4AAB, 0x428B, 0x428B, 0x428B, 0x426A, 0x426A, 0x426A, 0x3A4A,
  0x428A, 0x428A, 0x428B, 0x428B, 0xBD93, 0xBD93, 0xC593, 0xC593, 0xC593, 0xC593, 0xC593, 0xBD93,
  0xBD93, 0xBD93, 0xC593, 0xC593, 0xC593, 0xC593, 0xBD93, 0xBD92, 0xBD92, 0xBD92, 0xBD92, 0xBD92,
  0xC592, 0xBD93, 0xBD93, 0xBD93, 0xBD93, 0xBD93, 0xBD92, 0xBD93, 0xBD72, 0xBD72, 0xBD72, 0xBD72,
  0xB552, 0xB552, 0xB552, 0xB531, 0xB531, 0xAD11, 0xACF0, 0xACF0, 0xA4D0, 0xA4AF, 0xA4AF, 0x9C8E,
  0xA48F, 0xA4AF, 0xA4AF, 0xA4CF, 0xA4AF, 0xA4AF, 0xA4AF, 0xA4AF, 0xA4AF, 0xA4AF, 0x9C8F, 0x9C8F,
  0x9CAF, 0x9CAF, 0xA4CF, 0xA4CF, 0xA4CF, 0xA4CF, 0x9CAF, 0x9C8F, 0x9C8E, 0x9C6E, 0x9C6E, 0x944E,
  0x942E, 0x8C2D, 0x8C0D, 0x840D, 0x83EC, 0x7BCC, 0x83CC, 0x83ED, 0x83ED, 0x8C0D, 0x83ED, 0x83ED,
  0x83ED, 0x83CC, 0x83ED, 0x83ED, 0x83CD, 0x83ED, 0x840D, 0x83ED, 0x83ED, 0x83ED, 0x83ED, 0x8C0D,
  0x8C2D, 0x8C0D, 0x840D, 0x8C2D, 0x8C0D, 0x8C0D, 0x8C0D, 0x8C2E, 0x944E, 0x944E, 0x8C2E, 0x8C2E,
  0x8C2E, 0x8C0D, 0x83ED, 0x83ED, 0x83ED, 0x7BCD, 0x7BAD, 0x738C, 0x6B6C, 0x6B4C, 0x634B, 0x634C,
  0x634C, 0x6B6C, 0x6B6C, 0x634B, 0x634C, 0x634B, 0x5B0B, 0x5B0B, 0x52EB, 0x52CA, 0x4ACA, 0x52CA,
  0x52CA, 0x52CA, 0x52CB, 0x52EA, 0x52EB, 0x52EB, 0x52EB, 0x5B0B, 0x5B0B, 0x634C, 0x634C, 0x634C,
  0x632C, 0x52EB, 0x5AEB, 0x52CB, 0x4ACA, 0x4AAA, 0x4AAA, 0x4AAA, 0x4AAA, 0x52CA, 0x52CA, 0x530B,
  0x5B0B, 0x530B, 0x52EB, 0x530B, 0x530B, 0x52EB, 0x52EA, 0x52EB, 0x52CB, 0x52EB, 0x5B0B, 0x5B2C,
  0x5B0C, 0x5B0B, 0x5B0B, 0x632C, 0x634C, 0x636C, 0x738D, 0x73AD, 0x73AD, 0x7BCD, 0x83EE, 0x840E,
  0x840E, 0x840E, 0x83EE, 0x840E, 0x8C4F, 0x944F, 0x8C4F, 0x8C4F, 0x8C2F, 0x840F, 0x840E, 0x840E,
  0x842F, 0x8C4F, 0x842F, 0x8C2F, 0x8C2F, 0x8C2F, 0x840F, 0x840E, 0x8C2F, 0x8C4F, 0x8C4F, 0x8C70,
  0x9470, 0x9490, 0x9490, 0x9490, 0x9490, 0x9490, 0x9490, 0x9490, 0x9490, 0x8C70, 0x8C70, 0x8C70,
  0x8C70, 0x8C70, 0x8C50, 0x8C70, 0x8C70, 0x8C50, 0x8450, 0x842F, 0x8430, 0x842F, 0x840F, 0x840F,
  0x7C0F, 0x7BEF, 0x7BEF, 0x7BEF, 0x73CF, 0x73AE, 0x6BAE, 0x73AE, 0x73CE, 0x73CE, 0x7BCF, 0x73CF,
  0x73CE, 0x7BEF, 0x7BEF, 0x7BEF, 0x7C0F, 0x7C0F, 0x7BEF, 0x7BEF, 0x7BEF, 0x7C10, 0x7C10, 0x7C0F,
  0x7BEF, 0x7BEF, 0x7BEF, 0x7BEF, 0x7BEF, 0x7BEF, 0x7BEF, 0x7BEF, 0x7BEF, 0x7BEF, 0x7BEF, 0x7BEF,
  0x7BEF, 0x7BEF, 0x7BEF, 0x7BEF, 0x7BEF, 0x7BEF, 0x7BEF, 0x7BEF, 0x7BEF, 0x7BEF, 0x7BEF, 0x7BEF,
  0x73CF, 0x73CF, 0x73CF, 0x73CF, 0x73CF, 0x73AE, 0x6BAE, 0x6BAE, 0x6B8E, 0x6B8E, 0x6B8F, 0x6B8F,
  0x6BAF, 0x6BAF, 0x6BAF, 0x6BAF, 0x6BAE, 0x6B8E, 0x6B8E, 0x6B8E, 0x6B8E, 0x6B8F, 0x6B6E, 0x636E,
  0x636E, 0x634D, 0x5B2D, 0x5B2D, 0x5B2D, 0x5B2D, 0x5B0D, 0x5B0D, 0x5B0D, 0x530C, 0x530C, 0x52EC,
  0x52CC, 0x4ACB, 0x428B, 0x428B, 0x428B, 0x426A, 0x426A, 0x426A, 0x426A, 0x426A, 0x428A, 0x428B,
  0xBD93, 0xBD93, 0xBD93, 0xBD93, 0xBD93, 0xC5B3, 0xBD93, 0xBD93, 0xBD93, 0xBD93, 0xC593, 0xC593,
  0xC593, 0xC593, 0xC593, 0xC593, 0xC593, 0xBD93, 0xBD73, 0xBD93, 0xBD93, 0xBD93, 0xBD93, 0xBD93,
  0xBD93, 0xBD93, 0xBD93, 0xBD73, 0xBD73, 0xBD73, 0xBD72, 0xBD72, 0xB552, 0xB552, 0xB552, 0xB552,
  0xB532, 0xB531, 0xAD11, 0xAD10, 0xACF0, 0xA4CF, 0xA4AF, 0xA4AF, 0xA4AF, 0xA4AF, 0xA4D0, 0xA4D0,
  0xA4CF, 0xA4CF, 0xA4CF, 0xA4AF, 0xA4CF, 0xA4CF, 0xA4CF, 0xA4CF, 0xA4AF, 0xA4CF, 0xA4CF, 0xA4CF,
  0xA4F0, 0xA4EF, 0xA4CF, 0xA4AF, 0xA4AF, 0xA4AF, 0x9CAF, 0x9C8F, 0x9C6E, 0x946E, 0x944E, 0x8C2E,
  0x8C0D, 0x8C0D, 0x840D, 0x83ED, 0x8C0D, 0x8C0D, 0x8C0D, 0x8C0D, 0x8C0D, 0x8C0D, 0x8C0D, 0x83ED,
  0x83ED, 0x83ED, 0x8C0D, 0x8C2E, 0x8C2E, 0x8C0D, 0x8C2D, 0x8C2D, 0x944E, 0x8C0D, 0x8C0D, 0x8C0D,
  0x8C2D, 0x8C2E, 0x8C2E, 0x8C4E, 0x944E, 0x944E, 0x944E, 0x944E, 0x8C2E, 0x8C0D, 0x840D, 0x840D,
  0x7BCC, 0x7BCD, 0x7BAD, 0x738C, 0x6B6C, 0x6B6C, 0x6B4B, 0x6B6C, 0x6B6C, 0x736C, 0x73AC, 0x738C,
  0x6B6C, 0x634B, 0x5B0B, 0x5B0B, 0x52EB, 0x52EB, 0x52EB, 0x5B0B, 0x52EB, 0x52EA, 0x530B, 0x5B0B,
  0x5B0B, 0x52EB, 0x5B0B, 0x634C, 0x636C, 0x6B6C, 0x6B6C, 0x6B8C, 0x6B6C, 0x5B2B, 0x5B0B, 0x5B0B,
  0x52CA, 0x4AAA, 0x4AAA, 0x4ACA, 0x52EB, 0x52EB, 0x52EB, 0x52EB, 0x52EB, 0x530B, 0x530B, 0x5B0B,
  0x5B2C, 0x5B2B, 0x5B0B, 0x530B, 0x52EB, 0x52EB, 0x5B0B, 0x5B2C, 0x632C, 0x634C, 0x634C, 0x636C,
  0x634C, 0x634D, 0x6B6D, 0x73AE, 0x73AE, 0x7BCE, 0x7BEE, 0x83EE, 0x840E, 0x840E, 0x83EE, 0x840E,
  0x8C4F, 0x8C2F, 0x8C4F, 0x944F, 0x944F, 0x944F, 0x8C4F, 0x8C2F, 0x8C4F, 0x9470, 0x9470, 0x8C4F,
  0x8C4F, 0x8C4F, 0x8C2F, 0x8C2F, 0x8C4F, 0x8C4F, 0x8C70, 0x9470, 0x9490, 0x94B0, 0x94B0, 0x9490,
  0x94B1, 0x94B0, 0x94B0, 0x94B0, 0x94B0, 0x9490, 0x9490, 0x9490, 0x9490, 0x94B1, 0x9491, 0x9491,
  0x9490, 0x8C70, 0x8C70, 0x8C50, 0x8C50, 0x8C50, 0x8430, 0x842F, 0x840F, 0x842F, 0x8430, 0x840F,
  0x7BEF, 0x73CE, 0x73CE, 0x73CE, 0x73CE, 0x73EF, 0x7BEF, 0x73CE, 0x73CE, 0x73EF, 0x73EF, 0x7BEF,
  0x7BEF, 0x7BEF, 0x840F, 0x8430, 0x8430, 0x8430, 0x8430, 0x7C0F, 0x7BEF, 0x7BEF, 0x7BEF, 0x7BEF,
  0x7BEF, 0x7BEF, 0x7BEF, 0x7BEF, 0x7BEF, 0x7C0F, 0x7C0F, 0x7C0F, 0x7BEF, 0x7BEF, 0x7BEF, 0x7BEF,
  0x7BEF, 0x7BEF, 0x7BEF, 0x7C0F, 0x7BEF, 0x7BEF, 0x7BEF, 0x7BEF, 0x73CF, 0x73CF, 0x73CF, 0x73CF,
  0x73CF, 0x73AE, 0x6B8E, 0x6B8E, 0x6B8E, 0x6B8E, 0x6B8F, 0x6B8F, 0x6B8F, 0x6B8E, 0x6B8E, 0x6B8E,
  0x6B8E, 0x738E, 0x738F, 0x6B8F, 0x6B8F, 0x6B8F, 0x636E, 0x636E, 0x634E, 0x634E, 0x634E, 0x632D,
  0x632D, 0x632E, 0x632D, 0x5B2D, 0x5B2D, 0x5B0D, 0x5B0D, 0x530C, 0x52EC, 0x52CC, 0x4ACB, 0x4AAB,
  0x428B, 0x428B, 0x42AB, 0x428B, 0x426A, 0x426A, 0x428B, 0x426A, 0xBD93, 0xBD93, 0xBD93, 0xBD93,
  0xBD93, 0xBD93, 0xBD93, 0xBD93, 0xBD93, 0xBD93, 0xC593, 0xC593, 0xC593, 0xC593, 0xC593, 0xC593,
  0xBD93, 0xBD93, 0xBD93, 0xBD93, 0xBD93, 0xBD93, 0xBD93, 0xBD93, 0xBD93, 0xBD93, 0xBD93, 0xBD93,
  0xBD73, 0xBD73, 0xBD73, 0xBD73, 0xBD72, 0xBD72, 0xB552, 0xB552, 0xB552, 0xB531, 0xB531, 0xAD11,
  0xAD10, 0xACF0, 0xA4D0, 0xA4CF, 0xA4CF, 0xA4D0, 0xACF0, 0xACF0, 0xACF0, 0xACF0, 0xA4CF, 0xA4CF,
  0xA4CF, 0xA4F0, 0xA4CF, 0xA4CF, 0xA4CF, 0xA4F0, 0xACF0, 0xA4CF, 0xA4CF, 0xA4F0, 0xA4CF, 0xA4CF,
  0xA4D0, 0xA4CF, 0xA4D0, 0xA4AF, 0x9C8F, 0x9C8E, 0x946E, 0x944E, 0x946E, 0x944D, 0x8C2D, 0x8C2D,
  0x8C2D, 0x8C2D, 0x8C2D, 0x942E, 0x944E, 0x8C2D, 0x8C2E, 0x8C0D, 0x8C0D, 0x8C0D, 0x8C0D, 0x942E,
  0x944E, 0x944E, 0x946E, 0x946E, 0x944E, 0x942E, 0x8C2E, 0x944E, 0x944E, 0x944E, 0x944E, 0x944E,
  0x944F, 0x944E, 0x9C6F, 0x944E, 0x8C2E, 0x8C0D, 0x8C0D, 0x8C0D, 0x83CD, 0x7BCD, 0x7BAC, 0x738C,
  0x738C, 0x738C, 0x6B6C, 0x6B8C, 0x73AD, 0x73AC, 0x73AD, 0x73AD, 0x738D, 0x6B6C, 0x632C, 0x5B0B,
  0x5B0B, 0x632C, 0x632C, 0x5B2B, 0x5B0B, 0x5B0B, 0x632C, 0x634C, 0x634C, 0x5B2B, 0x634C, 0x6B6C,
  0x6B8D, 0x6B6C, 0x6B6C, 0x6B6C, 0x6B6C, 0x636C, 0x634C, 0x5B0B, 0x5B0B, 0x52EA, 0x52CA, 0x52EB,
  0x5B2B, 0x5B0B, 0x5B0B, 0x52EB, 0x52EB, 0x52EB, 0x5B0B, 0x5B0B, 0x634C, 0x636C, 0x634C, 0x634C,
  0x634C, 0x5B2C, 0x5B2B, 0x632C, 0x6B6C, 0x73AD, 0x73AD, 0x73AD, 0x6B6D, 0x636C, 0x6B8D, 0x6B8D,
  0x73AD, 0x73CD, 0x7BCD, 0x840E, 0x8C2F, 0x8C2F, 0x840E, 0x840E, 0x842F, 0x8C2F, 0x8C4F, 0x9470,
  0x9470, 0x9470, 0x9470, 0x9470, 0x9470, 0x9490, 0x9490, 0x9470, 0x9470, 0x8C4F, 0x8C50, 0x8C4F,
  0x8C4F, 0x8C4F, 0x9470, 0x9490, 0x9490, 0x94B1, 0x9CB1, 0x9CB1, 0x9CB1, 0x9CD1, 0x9CB1, 0x9CB1,
  0x9CB1, 0x94B1, 0x94B0, 0x94B1, 0x94B1, 0x94B1, 0x94B1, 0x94B1, 0x9491, 0x9491, 0x9490, 0x9490,
  0x8C70, 0x8C70, 0x8C70, 0x8C50, 0x8C50, 0x8430, 0x8430, 0x8430, 0x840F, 0x7C0F, 0x7BEF, 0x73CE,
  0x73CE, 0x7BEF, 0x7BEF, 0x7BEF, 0x7BCE, 0x7BEE, 0x7BCE, 0x7BEF, 0x7C0F, 0x840F, 0x840F, 0x840F,
  0x8430, 0x8430, 0x8430, 0x7C0F, 0x7BEF, 0x7C0F, 0x7BEF, 0x7BEF, 0x7BEF, 0x7BEF, 0x7BEF, 0x7BEF,
  0x7BEF, 0x7C10, 0x7C0F, 0x7BEF, 0x7BEF, 0x7BEF, 0x7BEF, 0x7C0F, 0x7BEF, 0x7C0F, 0x7BEF, 0x7C0F,
  0x7BEF, 0x7BEF, 0x7BEF, 0x7BEF, 0x73CF, 0x73CF, 0x73CF, 0x73CF, 0x73AF, 0x73AE, 0x73AE, 0x6B8E,
  0x6B8E, 0x6B8E, 0x6B8F, 0x6B8F, 0x6B8E, 0x6B8E, 0x6B8E, 0x6B8E, 0x738E, 0x6B8E, 0x6B8F, 0x6B8F,
  0x6B8F, 0x6B8F, 0x6B6E, 0x636E, 0x634E, 0x634E, 0x634E, 0x634E, 0x634E, 0x634E, 0x634E, 0x5B2D,
  0x5B2D, 0x5B4D, 0x5B2D, 0x5B0D, 0x530C, 0x530C, 0x52EC, 0x4ACC, 0x4AAC, 0x42AB, 0x428B, 0x428B,
  0x426A, 0x426A, 0x426A, 0x426A, 0xBD93, 0xBD93, 0xBD93, 0xBD93, 0xBD93, 0xBD93, 0xBD93, 0xBD93,
  0xBD93, 0xBD93, 0xC593, 0xC593, 0xC593, 0xC593, 0xC593, 0xC593, 0xBD93, 0xBD93, 0xBD93, 0xBD93,
  0xBD93, 0xBD93, 0xBD93, 0xBD93, 0xBD93, 0xBD93, 0xBD93, 0xBD93, 0xBD93, 0xBD73, 0xBD73, 0xBD93,
  0xBD73, 0xBD73, 0xBD73, 0xBD72, 0xB552, 0xB552, 0xB531, 0xB531, 0xAD11, 0xAD11, 0xAD11, 0xACF0,
  0xACF0, 0xACF0, 0xACF0, 0xACF0, 0xACF0, 0xAD10, 0xACF0, 0xACF0, 0xACF0, 0xACF0, 0xACF0, 0xACF0,
  0xACF0, 0xACF0, 0xACF0, 0xACF0, 0xACF0, 0xACF0, 0xACF0, 0xACF0, 0xA4D0, 0xA4D0, 0xA4D0, 0xA4CF,
  0xA4AF, 0x9C8E, 0x9C8E, 0x9C6E, 0x9C8E, 0x946E, 0x944D, 0x9C6E, 0x9C6E, 0x9C6E, 0x9C6E, 0x944E,
  0x944E, 0x944E, 0x944E, 0x944E, 0x942E, 0x944E, 0x944E, 0x944E, 0x946E, 0x946E, 0x9C6E, 0x9C6E,
  0x9C6E, 0x946E, 0x944E, 0x9C6E, 0x9C6E, 0x9C8F, 0x9C6F, 0x946F, 0x9C6F, 0x9C6E, 0x9C6E, 0x944E,
  0x942E, 0x8C2E, 0x8C2E, 0x8C0E, 0x83ED, 0x83CD, 0x7BCD, 0x83ED, 0x7BCD, 0x73AC, 0x738C, 0x738C,
  0x73AC, 0x738C, 0x738C, 0x73AD, 0x73AD, 0x738C, 0x6B6C, 0x634C, 0x634C, 0x634C, 0x634C, 0x634C,
  0x634C, 0x632B, 0x634C, 0x6B6C, 0x6B6C, 0x6B6C, 0x6B8C, 0x738D, 0x738C, 0x738C, 0x738D, 0x6B8C,
  0x6B6C, 0x6B6C, 0x636D, 0x634C, 0x5B2B, 0x5B0B, 0x5B2B, 0x632C, 0x636C, 0x632C, 0x5B0B, 0x5B0B,
  0x5B0B, 0x5B0B, 0x5B0B, 0x634C, 0x634C, 0x6B6D, 0x6B6D, 0x6B6D, 0x636C, 0x6B6D, 0x6B6C, 0x6B6C,
  0x73AD, 0x7BEE, 0x7BEE, 0x7BCE, 0x73AD, 0x738D, 0x73AD, 0x738D, 0x73AD, 0x7BCD, 0x7BEE, 0x842E,
  0x8C4F, 0x8C2F, 0x842E, 0x840E, 0x840E, 0x8C2F, 0x8C2F, 0x944F, 0x946F, 0x9490, 0x9490, 0x9490,
  0x9490, 0x9CB0, 0x9C90, 0x9490, 0x9490, 0x9490, 0x9470, 0x9490, 0x946F, 0x8C6F, 0x9490, 0x9490,
  0x94B0, 0x9CB0, 0x9CD1, 0x9CD1, 0x9CD1, 0x9CD1, 0x9CD1, 0x9CD1, 0x9CD1, 0x9CD1, 0x9CD1, 0x9CB1,
  0x9CB1, 0x9CB1, 0x9CB1, 0x9CB1, 0x9CB1, 0x94B1, 0x94B1, 0x94B1, 0x9490, 0x9491, 0x9490, 0x9470,
  0x9470, 0x8C50, 0x8C50, 0x8C50, 0x8430, 0x842F, 0x7C0F, 0x7BEF, 0x7BEF, 0x7C0F, 0x7BEF, 0x7BEF,
  0x7BEF, 0x7BEF, 0x7C0F, 0x7C0F, 0x840F, 0x8430, 0x842F, 0x842F, 0x8430, 0x8C30, 0x8450, 0x8430,
  0x840F, 0x7C0F, 0x8410, 0x840F, 0x7C0F, 0x7BEF, 0x7BEF, 0x7BEF, 0x7C10, 0x8410, 0x7BEF, 0x7BEF,
  0x7BEF, 0x7BEF, 0x7BEF, 0x7C10, 0x7C0F, 0x7C0F, 0x7BEF, 0x7BEF, 0x7BEF, 0x7C0F, 0x7BEF, 0x7BEF,
  0x73CF, 0x73CF, 0x73CF, 0x73AF, 0x73AF, 0x73AE, 0x6B8E, 0x6B8E, 0x6B8E, 0x6B8E, 0x6B8F, 0x6B8F,
  0x6B8F, 0x6B8E, 0x6B8E, 0x6BAF, 0x73AF, 0x6BAE, 0x6BAF, 0x6BAF, 0x6BAF, 0x6B8F, 0x6B8F, 0x6B8F,
  0x636E, 0x636E, 0x634E, 0x634E, 0x634E, 0x634E, 0x634E, 0x634E, 0x634E, 0x634E, 0x5B4D, 0x5B2D,
  0x5B2D, 0x530D, 0x530C, 0x52EC, 0x4ACC, 0x4ACC, 0x4AAB, 0x428B, 0x426A, 0x3A6A, 0x3A6A, 0x426A,
  0xBD73, 0xBD73, 0xBD73, 0xBD73, 0xBD93, 0xBD93, 0xBD93, 0xBD93, 0xBD93, 0xBD93, 0xBD93, 0xBD93,
  0xBD93, 0xC5B3, 0xBD93, 0xBD93, 0xBD93, 0xBD93, 0xBD93, 0xBD93, 0xBD93, 0xBD93, 0xBD93, 0xBD93,
  0xBD93, 0xBD93, 0xBD93, 0xBD93, 0xBD93, 0xBD93, 0xBD93, 0xBD93, 0xBD93, 0xBD73, 0xBD73, 0xBD72,
  0xBD72, 0xB552, 0xB552, 0xB531, 0xB531, 0xB531, 0xAD11, 0xAD11, 0xAD11, 0xAD11, 0xAD11, 0xAD11,
  0xAD11, 0xAD11, 0xAD11, 0xAD11, 0xAD11, 0xAD10, 0xAD10, 0xAD10, 0xACF0, 0xACF0, 0xACF0, 0xAD10,
  0xACF0, 0xACF0, 0xAD10, 0xACF0, 0xACF0, 0xACF0, 0xACF0, 0xACF0, 0xA4CF, 0xA4AF, 0x9CAF, 0x9CAF,
  0x9C8F, 0x9C8E, 0x9C8E, 0x9C8E, 0x9C8E, 0xA48E, 0x9C8E, 0x9C6E, 0x9C6E, 0x9C8E, 0x9C8F, 0x9C8F,
  0x9C6E, 0x9C6E, 0x946E, 0x9C6E, 0x9C6E, 0x9C6E, 0x9C6E, 0x9C6E, 0x9C6E, 0x9C8E, 0x9C8F, 0x9CAF,
  0x9CAF, 0x9CAF, 0x9C8F, 0x9C8F, 0x9C8F, 0x9C6E, 0x9C6E, 0x9C6E, 0x944E, 0x942E, 0x942E, 0x8C2E,
  0x8C2D, 0x8C0D, 0x8C2E, 0x8C2E, 0x840E, 0x7BCD, 0x7BCD, 0x7BCD, 0x73AC, 0x73AC, 0x738C, 0x73AD,
  0x73AD, 0x73AD, 0x73AD, 0x73AD, 0x73AD, 0x6B8C, 0x738C, 0x738D, 0x738D, 0x6B6C, 0x6B6C, 0x6B8C,
  0x6B8C, 0x73AC, 0x7BCD, 0x73CD, 0x73AD, 0x73AD, 0x73AD, 0x6B6C, 0x6B8D, 0x6B8D, 0x6B8D, 0x636C,
  0x634C, 0x5B4C, 0x634C, 0x6B6D, 0x6B8D, 0x6B6D, 0x5B2B, 0x632B, 0x634C, 0x6B6C, 0x6B6D, 0x6B8D,
  0x6B8D, 0x6B6C, 0x6B8D, 0x738D, 0x6B8D, 0x73AD, 0x73CD, 0x7BCD, 0x7BEE, 0x83EE, 0x83EE, 0x83EE,
  0x83EE, 0x7BCD, 0x7BCE, 0x7BAD, 0x83EE, 0x840E, 0x840E, 0x8C0E, 0x944F, 0x8C4F, 0x8C2E, 0x840E,
  0x840E, 0x8C2F, 0x8C4F, 0x944F, 0x9470, 0x9490, 0x9C90, 0x9C90, 0x9CB0, 0x9CB1, 0x9CB1, 0x9CB0,
  0x9CB0, 0x94B0, 0x9490, 0x9490, 0x9490, 0x9490, 0x9C90, 0x9CB0, 0x9CB1, 0x9CD1, 0x9CD1, 0xA4D1,
  0xA4D1, 0xA4D1, 0xA4D1, 0x9CD1, 0x9CD1, 0x9CD1, 0x9CD1, 0x9CD1, 0x9CD1, 0x9CD1, 0x9CD1, 0x9CB1,
  0x9CB1, 0x9CB1, 0x9CB1, 0x9CB1, 0x9CB1, 0x9CB1, 0x94B1, 0x9491, 0x9490, 0x9470, 0x8C70, 0x8C50,
  0x8C50, 0x842F, 0x842F, 0x842F, 0x842F, 0x842F, 0x842F, 0x840F, 0x840F, 0x840F, 0x840F, 0x842F,
  0x8430, 0x8C30, 0x8C50, 0x8C50, 0x8C50, 0x8C50, 0x8C50, 0x8430, 0x842F, 0x840F, 0x840F, 0x8410,
  0x8410, 0x7BEF, 0x7BEF, 0x7C0F, 0x8410, 0x8410, 0x7BEF, 0x7BEF, 0x7BEF, 0x7BEF, 0x7C0F, 0x7C10,
  0x7C10, 0x8410, 0x7C10, 0x7BEF, 0x7BEF, 0x7BEF, 0x7BEF, 0x7BEF, 0x7BEF, 0x73CF, 0x73CF, 0x73AF,
  0x73AE, 0x73AE, 0x6B8E, 0x6B8E, 0x6B8E, 0x6B8E, 0x6B8F, 0x6B8F, 0x6B8F, 0x6B8F, 0x6BAE, 0x6BAF,
  0x6BAF, 0x6BAE, 0x6BAF, 0x6BAF, 0x6BAF, 0x6BAF, 0x6B8F, 0x6B8F, 0x6B8F, 0x6B8F, 0x636E, 0x634E,
  0x634E, 0x634E, 0x634E, 0x636E, 0x636E, 0x636E, 0x636E, 0x634E, 0x5B4D, 0x5B2D, 0x5B2D, 0x530D,
  0x4ACC, 0x4ACC, 0x4AAB, 0x428B, 0x428B, 0x426A, 0x426A, 0x426A, 0xBD73, 0xBD73, 0xBD73, 0xBD73,
  0xBD73, 0xBD93, 0xBD93, 0xBD93, 0xBD93, 0xBD93, 0xBD93, 0xBD93, 0xBD93, 0xBD93, 0xBD93, 0xBDB3,
  0xBDB3, 0xBD93, 0xBD93, 0xBD93, 0xBD93, 0xBD93, 0xBD93, 0xBD93, 0xBD93, 0xBD93, 0xBD93, 0xBD93,
  0xBD93, 0xBD93, 0xBD93, 0xBD93, 0xBD93, 0xBD93, 0xBD73, 0xBD72, 0xBD72, 0xBD72, 0xB552, 0xB552,
  0xB552, 0xB552, 0xB532, 0xB531, 0xAD11, 0xB531, 0xB531, 0xB531, 0xB531, 0xB531, 0xB531, 0xB531,
  0xAD11, 0xB531, 0xAD31, 0xAD10, 0xAD10, 0xACF0, 0xAD10, 0xAD10, 0xAD10, 0xAD10, 0xAD10, 0xAD10,
  0xACF0, 0xACF0, 0xAD10, 0xAD10, 0xACF0, 0xA4D0, 0xA4AF, 0xA4CF, 0xA4AF, 0xA4AF, 0xA4AF, 0xA4AF,
  0xA4AF, 0xA4AF, 0xA4AF, 0xA48E, 0xA4AF, 0xA4AF, 0xA4AF, 0xA4AF, 0x9C8F, 0x9C8E, 0x9C6E, 0x9C8E,
  0x9C8F, 0x9C8E, 0x9C8E, 0x9C8E, 0x9C8E, 0x9C8F, 0xA4AF, 0xA4AF, 0xA4AF, 0xA4AF, 0xA4B0, 0xA4B0,
  0xA4AF, 0xA48F, 0x9C8F, 0x9C8F, 0x944E, 0x942E, 0x942E, 0x944E, 0x942E, 0x8C2E, 0x946E, 0x944E,
  0x8C2E, 0x840D, 0x840D, 0x83ED, 0x7BCD, 0x7BAD, 0x7BCD, 0x7BCD, 0x7BCD, 0x7BCD, 0x7BCD, 0x7BED,
  0x7BCD, 0x73AD, 0x73AD, 0x7BCD, 0x7BEE, 0x73CD, 0x73AD, 0x73AD, 0x73AD, 0x7BCD, 0x7BEE, 0x840E,
  0x7BEE, 0x7BAD, 0x73AD, 0x738D, 0x6B8D, 0x6B8D, 0x6B8D, 0x638D, 0x636C, 0x634C, 0x636C, 0x6B8D,
  0x73AD, 0x6BAD, 0x6B6D, 0x6B6C, 0x6B8D, 0x6B8D, 0x73AE, 0x73AE, 0x73AD, 0x6B6D, 0x6B6D, 0x73AD,
  0x7BCD, 0x7BEE, 0x840E, 0x840E, 0x83EE, 0x840E, 0x840E, 0x8C0E, 0x840E, 0x840E, 0x83EE, 0x840E,
  0x8C2F, 0x8C2F, 0x942E, 0x944F, 0x944F, 0x8C4F, 0x8C4F, 0x8C4F, 0x8C2F, 0x8C4F, 0x946F, 0x946F,
  0x946F, 0x946F, 0x9C90, 0x9C90, 0x9CB0, 0x9CB1, 0x9CD1, 0x9CB0, 0x9CB0, 0x9CB0, 0x94B0, 0x9490,
  0x9CB0, 0x9CB0, 0x9CB0, 0x9CB0, 0x9CD1, 0xA4D1, 0xA4D1, 0xA4D1, 0xA4F2, 0xA4D1, 0xA4D1, 0x9CD1,
  0x9CD1, 0x9CD1, 0x9CD1, 0x9CD1, 0x9CD1, 0x9CD2, 0x9CD2, 0x9CD1, 0x9CD2, 0x9CB1, 0x9CD1, 0x9CD1,
  0x9CD1, 0x9CD1, 0x9CB1, 0x9CB1, 0x9CB1, 0x94B1, 0x9490, 0x8C70, 0x8C70, 0x8C50, 0x8C50, 0x8C50,
  0x8450, 0x8C50, 0x8C70, 0x8C50, 0x8C50, 0x8C50, 0x8430, 0x8C50, 0x8C50, 0x8C50, 0x8C50, 0x8C50,
  0x8C50, 0x8C50, 0x8C50, 0x8430, 0x8430, 0x842F, 0x8430, 0x8430, 0x8430, 0x8410, 0x840F, 0x7C0F,
  0x8410, 0x7C10, 0x7C10, 0x7BEF, 0x7BEF, 0x7C0F, 0x7C10, 0x7C10, 0x7BEF, 0x7BEF, 0x7C0F, 0x7BEF,
  0x7BEF, 0x7BEF, 0x7BEF, 0x7BEF, 0x73CF, 0x73CF, 0x73CF, 0x73AF, 0x73AE, 0x6B8E, 0x6B8E, 0x6B6E,
  0x636E, 0x6B8E, 0x6B8F, 0x6B8F, 0x6B8F, 0x6BAF, 0x6BAF, 0x6BAE, 0x6BAE, 0x6BAF, 0x6BAF, 0x6BAF,
  0x6BAF, 0x6BAF, 0x6B8F, 0x6B8F, 0x6B8F, 0x6B8F, 0x636E, 0x636E, 0x636E, 0x6B6E, 0x6B6F, 0x6B8F,
  0x636E, 0x636E, 0x636E, 0x636E, 0x636E, 0x634E, 0x5B2D, 0x530D, 0x52EC, 0x4ACC, 0x4ACC, 0x4AAB,
  0x428B, 0x426A, 0x426A, 0x426A, 0xB552, 0xBD73, 0xBD73, 0xBD73, 0xBD73, 0xBD73, 0xBD73, 0xBD73,
  0xBD93, 0xBD93, 0xBD93, 0xBD93, 0xBD93, 0xBD93, 0xBD93, 0xBD93, 0xC594, 0xC594, 0xC594, 0xBD93,
  0xBD93, 0xC593, 0xC593, 0xC593, 0xC593, 0xBD93, 0xC593, 0xC593, 0xC593, 0xBD93, 0xBD93, 0xBD93,
  0xBD93, 0xBD93, 0xBD93, 0xBD73, 0xBD73, 0xBD73, 0xB552, 0xB552, 0xB552, 0xB552, 0xB552, 0xB552,
  0xB532, 0xB532, 0xB532, 0xB532, 0xB552, 0xB532, 0xB532, 0xB532, 0xB532, 0xB531, 0xB531, 0xB531,
  0xB531, 0xAD11, 0xB511, 0xB511, 0xAD10, 0xAD10, 0xAD10, 0xB510, 0xB511, 0xB511, 0xB510, 0xAD10,
  0xAD10, 0xACF0, 0xACF0, 0xACF0, 0xACD0, 0xACD0, 0xACD0, 0xACF0, 0xACF0, 0xACD0, 0xA4CF, 0xA4AF,
  0xA4AF, 0xA4CF, 0xA4D0, 0xA4D0, 0xA4CF, 0xA4AF, 0xA4AF, 0xA4AF, 0x9C8F, 0x9C8F, 0xA4AF, 0xA4AF,
  0xA4AF, 0xA4AF, 0xA4B0, 0xA4D0, 0xA4D0, 0xA4D0, 0xA4D0, 0xA4D0, 0xA4AF, 0x9CAF, 0x9CAF, 0x9C8F,
  0x9C8E, 0x946E, 0x944E, 0x944E, 0x946E, 0x946E, 0x946E, 0x944E, 0x8C2E, 0x8C2E, 0x8C2E, 0x840D,
  0x7BCD, 0x7BCD, 0x7BED, 0x7BCD, 0x7BCD, 0x7BCD, 0x7BED, 0x83ED, 0x7BED, 0x7BCD, 0x7BCD, 0x7BED,
  0x7BEE, 0x7BCD, 0x7BCD, 0x7BCD, 0x7BCD, 0x83ED, 0x840E, 0x840E, 0x83EE, 0x83CD, 0x7BCD, 0x73AD,
  0x738D, 0x6B8D, 0x73AD, 0x73AD, 0x6B8D, 0x6B6C, 0x6B6D, 0x6B8D, 0x73AD, 0x73CD, 0x73CD, 0x6B8D,
  0x6B8D, 0x73AE, 0x7BCD, 0x83EE, 0x7BEE, 0x73AD, 0x73AD, 0x7BCD, 0x83EE, 0x840E, 0x8C2F, 0x8C2F,
  0x8C2F, 0x8C2E, 0x8C2E, 0x8C2F, 0x8C2F, 0x8C2F, 0x8C4F, 0x946F, 0x946F, 0x946F, 0x946F, 0x946F,
  0x946F, 0x944F, 0x946F, 0x946F, 0x946F, 0x946F, 0x946F, 0x9470, 0x9470, 0x9470, 0x9470, 0x9C90,
  0x9CB0, 0x9CB1, 0xA4D1, 0x9CB1, 0x9CB1, 0x9CB1, 0x9CB0, 0x9CB1, 0x9CD1, 0x9CD1, 0x9CB1, 0xA4B1,
  0xA4D1, 0xA4D1, 0xA4D1, 0xA4F2, 0xA4F2, 0xA4D1, 0xA4D1, 0xA4D1, 0xA4D1, 0xA4D1, 0x9CD1, 0x9CD1,
  0x9CD1, 0x9CB1, 0x9CD1, 0xA4D1, 0xA4D1, 0xA4D2, 0x9CD1, 0x9CD1, 0x9CD1, 0x9CD1, 0x9CD1, 0x9CB1,
  0x9CB1, 0x9CB1, 0x9490, 0x9490, 0x9470, 0x9490, 0x8C70, 0x8C90, 0x8C70, 0x8C70, 0x8C70, 0x9470,
  0x9470, 0x8C70, 0x8C70, 0x8C70, 0x8C70, 0x8C50, 0x8C50, 0x8C50, 0x8C70, 0x8C70, 0x8C70, 0x8C50,
  0x8C50, 0x8C50, 0x8C50, 0x8C50, 0x8450, 0x8430, 0x840F, 0x842F, 0x840F, 0x8410, 0x7C0F, 0x7BEF,
  0x7BEF, 0x7C0F, 0x8410, 0x7C10, 0x7BEF, 0x7BEF, 0x7BEF, 0x7BEF, 0x7BEF, 0x7BEF, 0x7BEF, 0x7BEF,
  0x73CF, 0x73CF, 0x73AF, 0x73AF, 0x6B8E, 0x6B8E, 0x6B6E, 0x6B8E, 0x6B8E, 0x6B8E, 0x6B8E, 0x6B8E,
  0x6B8E, 0x6B8E, 0x73AF, 0x6BAF, 0x6BAF, 0x6BAF, 0x6BAF, 0x6BAE, 0x6BAE, 0x6BAF, 0x6BAF, 0x6BAF,
  0x6B8F, 0x6B6E, 0x636E, 0x636E, 0x636E, 0x6B8F, 0x6B8F, 0x6B8F, 0x6B8F, 0x6B8F, 0x6B8F, 0x6B8F,
  0x636E, 0x634E, 0x5B2D, 0x5B0D, 0x530D, 0x52EC, 0x4ACC, 0x4ACC, 0x42AB, 0x428B, 0x426A, 0x428B,
  0xB552, 0xB573, 0xBD53, 0xBD53, 0xBD73, 0xBD72, 0xBD73, 0xBD73, 0xBD73, 0xBD93, 0xBD93, 0xBD93,
  0xBD93, 0xBD93, 0xBD93, 0xBD93, 0xBD93, 0xBD93, 0xBD93, 0xBD93, 0xBD93, 0xBD93, 0xBD93, 0xBD93,
  0xBD93, 0xBD93, 0xBD93, 0xBD93, 0xBD93, 0xBD93, 0xBD93, 0xBD93, 0xBD93, 0xBD93, 0xBD93, 0xBD93,
  0xBD73, 0xBD73, 0xBD72, 0xB552, 0xBD72, 0xB552, 0xB552, 0xB552, 0xB552, 0xB552, 0xB552, 0xB552,
  0xBD72, 0xB552, 0xB552, 0xB552, 0xB552, 0xB552, 0xB552, 0xB552, 0xB552, 0xB531, 0xB531, 0xB531,
  0xB531, 0xB511, 0xB510, 0xB531, 0xB531, 0xB531, 0xB511, 0xAD10, 0xAD10, 0xAD10, 0xAD10, 0xAD10,
  0xACF0, 0xACF0, 0xAD10, 0xAD10, 0xB510, 0xAD10, 0xACF0, 0xA4CF, 0xA4CF, 0xA4D0, 0xACF0, 0xACF0,
  0xACF0, 0xA4D0, 0xA4D0, 0xA4D0, 0xA4AF, 0xA4AF, 0xA4CF, 0xA4D0, 0xA4D0, 0xA4D0, 0xACD0, 0xACF0,
  0xA4F0, 0xACF0, 0xACF0, 0xACF0, 0xA4D0, 0xA4CF, 0xA4CF, 0x9CAF, 0x9CAF, 0x9C8F, 0x946F, 0x944E,
  0x944E, 0x946E, 0x944E, 0x944E, 0x944F, 0x946F, 0x8C4E, 0x8C0E, 0x83ED, 0x83ED, 0x83ED, 0x83ED,
  0x7BCD, 0x7BCD, 0x7BCD, 0x840E, 0x83ED, 0x7BED, 0x840E, 0x83EE, 0x83EE, 0x83EE, 0x83EE, 0x83EE,
  0x83EE, 0x83EE, 0x8C0E, 0x840E, 0x83EE, 0x83EE, 0x83EE, 0x7BCD, 0x73AD, 0x73CD, 0x73CD, 0x73AD,
  0x73AD, 0x738D, 0x6B8D, 0x73AD, 0x7BCE, 0x7BED, 0x7BEE, 0x7BCD, 0x7BAD, 0x7BEE, 0x83EE, 0x840E,
  0x840E, 0x83EE, 0x7BEE, 0x7BEE, 0x83EE, 0x840E, 0x8C2F, 0x8C4F, 0x8C4F, 0x8C4F, 0x944F, 0x944F,
  0x944F, 0x9470, 0x9470, 0x9490, 0x9490, 0x9C90, 0x9C90, 0x9C90, 0x9470, 0x9470, 0x9C90, 0x9470,
  0x9470, 0x9470, 0x9470, 0x9490, 0x9470, 0x9490, 0x9C90, 0x9C90, 0x9CB1, 0xA4D1, 0xA4D1, 0xA4D1,
  0x9CD1, 0x9CB1, 0x9CB1, 0x9CD1, 0xA4D1, 0xA4D2, 0xA4D2, 0xA4D2, 0xA4D2, 0xA4D2, 0xA4F2, 0xA4F2,
  0xA4F2, 0xA4F2, 0xA4D2, 0xA4D2, 0xA4D1, 0xA4D1, 0xA4D1, 0xA4D1, 0xA4D1, 0xA4D2, 0xA4D1, 0xA4D2,
  0xA4D2, 0xA4D2, 0x9CD1, 0x9CD1, 0x9CD1, 0x9CD1, 0x9CF2, 0x9CD1, 0x9CD1, 0x9CD1, 0x9CD1, 0x94B1,
  0x9490, 0x9491, 0x9491, 0x9491, 0x9490, 0x8C70, 0x9470, 0x9490, 0x9490, 0x9490, 0x9470, 0x9490,
  0x8C70, 0x8C70, 0x8C70, 0x8C70, 0x8C70, 0x8C70, 0x8C70, 0x8C50, 0x8C50, 0x8C50, 0x8C50, 0x8C70,
  0x8C50, 0x8430, 0x8430, 0x8430, 0x8430, 0x8430, 0x8430, 0x7C10, 0x7C10, 0x8410, 0x7C10, 0x7BEF,
  0x7BEF, 0x7BEF, 0x7BEF, 0x73CF, 0x73CF, 0x7BEF, 0x73CF, 0x73CF, 0x73CF, 0x73CF, 0x73AF, 0x73AE,
  0x6B8E, 0x6B8E, 0x6B8E, 0x6B8E, 0x6B8E, 0x6B8E, 0x6B8E, 0x6B8E, 0x73AF, 0x73AF, 0x73AF, 0x73CF,
  0x6BAF, 0x6BAF, 0x6BAF, 0x6BAE, 0x6BAF, 0x6BAF, 0x6B8F, 0x6B8F, 0x6B8F, 0x6B8E, 0x6B6E, 0x636E,
  0x6B6E, 0x6B8F, 0x6B8F, 0x6BAF, 0x6BAF, 0x6B8F, 0x6B8F, 0x6B8F, 0x636E, 0x636E, 0x634E, 0x5B4E,
  0x5B2D, 0x530D, 0x4ACC, 0x4ACC, 0x4AAB, 0x428B, 0x428B, 0x428B, 0xB552, 0xB552, 0xB553, 0xBD53,
  0xBD73, 0xB573, 0xBD73, 0xBD73, 0xBD73, 0xBD93, 0xBD93, 0xBD93, 0xBD93, 0xBD93, 0xBD93, 0xBD93,
  0xBD93, 0xBD93, 0xBD93, 0xBD93, 0xBD93, 0xBD93, 0xBD93, 0xBD93, 0xBD93, 0xBD93, 0xBD93, 0xBD93,
  0xBD93, 0xBD93, 0xBD93, 0xBD93, 0xBD93, 0xBD93, 0xBD93, 0xBD93, 0xBD93, 0xBD73, 0xBD73, 0xBD72,
  0xBD73, 0xBD72, 0xBD72, 0xBD72, 0xBD72, 0xBD73, 0xBD72, 0xBD72, 0xBD72, 0xB552, 0xBD72, 0xB552,
  0xBD72, 0xBD72, 0xB552, 0xB552, 0xB552, 0xB552, 0xB552, 0xB552, 0xB551, 0xB531, 0xB531, 0xB531,
  0xB531, 0xB531, 0xB531, 0xB511, 0xB511, 0xB531, 0xB531, 0xB531, 0xB511, 0xB511, 0xB510, 0xAD10,
  0xB510, 0xB510, 0xAD10, 0xACF0, 0xACF0, 0xACF0, 0xAD10, 0xAD10, 0xACF0, 0xACF0, 0xACF0, 0xACF0,
  0xACF0, 0xA4D0, 0xA4D0, 0xA4D0, 0xA4D0, 0xACF0, 0xACF1, 0xACF0, 0xACF0, 0xAD11, 0xACF0, 0xACF0,
  0xAD10, 0xACF0, 0xA4D0, 0xA4D0, 0xA4AF, 0x9C8F, 0x9C6F, 0x946E, 0x946E, 0x9C6E, 0x944E, 0x944E,
  0x9C6F, 0x946F, 0x944F, 0x8C2E, 0x8C0E, 0x840D, 0x83ED, 0x83ED, 0x7BCD, 0x7BAD, 0x7BCD, 0x840E,
  0x840D, 0x83ED, 0x840E, 0x840E, 0x840E, 0x8C2E, 0x840E, 0x840E, 0x840E, 0x840E, 0x840E, 0x840E,
  0x8C0E, 0x8C0E, 0x840E, 0x840E, 0x7BEE, 0x7BEE, 0x7BEE, 0x7BCD, 0x7BCD, 0x7BCE, 0x7BCD, 0x7BEE,
  0x840E, 0x8C0E, 0x840E, 0x840E, 0x840E, 0x840E, 0x8C0E, 0x8C2E, 0x8C2E, 0x840E, 0x840E, 0x840E,
  0x83EE, 0x840E, 0x8C2E, 0x8C2F, 0x944F, 0x946F, 0x9C90, 0x9CB0, 0x9CB0, 0x9CB0, 0x9C90, 0x9C90,
  0x9CB0, 0x9CB0, 0x9CB0, 0x9CB0, 0x9CB0, 0x9CB0, 0x9CB0, 0x9CB0, 0x9CB0, 0x9C90, 0x9C90, 0x9C90,
  0x9C90, 0x9C90, 0x9C90, 0x9C90, 0x9CB1, 0x9CB1, 0xA4D1, 0xA4D1, 0xA4D1, 0xA4D1, 0xA4D1, 0xA4F1,
  0xA4F2, 0xA4F2, 0xA4F2, 0xA4F2, 0xA4F2, 0xA4F2, 0xA4F2, 0xA4F2, 0xA4F2, 0xA4F2, 0xA4D2, 0xA4D1,
  0xA4D1, 0xA4D1, 0xA4D1, 0xA4D1, 0xA4D1, 0xA4F2, 0xA4D2, 0xA4D2, 0xA4D2, 0xA4D2, 0x9CD2, 0x9CF2,
  0xA4F2, 0x9CD1, 0x9CD1, 0x9CD1, 0x9CD1, 0x9CD1, 0x9CB1, 0x9CB1, 0x9CD1, 0x9CB1, 0x94B1, 0x94B1,
  0x9491, 0x9491, 0x9491, 0x9491, 0x9491, 0x9490, 0x9470, 0x9490, 0x9491, 0x9470, 0x8C70, 0x9470,
  0x8C70, 0x8C70, 0x8C70, 0x8C70, 0x8C50, 0x8C51, 0x8C70, 0x8C70, 0x8C50, 0x8C50, 0x8450, 0x8430,
  0x8430, 0x8430, 0x8430, 0x8430, 0x8430, 0x8410, 0x7C10, 0x7C0F, 0x7C10, 0x7BEF, 0x7BF0, 0x7BEF,
  0x7BEF, 0x7BEF, 0x73CF, 0x73CF, 0x73CF, 0x73AF, 0x73CF, 0x73AF, 0x6B8E, 0x73AE, 0x6B8E, 0x6B8E,
  0x6B8E, 0x6B8E, 0x6B8E, 0x6BAF, 0x73AF, 0x73CF, 0x73AF, 0x6BAF, 0x6BAF, 0x73CF, 0x73CF, 0x6BAF,
  0x6BAF, 0x6B8F, 0x6B8F, 0x6B8E, 0x6B6E, 0x6B8E, 0x6B6E, 0x636E, 0x6B8F, 0x6B8F, 0x6B8F, 0x6BAF,
  0x6BAF, 0x6BAF, 0x6BAF, 0x6B8F, 0x6B8E, 0x6B8F, 0x636E, 0x634E, 0x5B4D, 0x530D, 0x52EC, 0x4ACC,
  0x4ACC, 0x4AAB, 0x4AAB, 0x42AB, 0xAD32, 0xB552, 0xB553, 0xB553, 0xB553, 0xB573, 0xBD73, 0xBD73,
  0xBD73, 0xBD73, 0xBD73, 0xBD73, 0xBD93, 0xBD93, 0xBD93, 0xBD93, 0xBD93, 0xBD93, 0xBD93, 0xBD93,
  0xBD93, 0xBD93, 0xBD93, 0xBD93, 0xBD93, 0xBD93, 0xBD93, 0xBD93, 0xBD93, 0xBD93, 0xBD93, 0xBD93,
  0xBD93, 0xBD93, 0xBD93, 0xBD93, 0xBD93, 0xBD93, 0xBD93, 0xBD73, 0xBD73, 0xBD73, 0xBD73, 0xBD73,
  0xBD73, 0xBD73, 0xBD73, 0xBD73, 0xBD72, 0xBD72, 0xBD72, 0xBD73, 0xBD72, 0xBD72, 0xBD72, 0xB552,
  0xB552, 0xBD72, 0xBD52, 0xBD52, 0xBD52, 0xB551, 0xB551, 0xB551, 0xB531, 0xB531, 0xB531, 0xB531,
  0xB531, 0xB531, 0xB531, 0xB531, 0xB531, 0xB531, 0xB511, 0xB511, 0xB511, 0xB511, 0xB510, 0xAD10,
  0xAD10, 0xAD10, 0xAD11, 0xAD11, 0xAD10, 0xAD10, 0xAD10, 0xAD10, 0xACF0, 0xACF0, 0xAD10, 0xAD11,
  0xACF0, 0xACF0, 0xAD11, 0xAD11, 0xAD11, 0xAD11, 0xAD11, 0xAD11, 0xAD11, 0xAD10, 0xACF0, 0xACF0,
  0xA4D0, 0xA4B0, 0x9CAF, 0x9C8F, 0x9C8F, 0x9C8F, 0x946E, 0x9C6E, 0x9C6F, 0x9C6F, 0x946F, 0x944F,
  0x8C2E, 0x8C0E, 0x840D, 0x83ED, 0x7BCD, 0x7BCC, 0x83ED, 0x8C2E, 0x8C2E, 0x840D, 0x840E, 0x8C2E,
  0x944F, 0x944F, 0x8C4F, 0x8C2E, 0x8C2E, 0x8C0E, 0x8C0E, 0x83EE, 0x8C2E, 0x8C4F, 0x8C4F, 0x840E,
  0x83EE, 0x7BED, 0x7C0E, 0x7BEE, 0x7BED, 0x840E, 0x840E, 0x842E, 0x8C4F, 0x946F, 0x946F, 0x944F,
  0x8C4F, 0x8C4E, 0x8C4F, 0x8C4F, 0x8C4F, 0x8C2F, 0x842E, 0x8C2E, 0x8C0E, 0x83EE, 0x8C2E, 0x944F,
  0x946F, 0x9C90, 0x9CB0, 0x9CB0, 0xA4D1, 0xA4D1, 0xA4D1, 0x9CD0, 0xA4B0, 0xA4D0, 0xA4D0, 0xA4D0,
  0x9CB0, 0x9CB0, 0x9CB0, 0x9CB0, 0x9CB0, 0x9CB0, 0x9CD0, 0x9CB0, 0x9CB0, 0x9CD0, 0x9CB1, 0x9CB0,
  0x9CB1, 0x9CB1, 0xA4D1, 0xA4D1, 0xA4D1, 0xA4D1, 0xA4D1, 0xA4F1, 0xA4F2, 0xA4F2, 0xA4F2, 0xA4F2,
  0xA4F2, 0xA4F2, 0xA4F2, 0xA4F2, 0xA4F2, 0xA4F2, 0xA4F2, 0xA4F2, 0xA4F2, 0xA4F2, 0xA4F2, 0xA4F2,
  0xA4F2, 0xA4F2, 0xA4F2, 0xA4D2, 0xA4F2, 0xA4F2, 0xA4D2, 0xA4D2, 0xA4D2, 0xA4D2, 0xA4D1, 0x9CD1,
  0x9CD1, 0x9CD1, 0x9CB1, 0x9CB1, 0x9CB1, 0x9CB1, 0x9CB1, 0x9CB1, 0x9CB1, 0x9491, 0x94B1, 0x9491,
  0x9491, 0x9491, 0x9490, 0x9491, 0x9491, 0x9471, 0x9471, 0x9470, 0x9470, 0x8C70, 0x8C70, 0x8C71,
  0x8C50, 0x8C50, 0x8C70, 0x8C70, 0x8C50, 0x8C50, 0x8C50, 0x8C50, 0x8C50, 0x8430, 0x8430, 0x8430,
  0x8430, 0x8430, 0x8410, 0x7C10, 0x7C10, 0x7C0F, 0x7C10, 0x7BF0, 0x7BEF, 0x7BEF, 0x7BEF, 0x7BEF,
  0x73CF, 0x73CF, 0x73CF, 0x73CF, 0x73AE, 0x73AF, 0x73AE, 0x6B8E, 0x6B8E, 0x6BAF, 0x6B8E, 0x6B8E,
  0x73AF, 0x73AF, 0x73CF, 0x73AF, 0x73CF, 0x73CF, 0x73CF, 0x6BAF, 0x6BAF, 0x6B8F, 0x6B8E, 0x6B8E,
  0x636E, 0x6B8E, 0x6B6E, 0x6B6E, 0x6B8F, 0x6B8F, 0x6BAF, 0x6BAF, 0x6BAF, 0x73CF, 0x73CF, 0x73AF,
  0x6BAF, 0x6BAF, 0x636E, 0x636E, 0x636E, 0x5B2D, 0x530D, 0x4AEC, 0x4ACC, 0x4AAB, 0x4AAB, 0x4AAB,
  0xAD32, 0xB552, 0xB553, 0xB553, 0xB553, 0xB553, 0xB573, 0xB573, 0xBD73, 0xBD73, 0xBD73, 0xBD73,
  0xBD93, 0xBD73, 0xBD93, 0xBD93, 0xBD73, 0xBD93, 0xBD93, 0xBD73, 0xBD93, 0xBD93, 0xBD93, 0xBD93,
  0xBD93, 0xBD93, 0xBD93, 0xBD93, 0xBD93, 0xBD93, 0xBD93, 0xBD93, 0xBD93, 0xBD93, 0xBD93, 0xBD93,
  0xBD93, 0xBD93, 0xBD93, 0xBD93, 0xBD93, 0xBD93, 0xBD93, 0xBD93, 0xBD93, 0xBD93, 0xBD73, 0xBD73,
  0xBD93, 0xBD93, 0xBD73, 0xBD73, 0xBD73, 0xBD72, 0xBD72, 0xBD72, 0xBD72, 0xBD72, 0xBD72, 0xBD52,
  0xBD72, 0xBD52, 0xBD52, 0xBD52, 0xB551, 0xB551, 0xB551, 0xB551, 0xB551, 0xB551, 0xB551, 0xB551,
  0xB551, 0xB531, 0xB531, 0xB551, 0xB551, 0xB531, 0xB531, 0xB531, 0xB531, 0xB531, 0xAD11, 0xAD11,
  0xAD11, 0xAD10, 0xAD11, 0xAD11, 0xAD11, 0xAD11, 0xAD11, 0xAD11, 0xAD11, 0xB511, 0xB511, 0xB511,
  0xB511, 0xB511, 0xB531, 0xB511, 0xB511, 0xAD11, 0xAD10, 0xACF0, 0xACF0, 0xA4D0, 0xA4D0, 0xA4B0,
  0xA4AF, 0x9C8F, 0x9C8F, 0x9C8F, 0x9C8F, 0x9C8F, 0x9C8F, 0x9C8F, 0x944F, 0x8C2E, 0x8C0D, 0x8C0E,
  0x840E, 0x83ED, 0x8C2E, 0x8C4E, 0x944F, 0x8C2E, 0x8C4E, 0x944F, 0x946F, 0x946F, 0x946F, 0x944F,
  0x8C2E, 0x8C2E, 0x8C2E, 0x8C0E, 0x8C0E, 0x8C2F, 0x8C4E, 0x8C4E, 0x842E, 0x840E, 0x840E, 0x840E,
  0x840E, 0x8C2E, 0x8C2E, 0x944F, 0x946F, 0x946F, 0x9490, 0x94B0, 0x948F, 0x948F, 0x948F, 0x946F,
  0x946F, 0x944F, 0x8C4F, 0x8C2F, 0x8C0E, 0x8C0E, 0x8C4F, 0x9470, 0x9490, 0x9CB0, 0x9CD0, 0xA4D0,
  0xA4D1, 0xA4D1, 0xA4F1, 0xA4D1, 0xA4D1, 0xA4D1, 0xA4D0, 0xA4D0, 0xA4D1, 0xA4D1, 0xA4D1, 0xA4D0,
  0x9CB0, 0x9CB0, 0xA4D0, 0xA4D0, 0xA4D0, 0xA4D0, 0xA4D1, 0x9CB1, 0xA4D1, 0xA4D1, 0xA4D1, 0xA4D1,
  0xA4D1, 0xA4F1, 0xA4F2, 0xA4F2, 0xA4F2, 0xA512, 0xA512, 0xAD12, 0xAD12, 0xA4F2, 0xA4F2, 0xA4F2,
  0xA4F2, 0xA4F2, 0xA4F2, 0xA4F2, 0xA4F2, 0xA4F2, 0xA4F2, 0xA4F2, 0xA4F2, 0xA4F2, 0xA4D2, 0xA4F2,
  0xA4F2, 0xA4D2, 0xA4D2, 0xA4D2, 0xA4D2, 0xA4D2, 0xA4D1, 0x9CD1, 0x9CD1, 0x9CD1, 0x9CD1, 0x9CD1,
  0x9CB1, 0x9CB1, 0x9CB1, 0x9CB1, 0x9CB1, 0x9CB1, 0x9CB1, 0x94B1, 0x94B1, 0x94B1, 0x9491, 0x9491,
  0x9491, 0x9491, 0x9471, 0x9470, 0x9470, 0x8C70, 0x8C70, 0x8C71, 0x8C71, 0x8C50, 0x8C50, 0x8C50,
  0x8C50, 0x8C50, 0x8C50, 0x8C50, 0x8450, 0x8430, 0x8430, 0x8430, 0x8430, 0x8410, 0x8410, 0x8430,
  0x8410, 0x7C10, 0x7BF0, 0x7BF0, 0x7BEF, 0x7BEF, 0x7BEF, 0x7BEF, 0x7BEF, 0x73CF, 0x73CF, 0x73CF,
  0x73CF, 0x73CF, 0x73AF, 0x73AE, 0x6B8E, 0x6BAE, 0x6B8E, 0x6BAF, 0x73AF, 0x73AF, 0x73CF, 0x73CF,
  0x73CF, 0x73CF, 0x73CF, 0x6BAF, 0x6BAF, 0x6BAF, 0x6B8E, 0x6B8E, 0x636E, 0x636E, 0x636E, 0x636E,
  0x6B8F, 0x6B8F, 0x6BAF, 0x6BAF, 0x73CF, 0x73CF, 0x73CF, 0x73CF, 0x73CF, 0x6BCF, 0x6BAF, 0x638E,
  0x636E, 0x5B4D, 0x532D, 0x52EC, 0x4ACC, 0x4AAB, 0x4AAB, 0x428B, 0xAD12, 0xAD32, 0xB532, 0xB553,
  0xB553, 0xB552, 0xB553, 0xB573, 0xB573, 0xB573, 0xB573, 0xB573, 0xBD73, 0xBD93, 0xBD93, 0xBD93,
  0xBD93, 0xBD93, 0xBD93, 0xB552, 0xB552, 0xBD93, 0xBD93, 0xBD93, 0xBD93, 0xBD93, 0xBD93, 0xBD93,
  0xBD93, 0xBD93, 0xBD94, 0xBD93, 0xBD93, 0xBD93, 0xBD93, 0xBD93, 0xBD93, 0xBD93, 0xBD93, 0xBD93,
  0xBD93, 0xBD93, 0xBD93, 0xBD93, 0xBD93, 0xBD93, 0xBD93, 0xBD93, 0xBD93, 0xBD93, 0xBD92, 0xBD92,
  0xBD92, 0xBD92, 0xBD92, 0xBD92, 0xBD92, 0xBD72, 0xBD72, 0xBD72, 0xBD72, 0xBD72, 0xBD72, 0xBD72,
  0xBD52, 0xBD52, 0xBD52, 0xBD52, 0xBD52, 0xBD52, 0xB552, 0xB552, 0xBD52, 0xB552, 0xB551, 0xBD52,
  0xBD52, 0xBD52, 0xBD52, 0xB531, 0xB531, 0xB531, 0xB531, 0xB531, 0xB511, 0xB511, 0xB531, 0xB531,
  0xB531, 0xB531, 0xB531, 0xB511, 0xB531, 0xB531, 0xB511, 0xB531, 0xB531, 0xB531, 0xB531, 0xB531,
  0xB531, 0xB531, 0xAD11, 0xAD11, 0xACF1, 0xACF0, 0xA4D0, 0xA4D0, 0xA4D0, 0xA4B0, 0xA4B0, 0xA4D0,
  0xA4D0, 0x9CB0, 0x9CAF, 0x9C8F, 0x946F, 0x8C4E, 0x8C2E, 0x8C2E, 0x8C2E, 0x8C2E, 0x8C2E, 0x946F,
  0x946F, 0x946F, 0x946F, 0x944F, 0x946F, 0x9490, 0x9490, 0x946F, 0x8C4F, 0x8C4E, 0x8C4E, 0x8C2E,
  0x840E, 0x8C2E, 0x944F, 0x8C4F, 0x8C4E, 0x842E, 0x842E, 0x8C4E, 0x8C4F, 0x8C4F, 0x946F, 0x9490,
  0x9490, 0x9490, 0x9CB0, 0x9CB0, 0x9CD0, 0x9CB0, 0x9CB0, 0x9C90, 0x9C90, 0x948F, 0x946F, 0x946F,
  0x944E, 0x944F, 0x946F, 0x946F, 0x9C90, 0x9CB0, 0xA4D0, 0xA4D1, 0xA4D1, 0xA4F1, 0xA4F1, 0xA4F1,
  0xA4F1, 0xACF1, 0xA4D1, 0xA4D1, 0xA4D1, 0xA4D1, 0xA4D1, 0xA4D1, 0xA4D1, 0x9CB0, 0xA4D1, 0xA4D1,
  0xA4F1, 0xA4F1, 0xA4D1, 0xA4D1, 0xA4D1, 0xA4D1, 0xA4D1, 0xA4D1, 0xA4F2, 0xA4F2, 0xA4F2, 0xACF2,
  0xACF2, 0xACF2, 0xACF2, 0xAD12, 0xAD12, 0xA512, 0xA4F1, 0xA4F2, 0xA4F2, 0xA4F2, 0xA4D2, 0xA4F2,
  0xA4F2, 0xA4D2, 0xA4D1, 0xA4D1, 0xA4D1, 0x9CD2, 0x9CD1, 0x9CD1, 0xA4D2, 0x9CD1, 0xA4D1, 0xA4D2,
  0xA4D2, 0x9CD1, 0x9CD1, 0x9CD1, 0x9CD1, 0x9CD1, 0x9CD1, 0x9CD1, 0x9CD1, 0x9CB1, 0x9CB1, 0x9CB1,
  0x9CB1, 0x9CB1, 0x9CB1, 0x94B1, 0x9CB1, 0x94B1, 0x9491, 0x9491, 0x9491, 0x9491, 0x9491, 0x9491,
  0x9491, 0x8C91, 0x8C70, 0x8C71, 0x8C50, 0x8C70, 0x8C50, 0x8C51, 0x8C50, 0x8C50, 0x8430, 0x8430,
  0x8430, 0x8430, 0x8450, 0x8450, 0x8430, 0x8430, 0x8430, 0x8430, 0x8410, 0x7C10, 0x7C10, 0x7BF0,
  0x7BEF, 0x7BF0, 0x7BEF, 0x73EF, 0x7BEF, 0x7BEF, 0x73CF, 0x73CF, 0x73CF, 0x73CF, 0x73CF, 0x6BAF,
  0x6BAE, 0x6B8E, 0x6B8E, 0x6B8E, 0x6BAF, 0x73CF, 0x73CF, 0x73CF, 0x73CF, 0x73CF, 0x6BAF, 0x6BAF,
  0x6BAE, 0x6B8F, 0x6B8F, 0x6B6E, 0x636E, 0x636E, 0x636E, 0x636E, 0x6B8E, 0x6B8F, 0x6BAF, 0x73CF,
  0x73CF, 0x73D0, 0x73CF, 0x73CF, 0x73D0, 0x73D0, 0x6BAF, 0x6BAF, 0x638E, 0x5B6E, 0x5B4D, 0x530D,
  0x4AEC, 0x4ACC, 0x4ACC, 0x42AB, 0xA511, 0xAD32, 0xAD32, 0xAD32, 0xB532, 0xB552, 0xB552, 0xB553,
  0xB553, 0xB573, 0xB573, 0xB573, 0xB573, 0xB573, 0xB573, 0xB593, 0xB593, 0xB573, 0xB573, 0xA4F1,
  0xAD11, 0xB573, 0xBD93, 0xBD93, 0xBD93, 0xBD93, 0xBD93, 0xBD93, 0xBD93, 0xBD93, 0xBD94, 0xBD93,
  0xBD93, 0xBD93, 0xBD93, 0xBD93, 0xBD93, 0xBD93, 0xBD93, 0xBD93, 0xBD93, 0xBD93, 0xBD93, 0xBD93,
  0xBD93, 0xBD93, 0xBD93, 0xBD93, 0xBD93, 0xBD93, 0xBD93, 0xBD93, 0xBD93, 0xBD93, 0xBD93, 0xBD93,
  0xBD93, 0xBD93, 0xBD73, 0xBD72, 0xBD72, 0xBD93, 0xBD72, 0xBD72, 0xBD72, 0xBD72, 0xBD72, 0xBD72,
  0xBD72, 0xBD52, 0xBD52, 0xBD52, 0xBD52, 0xBD52, 0xBD52, 0xBD52, 0xBD52, 0xBD52, 0xBD52, 0xB552,
  0xB551, 0xB551, 0xB531, 0xB551, 0xB531, 0xB532, 0xB531, 0xB532, 0xB532, 0xB532, 0xB531, 0xB531,
  0xB531, 0xB531, 0xB531, 0xB531, 0xB532, 0xB532, 0xB531, 0xB532, 0xB531, 0xB531, 0xB531, 0xAD11,
  0xAD11, 0xACF1, 0xACF0, 0xA4D0, 0xA4D0, 0xA4D0, 0xA4D0, 0xA4D0, 0xA4D0, 0xA4D0, 0xA4B0, 0x9C8F,
  0x9C8F, 0x946F, 0x944F, 0x944F, 0x946F, 0x946F, 0x946F, 0x9C8F, 0x9CB0, 0x9CB0, 0x9C90, 0x9C8F,
  0x9C90, 0x9C90, 0x9CB0, 0x9C90, 0x946F, 0x946F, 0x944F, 0x8C2E, 0x8C2E, 0x944F, 0x944F, 0x944F,
  0x946F, 0x8C4F, 0x8C6F, 0x946F, 0x9470, 0x9470, 0x9470, 0x9490, 0x9490, 0x9C90, 0x9CB0, 0xA4D0,
  0xA4D1, 0xA4D1, 0xA4D1, 0xA4D0, 0x9CB0, 0x9CB0, 0x9CB0, 0x9C90, 0x948F, 0x948F, 0x9C90, 0x9CB0,
  0x9CB0, 0xA4B0, 0xA4D0, 0xA4D1, 0xA4F1, 0xA4F1, 0xACD1, 0xACF1, 0xACF1, 0xACF1, 0xACD1, 0xA4D1,
  0xA4F1, 0xA4F1, 0xA4F1, 0xA4F1, 0xA4D1, 0xA4D1, 0xA4F1, 0xA4F1, 0xA4F1, 0xA4F1, 0xA4D1, 0xA4F2,
  0xA4D1, 0xA4D2, 0xA4F2, 0xA4F2, 0xA4F2, 0xA512, 0xACF2, 0xACF2, 0xAD12, 0xAD12, 0xACF2, 0xAD12,
  0xACF2, 0xA4F2, 0xA4F1, 0xA4F1, 0xA4F1, 0xA4F2, 0xA4D2, 0xA4D2, 0xA4D1, 0x9CD1, 0x9CD1, 0xA4D1,
  0x9CD1, 0x9CD1, 0x9CD1, 0x9CD1, 0x9CD1, 0x9CD1, 0x9CB1, 0x9CB1, 0x9CB1, 0x9CB1, 0x9CB1, 0x9CB1,
  0x9CD1, 0x9CD1, 0x9CB1, 0x9CB1, 0x9CB1, 0x9CB1, 0x9CB1, 0x9CB1, 0x9CB1, 0x94B1, 0x9CB1, 0x9CB1,
  0x9CB1, 0x94B1, 0x9491, 0x9491, 0x9491, 0x9491, 0x9491, 0x9491, 0x9491, 0x8C70, 0x8C70, 0x8C70,
  0x8C50, 0x8C50, 0x8C51, 0x8C50, 0x8430, 0x8C30, 0x8430, 0x8430, 0x8430, 0x8430, 0x8450, 0x8450,
  0x8430, 0x8430, 0x8430, 0x8430, 0x8430, 0x8410, 0x8410, 0x7C10, 0x7BF0, 0x7BEF, 0x7BEF, 0x73CF,
  0x73CF, 0x7BEF, 0x73CF, 0x73CF, 0x73CF, 0x73CF, 0x6BAF, 0x6BAE, 0x6BAE, 0x6BAF, 0x6BAE, 0x6BAE,
  0x6BAF, 0x6BCF, 0x6BCF, 0x6BAF, 0x6BAF, 0x73CF, 0x6BAF, 0x6BAF, 0x6BAE, 0x6B8F, 0x6B8F, 0x6B6E,
  0x6B6E, 0x6B6E, 0x636E, 0x6B6E, 0x6B8E, 0x6B8F, 0x6BAF, 0x73CF, 0x73CF, 0x73D0, 0x73F0, 0x73F0,
  0x73F0, 0x73D0, 0x73D0, 0x6BAF, 0x6B8F, 0x636E, 0x5B6E, 0x5B2D, 0x530C, 0x4AEC, 0x4ACC, 0x4ACC,
  0xA4D1, 0xA4F1, 0xAD12, 0xAD12, 0xAD32, 0xAD32, 0xAD52, 0xB552, 0xB552, 0xB553, 0xB573, 0xB573,
  0xB573, 0xB573, 0xB573, 0xB573, 0xB573, 0xB573, 0xAD52, 0x9CB0, 0x9CB0, 0xAD32, 0xB573, 0xBD93,
  0xBD93, 0xBD93, 0xBD93, 0xBD93, 0xBD93, 0xBD93, 0xBD93, 0xBD93, 0xBD93, 0xBD93, 0xBD93, 0xBD93,
  0xBD93, 0xBD93, 0xBD93, 0xBD93, 0xBD93, 0xBD93, 0xBD93, 0xBD93, 0xBD93, 0xBD93, 0xBD93, 0xBD93,
  0xBD93, 0xBD93, 0xBD93, 0xBD93, 0xBD93, 0xBD93, 0xBD93, 0xBD93, 0xBD93, 0xBD93, 0xBD73, 0xBD93,
  0xBD93, 0xC593, 0xBD72, 0xBD72, 0xBD72, 0xBD72, 0xBD72, 0xBD72, 0xBD72, 0xBD72, 0xBD52, 0xBD52,
  0xBD52, 0xBD52, 0xBD52, 0xBD52, 0xBD52, 0xBD52, 0xBD52, 0xBD52, 0xBD52, 0xBD52, 0xB552, 0xBD52,
  0xB552, 0xBD52, 0xB552, 0xBD52, 0xBD52, 0xB532, 0xB531, 0xBD51, 0xBD52, 0xBD51, 0xBD51, 0xB531,
  0xB532, 0xBD52, 0xBD52, 0xBD52, 0xB552, 0xB551, 0xB531, 0xAD11, 0xAD11, 0xAD11, 0xAD11, 0xACF1,
  0xACF0, 0xA4D0, 0xACF0, 0xACF0, 0xA4D0, 0xA4D0, 0xA4D0, 0xA4B0, 0x9CAF, 0x9CB0, 0x9C8F, 0x948F,
  0x9C8F, 0x9C8F, 0x9C8F, 0x9CB0, 0x9CD0, 0x9CD0, 0x9CD0, 0x9CB0, 0x9CB0, 0x9CB0, 0x9CB0, 0x9C90,
  0x948F, 0x946F, 0x946F, 0x946F, 0x946F, 0x946F, 0x946F, 0x948F, 0x9C90, 0x9C90, 0x9490, 0x9C90,
  0x9490, 0x9C90, 0x9C90, 0x9CB0, 0x9CB0, 0x9CB0, 0xA4D0, 0xA4D1, 0xA4F1, 0xA4F1, 0xA4F1, 0xA4F1,
  0xA4D1, 0xA4D1, 0xA4D1, 0xA4D0, 0x9CB0, 0x9CB0, 0x9CB0, 0xA4D0, 0xA4D1, 0xA4D1, 0xA4F1, 0xA4F1,
  0xA4F1, 0xA4F1, 0xACF1, 0xACF1, 0xACF1, 0xA4D1, 0xACF1, 0xACF1, 0xACF1, 0xACF1, 0xA4F1, 0xA4F1,
  0xA4F1, 0xA4F1, 0xA4F1, 0xA4F1, 0xA4F1, 0xA4F1, 0xA4F1, 0xA4F1, 0xA4F1, 0xA4F2, 0xA4F2, 0xA4F2,
  0xA4F2, 0xAD12, 0xACF2, 0xACF2, 0xACF2, 0xACF2, 0xAD12, 0xAD12, 0xA4F2, 0xA4F2, 0xA4F1, 0xA4F1,
  0xA4F1, 0xA4F2, 0xA4D1, 0xA4D1, 0x9CD1, 0x9CD1, 0x9CD1, 0x9CD1, 0x9CB1, 0x9CB1, 0x9CB1, 0x9CB1,
  0x9CB1, 0x9CB1, 0x9CB1, 0x9CB1, 0x9CB1, 0x9CB1, 0x9CB1, 0x9CB1, 0x9CB1, 0x9CB1, 0x94B1, 0x94B1,
  0x94B1, 0x9CB1, 0x94B1, 0x94B1, 0x94B1, 0x9491, 0x9491, 0x9491, 0x9491, 0x9491, 0x9491, 0x9491,
  0x9491, 0x9491, 0x8C91, 0x8C91, 0x8C91, 0x8C70, 0x8C70, 0x8C70, 0x8450, 0x8C50, 0x8450, 0x8450,
  0x8430, 0x8430, 0x8430, 0x8430, 0x8430, 0x8430, 0x8430, 0x8430, 0x8430, 0x8430, 0x8430, 0x8430,
  0x8430, 0x8430, 0x8410, 0x7C10, 0x7BEF, 0x7BF0, 0x7BEF, 0x73CF, 0x73CF, 0x73CF, 0x73CF, 0x73CF,
  0x73CF, 0x73CF, 0x6BAF, 0x6B8E, 0x6B8E, 0x6B8F, 0x6B8E, 0x6B8E, 0x6BAE, 0x6BAF, 0x6BAF, 0x6BAF,
  0x6BAF, 0x6BAF, 0x6BAF, 0x6BAF, 0x6BAF, 0x6B8F, 0x6B8E, 0x6B8F, 0x6B8E, 0x6B8E, 0x6B8E, 0x6B8F,
  0x6B8F, 0x6B8F, 0x6BAF, 0x73AF, 0x73CF, 0x73D0, 0x73D0, 0x73F0, 0x73F0, 0x73D0, 0x73D0, 0x6BAF,
  0x6BAF, 0x638E, 0x636E, 0x5B4E, 0x530D, 0x52ED, 0x4ACC, 0x4ACC, 0x946F, 0x9C90, 0xA4F1, 0xAD32,
  0xAD32, 0xAD32, 0xAD32, 0xAD52, 0xB552, 0xB553, 0xB553, 0xB553, 0xB553, 0xB553, 0xB553, 0xB553,
  0xB553, 0xB573, 0xA4F1, 0x9CB0, 0x9CB0, 0xAD11, 0xB573, 0xB573, 0xBD93, 0xBD93, 0xBD73, 0xBD73,
  0xBD73, 0xBD73, 0xBD93, 0xBD93, 0xBD73, 0xBD93, 0xBD93, 0xBD73, 0xBD93, 0xBD93, 0xBD93, 0xBD93,
  0xBD93, 0xBD93, 0xBD93, 0xBD93, 0xBD93, 0xBD93, 0xBD93, 0xBD93, 0xBD93, 0xBD93, 0xBD93, 0xBD93,
  0xBD93, 0xBD93, 0xBD93, 0xBD93, 0xBD93, 0xBD93, 0xC593, 0xC593, 0xC593, 0xC593, 0xBD73, 0xBD72,
  0xBD72, 0xBD72, 0xBD72, 0xBD72, 0xBD73, 0xBD73, 0xBD72, 0xBD72, 0xBD52, 0xBD52, 0xBD52, 0xBD52,
  0xBD52, 0xBD52, 0xBD52, 0xBD52, 0xBD52, 0xBD52, 0xBD52, 0xBD52, 0xBD52, 0xBD52, 0xB552, 0xBD52,
  0xBD52, 0xBD52, 0xBD52, 0xBD52, 0xBD52, 0xBD51, 0xBD51, 0xB552, 0xB532, 0xB532, 0xBD52, 0xBD52,
  0xBD52, 0xB552, 0xB532, 0xB531, 0xAD11, 0xAD11, 0xAD11, 0xACF1, 0xACF1, 0xACF0, 0xACF0, 0xACF1,
  0xACF0, 0xACF0, 0xA4D0, 0xA4D0, 0xA4D0, 0xA4D0, 0xA4D0, 0x9CAF, 0x9C8F, 0x9C8F, 0x9CB0, 0x9CB0,
  0x9CB0, 0xA4D0, 0xA4D0, 0xA4D0, 0xA4D0, 0xA4D0, 0xA4D0, 0x9CB0, 0x948F, 0x946F, 0x946F, 0x946F,
  0x946F, 0x946F, 0x948F, 0x9C8F, 0x9CB0, 0x9CB0, 0xA4D0, 0xA4D0, 0x9CB0, 0x9CB0, 0x9CB0, 0x9CB0,
  0x9CB0, 0xA4B0, 0xA4D1, 0xA4D1, 0xA4F1, 0xA4F1, 0xA4F1, 0xA4F1, 0xA4F1, 0xA4F1, 0xA4F1, 0xA4F1,
  0xA4F1, 0xA4D1, 0xA4D1, 0xA4D1, 0xA4F1, 0xA4F1, 0xA4F1, 0xA4F1, 0xA4F1, 0xACF1, 0xACF1, 0xACF1,
  0xACF1, 0xACF1, 0xACF1, 0xACF1, 0xACF1, 0xACF1, 0xACF1, 0xACF1, 0xACF1, 0xACF1, 0xACF1, 0xACF1,
  0xACF1, 0xACF2, 0xA4F2, 0xA4F1, 0xA4F2, 0xA4F2, 0xA4F2, 0xAD12, 0xAD12, 0xACF2, 0xAD12, 0xAD12,
  0xAD12, 0xACF2, 0xACF2, 0xACF2, 0xA4F2, 0xA4F1, 0xA4F1, 0xA4D1, 0xA4D1, 0xA4D2, 0xA4D1, 0x9CB1,
  0x9CD1, 0x9CB1, 0x9CD1, 0x9CB1, 0x9CB1, 0x9CB1, 0x9CB1, 0x9CB1, 0x9CB1, 0x9CB1, 0x9CB1, 0x94B1,
  0x94B1, 0x94B1, 0x9491, 0x9CB1, 0x94B1, 0x94B1, 0x9CB1, 0x94B1, 0x94B1, 0x9491, 0x9491, 0x94B1,
  0x9491, 0x9491, 0x9491, 0x9491, 0x9491, 0x9491, 0x9471, 0x9491, 0x9491, 0x8C91, 0x8C91, 0x8C91,
  0x8C70, 0x8C70, 0x8C50, 0x8C50, 0x8C50, 0x8450, 0x8450, 0x8430, 0x8430, 0x8430, 0x8430, 0x8430,
  0x8430, 0x8430, 0x8430, 0x8430, 0x8430, 0x8430, 0x8430, 0x8430, 0x8430, 0x8430, 0x8410, 0x7C10,
  0x7C10, 0x7C10, 0x7BEF, 0x73EF, 0x73CF, 0x73CF, 0x73EF, 0x73CF, 0x73CF, 0x73CF, 0x6BAF, 0x6BAF,
  0x6B8E, 0x6B8E, 0x6B8E, 0x636E, 0x6B8E, 0x6BAE, 0x6BAE, 0x6B8E, 0x6BAF, 0x6BAF, 0x6BAF, 0x6BAF,
  0x6B8E, 0x6B8E, 0x6B8E, 0x6B8F, 0x6B8F, 0x6B8E, 0x6B8E, 0x6B8F, 0x6B8F, 0x6BAF, 0x6BAF, 0x73AF,
  0x73CF, 0x73D0, 0x73F0, 0x73F0, 0x73D0, 0x73D0, 0x73D0, 0x73D0, 0x6BAF, 0x6BAF, 0x636E, 0x634E,
  0x5B2D, 0x532D, 0x52ED, 0x52EC, 0x946F, 0x8C6F, 0x9CB1, 0xAD12, 0xAD12, 0xAD32, 0xAD32, 0xAD32,
  0xAD32, 0xAD52, 0xAD52, 0xAD52, 0xAD52, 0xAD52, 0xB552, 0xAD52, 0xAD53, 0xAD52, 0xA4D1, 0x948F,
  0x948F, 0xA4D0, 0xB552, 0xB573, 0xBD93, 0xB552, 0xB552, 0xBD73, 0xBD73, 0xBD73, 0xBD73, 0xBD73,
  0xBD73, 0xBD73, 0xBD73, 0xBD73, 0xBD93, 0xBD93, 0xBD93, 0xBD93, 0xBD93, 0xBD93, 0xBD93, 0xBD93,
  0xBD93, 0xBD93, 0xBD93, 0xBD93, 0xBD93, 0xBD93, 0xBD93, 0xBD93, 0xBD93, 0xBD93, 0xBD93, 0xBD93,
  0xBD93, 0xBD93, 0xC593, 0xC593, 0xC593, 0xC593, 0xBD93, 0xBD73, 0xBD73, 0xBD73, 0xBD73, 0xBD73,
  0xBD73, 0xBD72, 0xBD72, 0xBD72, 0xBD72, 0xBD72, 0xBD72, 0xB572, 0xB572, 0xB552, 0xB552, 0xBD52,
  0xBD52, 0xBD52, 0xBD52, 0xBD52, 0xBD52, 0xBD52, 0xBD52, 0xBD52, 0xBD52, 0xBD52, 0xBD52, 0xBD52,
  0xBD52, 0xBD52, 0xBD52, 0xBD52, 0xB552, 0xB552, 0xBD52, 0xBD52, 0xB552, 0xB552, 0xB532, 0xB532,
  0xAD11, 0xAD11, 0xAD11, 0xAD11, 0xACF0, 0xACF0, 0xACF0, 0xACF1, 0xACF1, 0xACF0, 0xACF0, 0xACF0,
  0xACF0, 0xA4D0, 0xA4D0, 0xA4B0, 0xA4AF, 0x9CAF, 0xA4B0, 0xA4B0, 0xA4B0, 0xA4D0, 0xA4D0, 0xA4D0,
  0x9CD0, 0xA4D0, 0xA4D0, 0x9CB0, 0x9C90, 0x948F, 0x946F, 0x946F, 0x948F, 0x9CB0, 0x9CB0, 0x948F,
  0x9CB0, 0xA4D0, 0xA4D1, 0xA4D1, 0xA4D1, 0x9CD0, 0x9CB0, 0x9CB0, 0xA4D0, 0xACD1, 0xACF1, 0xACF1,
  0xACF1, 0xACF1, 0xACF1, 0xACF1, 0xACF1, 0xACF1, 0xACF1, 0xACF1, 0xAD12, 0xACF1, 0xACF1, 0xACF1,
  0xACF1, 0xA4F1, 0xA4F1, 0xACF1, 0xACF1, 0xAD11, 0xACF1, 0xACF1, 0xACF1, 0xACF1, 0xACF1, 0xACF1,
  0xACF1, 0xAD11, 0xACF1, 0xACF1, 0xACF1, 0xACF1, 0xACF2, 0xACF1, 0xACF1, 0xACF2, 0xA4F1, 0xA511,
  0xA511, 0xA511, 0xA512, 0xAD12, 0xACF2, 0xACF2, 0xAD12, 0xAD12, 0xACF2, 0xACF2, 0xACF2, 0xA4F2,
  0xA4F1, 0xA4F1, 0xA4F1, 0xA4D1, 0xA4D1, 0xA4D1, 0x9CB1, 0x9CB1, 0x9CB1, 0x9CB1, 0x9CB1, 0x9CB1,
  0x9CB1, 0x9CB1, 0x9491, 0x9490, 0x9490, 0x9490, 0x9490, 0x9490, 0x9490, 0x9490, 0x9490, 0x9490,
  0x9490, 0x9490, 0x9490, 0x9490, 0x9490, 0x9491, 0x9491, 0x9491, 0x9491, 0x9490, 0x9490, 0x9490,
  0x9490, 0x9470, 0x9470, 0x9471, 0x8C71, 0x8C71, 0x8C70, 0x8C70, 0x8470, 0x8450, 0x8450, 0x8450,
  0x8450, 0x8430, 0x8450, 0x8430, 0x8430, 0x8430, 0x8430, 0x8430, 0x8430, 0x8430, 0x8430, 0x8430,
  0x8430, 0x8430, 0x8450, 0x8450, 0x8430, 0x8410, 0x8410, 0x7C10, 0x7BF0, 0x7BEF, 0x7BEF, 0x7C10,
  0x73EF, 0x73EF, 0x73CF, 0x73CF, 0x6BAF, 0x6BAF, 0x6BAF, 0x6B8E, 0x6B6E, 0x636E, 0x636E, 0x636E,
  0x6B8E, 0x6B8E, 0x6B8E, 0x6BAF, 0x6BAF, 0x6BAF, 0x6BAF, 0x6BAF, 0x6B8E, 0x6B8F, 0x6B8E, 0x6B8E,
  0x6B8F, 0x6B8F, 0x6B8F, 0x6BAF, 0x6BAF, 0x6BAF, 0x73CF, 0x73CF, 0x73D0, 0x73CF, 0x73D0, 0x73D0,
  0x73F0, 0x73D0, 0x73D0, 0x73D0, 0x6BD0, 0x6BAF, 0x6B8F, 0x636E, 0x5B4E, 0x5B2E, 0x532D, 0x530D,
  0x9470, 0x9490, 0x9CB1, 0xA512, 0xAD12, 0xAD12, 0xAD12, 0xAD12, 0xAD32, 0xAD33, 0xA512, 0xAD12,
  0xAD32, 0xAD52, 0xAD32, 0xA4F1, 0xAD52, 0xAD32, 0x9CB0, 0x946F, 0x946F, 0x9C8F, 0xB552, 0xB573,
  0xB553, 0xAD12, 0xB532, 0xB573, 0xB573, 0xB573, 0xB573, 0xBD73, 0xBD73, 0xBD73, 0xBD73, 0xBD73,
  0xBD93, 0xBD93, 0xBD93, 0xBD93, 0xBD93, 0xBD93, 0xBD93, 0xBD93, 0xBD93, 0xBD93, 0xBD93, 0xBD93,
  0xBD93, 0xBD93, 0xBD93, 0xBD93, 0xBD93, 0xBD93, 0xBD73, 0xBD93, 0xBD93, 0xC593, 0xC593, 0xC593,
  0xC593, 0xBD93, 0xBD93, 0xBD93, 0xBD93, 0xBD93, 0xBD93, 0xBD93, 0xBD93, 0xBD72, 0xBD72, 0xBD72,
  0xBD72, 0xBD72, 0xBD72, 0xBD72, 0xBD72, 0xB552, 0xBD52, 0xBD52, 0xBD52, 0xBD72, 0xBD72, 0xBD72,
  0xBD72, 0xBD52, 0xBD52, 0xBD72, 0xBD72, 0xBD72, 0xBD52, 0xBD52, 0xBD52, 0xBD52, 0xBD52, 0xBD52,
  0xB552, 0xB552, 0xB552, 0xB552, 0xB552, 0xB552, 0xB532, 0xB531, 0xB511, 0xAD11, 0xAD11, 0xAD11,
  0xACF1, 0xACF0, 0xACF1, 0xACF1, 0xACF1, 0xACF1, 0xACF1, 0xACF1, 0xACF1, 0xA4D0, 0xA4D0, 0xA4B0,
  0xA4B0, 0xA4B0, 0xA4B0, 0xA4D0, 0xA4D0, 0xA4D0, 0xA4D1, 0xA4D0, 0xA4D0, 0xA4D0, 0xA4D0, 0x9CB0,
  0x9CB0, 0x9C8F, 0x948F, 0x946F, 0x9C90, 0x9CB0, 0x9CB0, 0x9CB0, 0xA4D0, 0xA4D0, 0xA4F1, 0xA4F1,
  0xA4F1, 0xA4D1, 0xA4B0, 0xA4D1, 0xA4D1, 0xACF1, 0xACF1, 0xACF1, 0xACF1, 0xACF1, 0xACF1, 0xACF1,
  0xACF1, 0xACF1, 0xACF1, 0xACF1, 0xAD12, 0xAD12, 0xAD12, 0xAD12, 0xAD12, 0xAD11, 0xAD11, 0xAD11,
  0xAD11, 0xAD11, 0xAD11, 0xACF1, 0xAD12, 0xACF1, 0xACF1, 0xACF1, 0xACF1, 0xACF1, 0xACF1, 0xACF1,
  0xACF1, 0xACF2, 0xACF2, 0xACF2, 0xACF2, 0xACF2, 0xA4F2, 0xAD12, 0xAD12, 0xAD12, 0xAD12, 0xAD12,
  0xACF2, 0xACF2, 0xACF2, 0xACF2, 0xACF2, 0xACF2, 0xACF2, 0xA4D1, 0xA4D1, 0xA4D1, 0xA4F1, 0xA4D1,
  0xA4D1, 0x9CB1, 0x9CB1, 0x9CB1, 0x9CB1, 0x9CB0, 0x9CB0, 0x9CB0, 0x9490, 0x9490, 0x9490, 0x9490,
  0x9470, 0x9470, 0x9490, 0x9470, 0x9490, 0x9470, 0x9470, 0x9490, 0x9470, 0x9470, 0x9470, 0x9490,
  0x9490, 0x9491, 0x9491, 0x9491, 0x9470, 0x9470, 0x9490, 0x9470, 0x9470, 0x8C70, 0x9471, 0x9471,
  0x8C71, 0x8C71, 0x8C70, 0x8C70, 0x8450, 0x8C70, 0x8450, 0x8450, 0x8430, 0x8430, 0x7C30, 0x7C10,
  0x7C30, 0x8430, 0x8430, 0x8430, 0x8430, 0x8430, 0x8430, 0x8430, 0x8430, 0x8430, 0x8430, 0x8430,
  0x8430, 0x8410, 0x8410, 0x7C10, 0x7C10, 0x7BF0, 0x7BF0, 0x7C10, 0x73EF, 0x73EF, 0x73CF, 0x73CF,
  0x6BAF, 0x6BAF, 0x6BAF, 0x6B8E, 0x636E, 0x636E, 0x634E, 0x636E, 0x6B8E, 0x6B8E, 0x6B8E, 0x6BAF,
  0x6BAF, 0x6BAF, 0x6BAF, 0x73CF, 0x73CF, 0x6BAF, 0x6BAF, 0x6B8F, 0x6B8F, 0x6BAF, 0x6BAF, 0x6BAF,
  0x6BAF, 0x6BAF, 0x73D0, 0x73D0, 0x73CF, 0x73CF, 0x73D0, 0x73D0, 0x73F0, 0x73D0, 0x73F0, 0x73D0,
  0x73D0, 0x6BCF, 0x6BAF, 0x6B8E, 0x636E, 0x5B4E, 0x5B4E, 0x5B2D, 0x8C50, 0x8C2F, 0x9450, 0xA4F2,
  0xA4F2, 0xAD12, 0xAD12, 0xA4F2, 0xA4F2, 0xAD12, 0xA4D1, 0xA4D1, 0xAD12, 0xAD12, 0xA4F1, 0xA4D1,
  0xA4F1, 0x9CB0, 0x944F, 0x944E, 0x946F, 0x946F, 0xA4F1, 0xAD32, 0xAD32, 0xA4F1, 0xACF2, 0xB553,
  0xB533, 0xB553, 0xB573, 0xB573, 0xB553, 0xBD73, 0xBD73, 0xBD73, 0xBD73, 0xBD93, 0xBD93, 0xBD93,
  0xBD93, 0xBD93, 0xBD93, 0xBD93, 0xBD93, 0xBD93, 0xBD93, 0xBD93, 0xBD93, 0xBD93, 0xBD93, 0xBD93,
  0xBD93, 0xBD93, 0xBD93, 0xBD93, 0xBD93, 0xBD93, 0xBD93, 0xBD93, 0xBD93, 0xBD93, 0xBD93, 0xBD93,
  0xBD93, 0xBD93, 0xBD93, 0xBD93, 0xBD93, 0xBD73, 0xBD73, 0xBD73, 0xBD73, 0xBD73, 0xBD72, 0xBD52,
  0xBD52, 0xBD52, 0xBD52, 0xBD52, 0xB552, 0xB552, 0xBD72, 0xBD73, 0xBD73, 0xBD72, 0xBD73, 0xBD73,
  0xBD73, 0xBD52, 0xBD72, 0xBD72, 0xBD52, 0xBD52, 0xBD52, 0xBD52, 0xBD72, 0xBD72, 0xB552, 0xB552,
  0xB552, 0xB552, 0xB552, 0xB551, 0xB531, 0xAD11, 0xAD11, 0xACF1, 0xACF1, 0xACF1, 0xAD11, 0xAD11,
  0xACF1, 0xACF1, 0xACF1, 0xACF1, 0xACF1, 0xACD1, 0xA4D1, 0xA4D0, 0xA4B0, 0xA4B0, 0xA4B0, 0xA4D0,
  0xA4D0, 0xA4D0, 0xA4D1, 0xA4D1, 0xA4D1, 0xA4D1, 0xA4D1, 0xA4D1, 0x9CB0, 0x9CB0, 0x9CB0, 0x9CB0,
  0x9CB0, 0x9CB0, 0x9CB0, 0xA4B0, 0xA4D0, 0xA4D1, 0xA4D1, 0xACF1, 0xACF1, 0xA4D1, 0xA4D1, 0xA4F1,
  0xA4F1, 0xA4F1, 0xACF1, 0xAD11, 0xAD12, 0xAD12, 0xAD12, 0xAD12, 0xAD12, 0xAD12, 0xACF1, 0xACF1,
  0xAD12, 0xAD12, 0xAD12, 0xAD12, 0xACF1, 0xAD11, 0xAD11, 0xAD11, 0xAD11, 0xAD11, 0xAD12, 0xAD12,
  0xACF1, 0xACF1, 0xAD11, 0xACF1, 0xACF2, 0xACF1, 0xACF1, 0xACF1, 0xACF2, 0xACF2, 0xACF1, 0xA4F1,
  0xA4F1, 0xA4F1, 0xACF2, 0xACF2, 0xACF2, 0xACF2, 0xACF2, 0xACF2, 0xACF2, 0xACF2, 0xAD12, 0xACF1,
  0xA4F1, 0xA4F2, 0xA4F1, 0xA4D1, 0xA4D1, 0xA4D1, 0xA4D1, 0x9CD1, 0x9CB1, 0x9CB1, 0x9CB1, 0x9CB1,
  0x9C90, 0x9CB0, 0x9490, 0x9490, 0x9490, 0x9470, 0x9470, 0x9470, 0x9470, 0x9470, 0x9470, 0x9450,
  0x9470, 0x9470, 0x9470, 0x8C50, 0x8C50, 0x8C50, 0x9470, 0x9470, 0x9470, 0x8C71, 0x8C71, 0x8C71,
  0x8C50, 0x8C50, 0x8C71, 0x8C71, 0x8C71, 0x8C71, 0x8C71, 0x8C70, 0x8C70, 0x8C70, 0x8C50, 0x8C50,
  0x8430, 0x8430, 0x8430, 0x8430, 0x8410, 0x840F, 0x7C10, 0x7C10, 0x7C10, 0x7C10, 0x7C10, 0x7C10,
  0x8410, 0x8410, 0x8410, 0x8410, 0x8430, 0x8430, 0x8430, 0x8430, 0x8410, 0x8410, 0x7C10, 0x7C10,
  0x7C10, 0x7BF0, 0x7BF0, 0x7BF0, 0x73EF, 0x73F0, 0x73EF, 0x73CF, 0x73CF, 0x73CF, 0x6BAF, 0x6B8E,
  0x6B6E, 0x636E, 0x636E, 0x636E, 0x636E, 0x6BAF, 0x6BAF, 0x6BAF, 0x6BAF, 0x6BAF, 0x6BCF, 0x6BCF,
  0x73CF, 0x73AF, 0x6BAF, 0x6BAF, 0x6BAF, 0x73AF, 0x73CF, 0x73AF, 0x73CF, 0x73D0, 0x73D0, 0x73F0,
  0x73D0, 0x73F0, 0x73F0, 0x73D0, 0x73F0, 0x73F0, 0x73F0, 0x73F0, 0x6BCF, 0x6BCF, 0x6BAF, 0x6B8F,
  0x638E, 0x636E, 0x634E, 0x5B2E, 0x840E, 0x7BEE, 0x8C4F, 0x9CD1, 0x9CB1, 0xA512, 0xA4F2, 0xA4F2,
  0xA4F2, 0xA4F2, 0x9CB0, 0x9CB0, 0xA4F1, 0xA4F1, 0xA4D1, 0x9CB0, 0x9490, 0x946F, 0x944F, 0x944F,
  0x944F, 0x946F, 0x948F, 0x9CD0, 0xA4D1, 0x9CD0, 0xA4D1, 0xA4F1, 0xAD12, 0xB553, 0xB553, 0xB553,
  0xB553, 0xB553, 0xB573, 0xB573, 0xBD73, 0xBD73, 0xBD73, 0xBD93, 0xBD93, 0xBD93, 0xBD73, 0xBD93,
  0xBD93, 0xBD93, 0xBD93, 0xBD93, 0xBD93, 0xBD93, 0xBD93, 0xBD93, 0xBD93, 0xBD93, 0xBD93, 0xBD93,
  0xBD93, 0xBD93, 0xBD93, 0xBD93, 0xBD93, 0xBD93, 0xBD93, 0xBD93, 0xBD93, 0xBD93, 0xBD93, 0xBD93,
  0xBD93, 0xBD93, 0xBD73, 0xBD73, 0xBD73, 0xBD73, 0xBD72, 0xBD72, 0xBD72, 0xBD72, 0xBD52, 0xB552,
  0xB552, 0xB552, 0xBD72, 0xBD73, 0xBD73, 0xBD73, 0xBD73, 0xBD73, 0xBD73, 0xBD72, 0xBD72, 0xBD52,
  0xBD52, 0xBD72, 0xBD52, 0xBD52, 0xBD72, 0xBD72, 0xB552, 0xB552, 0xB552, 0xB552, 0xB552, 0xB552,
  0xB532, 0xAD11, 0xB511, 0xAD11, 0xACF1, 0xAD11, 0xAD11, 0xAD11, 0xACF1, 0xACF1, 0xACF1, 0xACF1,
  0xACF1, 0xACF1, 0xACD1, 0xA4D1, 0xA4D1, 0xA4B0, 0xA4B0, 0xA4D0, 0xA4D0, 0xA4D1, 0xA4D1, 0xA4D1,
  0xA4D1, 0xA4D0, 0xA4D0, 0xA4D1, 0x9CB0, 0xA4D0, 0xA4D0, 0x9CD0, 0xA4D1, 0xA4D1, 0xA4D0, 0xA4D0,
  0xA4D0, 0xA4F1, 0xA4F1, 0xA4F1, 0xACF1, 0xA4D1, 0xA4D1, 0xA4F1, 0xA4F1, 0xA4F1, 0xACF1, 0xAD11,
  0xAD11, 0xAD11, 0xAD11, 0xAD12, 0xAD12, 0xAD11, 0xAD11, 0xAD11, 0xAD12, 0xAD12, 0xAD12, 0xACF2,
  0xACF1, 0xAD11, 0xAD11, 0xACF1, 0xACF1, 0xAD11, 0xACF1, 0xACF1, 0xACF1, 0xA4F1, 0xA4F1, 0xA4F1,
  0xA4F1, 0xA4D1, 0xA4D1, 0xA4F1, 0xA4F1, 0xACF1, 0xA4F1, 0xA4D1, 0xA4F1, 0xA4F1, 0xA4F1, 0xACF2,
  0xACF2, 0xACF2, 0xACF2, 0xACF2, 0xA4F1, 0xA4F1, 0xA4F1, 0xA4F1, 0xA4F1, 0xA4F1, 0xA4D1, 0xA4D1,
  0xA4D1, 0xA4D1, 0x9CD1, 0x9CB1, 0x9CB1, 0x9CB1, 0x9CB1, 0x9C90, 0x9C90, 0x9490, 0x9490, 0x9470,
  0x8C50, 0x8C50, 0x8C50, 0x9470, 0x8C70, 0x8C4F, 0x8C2F, 0x8C2F, 0x8C50, 0x8C50, 0x8C50, 0x8C2F,
  0x8C30, 0x8C50, 0x8C50, 0x8C50, 0x8C50, 0x8C50, 0x8C50, 0x8C50, 0x8C50, 0x8C50, 0x8C50, 0x8C50,
  0x8C50, 0x8C50, 0x8C50, 0x8C50, 0x8450, 0x8430, 0x8430, 0x8430, 0x8430, 0x8430, 0x8430, 0x8430,
  0x7C0F, 0x7C0F, 0x7C0F, 0x7C0F, 0x7C0F, 0x7C0F, 0x7C0F, 0x7BEF, 0x7BEF, 0x7C10, 0x7C10, 0x7C10,
  0x7C10, 0x7C10, 0x7C10, 0x7C10, 0x7C10, 0x7C10, 0x7C10, 0x7C10, 0x7C10, 0x7BF0, 0x7BF0, 0x7C10,
  0x73EF, 0x73EF, 0x73CF, 0x73CF, 0x73CF, 0x6BAF, 0x6BAE, 0x6B8E, 0x636E, 0x636E, 0x636E, 0x638E,
  0x6B8E, 0x6B8F, 0x6BAF, 0x6BCF, 0x6BAF, 0x6BAF, 0x73CF, 0x6BCF, 0x6BAF, 0x73CF, 0x73AF, 0x6BAF,
  0x6BAF, 0x73CF, 0x73CF, 0x73D0, 0x73D0, 0x73D0, 0x73F0, 0x73F0, 0x73F0, 0x73F0, 0x73F0, 0x73F0,
  0x73D0, 0x73F0, 0x73F0, 0x73F0, 0x6BAF, 0x6BCF, 0x6BAF, 0x6B8F, 0x638E, 0x638E, 0x634E, 0x5B4E,
  0x7BEE, 0x83EE, 0x840E, 0x8C2F, 0x8C4F, 0x9CB1, 0xA4F2, 0xA4D1, 0xA4D1, 0xA4D1, 0x9490, 0x9490,
  0x9CD1, 0x9490, 0x9CD1, 0x9CB1, 0x946F, 0x8C4F, 0x8C2E, 0x8C4F, 0x8C4F, 0x944F, 0x946F, 0x9490,
  0x9CB0, 0x9CB1, 0x9CB0, 0x9CD1, 0xA4D1, 0xAD32, 0xB553, 0xB553, 0xB553, 0xB553, 0xB553, 0xB573,
  0xB573, 0xB573, 0xB593, 0xB552, 0xB552, 0xB573, 0xBD73, 0xBD73, 0xBD73, 0xBD93, 0xBD93, 0xBD93,
  0xBD93, 0xBD93, 0xBD93, 0xBD93, 0xBD93, 0xBD93, 0xBD93, 0xBD93, 0xBD93, 0xBD93, 0xBD93, 0xBD93,
  0xBD93, 0xBD93, 0xBD93, 0xBD93, 0xBD93, 0xBD93, 0xBD73, 0xBD73, 0xBD93, 0xBD93, 0xBD73, 0xBD73,
  0xBD73, 0xBD73, 0xBD72, 0xBD73, 0xBD72, 0xBD72, 0xB552, 0xB552, 0xB552, 0xBD72, 0xBD72, 0xBD72,
  0xBD72, 0xBD73, 0xBD73, 0xBD73, 0xBD73, 0xBD72, 0xBD72, 0xBD72, 0xBD72, 0xBD72, 0xBD72, 0xBD72,
  0xBD72, 0xBD72, 0xBD72, 0xB552, 0xB552, 0xB552, 0xB552, 0xB552, 0xB532, 0xB531, 0xB511, 0xACF1,
  0xACF1, 0xAD11, 0xAD11, 0xAD11, 0xACF1, 0xACF1, 0xACF1, 0xACF1, 0xACF1, 0xACF1, 0xACF1, 0xACF1,
  0xA4D1, 0xA4D1, 0xA4B0, 0xA4B0, 0xA4B0, 0xA4D0, 0xA4D1, 0xA4D1, 0xA4D1, 0xA4D0, 0xA4D1, 0xA4B0,
  0xA4D0, 0xA4D0, 0xA4D0, 0xA4D1, 0xA4D1, 0xA4D1, 0xA4D1, 0xA4F1, 0xA4F1, 0xA4F1, 0xA4F1, 0xA4F1,
  0xA4D1, 0xA4D1, 0xA4D1, 0xA4F1, 0xA4F1, 0xA4F1, 0xAD11, 0xACF1, 0xA4F1, 0xACF1, 0xACF1, 0xAD11,
  0xAD11, 0xACF1, 0xAD12, 0xAD11, 0xA4F1, 0xA4F1, 0xAD11, 0xACF1, 0xACF1, 0xACF1, 0xACF1, 0xACF1,
  0xACF1, 0xACF1, 0xACF1, 0xACF1, 0xA4F1, 0xA4D0, 0xA4D0, 0xA4D1, 0xA4D1, 0xA4D1, 0xA4D1, 0xA4D1,
  0xA4D1, 0xA4F1, 0xA4F1, 0xA4F1, 0xA4D1, 0x9CD1, 0xA4D1, 0xA4D1, 0xA4F1, 0xA4F1, 0xA4F1, 0xA4F1,
  0xA4F1, 0xA4F1, 0xA4F1, 0xA4F1, 0xA4D1, 0x9CD1, 0x9CD1, 0x9CD1, 0x9CD1, 0x9CB1, 0x9CB1, 0x9CB1,
  0x9CB1, 0x9CB1, 0x9490, 0x9470, 0x9470, 0x9470, 0x9470, 0x946F, 0x8C4F, 0x8C50, 0x8C50, 0x8C50,
  0x8C4F, 0x8C2F, 0x840F, 0x840F, 0x842F, 0x842F, 0x842F, 0x842F, 0x842F, 0x842F, 0x842F, 0x842F,
  0x842F, 0x8430, 0x8430, 0x8430, 0x8430, 0x8430, 0x8450, 0x8430, 0x8430, 0x8450, 0x8450, 0x8450,
  0x8450, 0x8430, 0x8430, 0x8430, 0x8430, 0x7C2F, 0x7C0F, 0x7C0F, 0x7BEF, 0x7BEF, 0x7BEF, 0x73EF,
  0x7BEF, 0x7BEF, 0x7BEF, 0x7BEF, 0x7BEF, 0x7BEF, 0x7BEF, 0x7BF0, 0x7C10, 0x7410, 0x7C10, 0x7C10,
  0x7C10, 0x7410, 0x7C10, 0x7C10, 0x7C10, 0x7C10, 0x7BF0, 0x7BF0, 0x73EF, 0x73CF, 0x73CF, 0x73CF,
  0x73CF, 0x73CF, 0x6B8E, 0x6B8E, 0x6B6E, 0x636E, 0x6B8E, 0x638E, 0x6B8E, 0x6B8E, 0x6BAF, 0x6BAF,
  0x6BCF, 0x6BCF, 0x6BCF, 0x6BCF, 0x6BAF, 0x6BAF, 0x73CF, 0x73AF, 0x73CF, 0x73D0, 0x73D0, 0x73D0,
  0x73F0, 0x73F0, 0x73F0, 0x73F0, 0x73F0, 0x73F0, 0x73F0, 0x73F0, 0x73D0, 0x73F0, 0x73F0, 0x73F0,
  0x6BCF, 0x6BAF, 0x6BAF, 0x6B8F, 0x638F, 0x638F, 0x636E, 0x636E, 0x7C0E, 0x7BEE, 0x7BEE, 0x7BEE,
  0x7BEE, 0x8C4F, 0xA4F2, 0x9CB1, 0x9CB1, 0x9CD1, 0x9490, 0x9470, 0x9470, 0x8C2E, 0x8C4F, 0x94B0,
  0x8C2F, 0x8C2E, 0x8C2E, 0x8C2E, 0x8C4F, 0x8C4F, 0x8C4F, 0x9470, 0x9490, 0x94B0, 0x9CB0, 0x9CB0,
  0x9CB0, 0xA4D1, 0xB532, 0xB533, 0xAD33, 0xB553, 0xB553, 0xB553, 0xB553, 0xB573, 0xB573, 0xA4F1,
  0xA4D0, 0xAD32, 0xBD73, 0xBD73, 0xBD73, 0xBD73, 0xBD73, 0xBD73, 0xBD93, 0xBD93, 0xBD93, 0xBD93,
  0xBD93, 0xBD93, 0xBD93, 0xBD93, 0xBD93, 0xBD93, 0xBD93, 0xBD93, 0xBD93, 0xBD93, 0xBD93, 0xBD93,
  0xBD93, 0xBD93, 0xBD73, 0xBD73, 0xBD93, 0xBD93, 0xBD73, 0xBD73, 0xBD73, 0xBD73, 0xBD73, 0xBD73,
  0xBD72, 0xBD72, 0xB552, 0xB552, 0xB552, 0xBD72, 0xBD72, 0xBD72, 0xBD72, 0xBD72, 0xBD73, 0xBD73,
  0xBD73, 0xBD72, 0xBD72, 0xB572, 0xB572, 0xBD72, 0xB572, 0xBD72, 0xBD72, 0xBD72, 0xBD72, 0xBD72,
  0xB552, 0xB532, 0xB532, 0xB552, 0xB532, 0xB512, 0xB511, 0xAD11, 0xAD11, 0xAD11, 0xAD11, 0xAD11,
  0xACF1, 0xACF1, 0xACF1, 0xACF1, 0xACF1, 0xACF1, 0xACF1, 0xACF1, 0xA4D1, 0xA4D1, 0xA4D0, 0xA4D0,
  0xA4D0, 0xA4D1, 0xA4D1, 0xA4D1, 0xA4D1, 0xA4D0, 0xA4D1, 0xA4D0, 0xA4B0, 0xA4D0, 0xA4D0, 0xA4D1,
  0xA4D1, 0xA4D1, 0xA4F1, 0xA4F1, 0xA4F1, 0xA4F1, 0xA4F1, 0xA4F1, 0xA4F1, 0xA4D1, 0xA4D1, 0xA4D1,
  0xA4D1, 0xA4F1, 0xA4F1, 0xA4F1, 0xA4F1, 0xA4F1, 0xA4F1, 0xACF1, 0xAD12, 0xAD11, 0xAD12, 0xA4F1,
  0x9CD0, 0xA4D1, 0xA4F1, 0xA4F1, 0xA4D1, 0xA4D1, 0xACF1, 0xACF1, 0xACF1, 0xACF1, 0xACF1, 0xA4F1,
  0xA4D1, 0x9CB0, 0x9CB0, 0x9CB0, 0x9CD1, 0x9CD1, 0x9CB0, 0x9CB0, 0xA4D1, 0x9CB1, 0xA4D1, 0xA4D1,
  0x9CD1, 0x9CD1, 0x9CD0, 0xA4D0, 0xA4D1, 0xA4F1, 0xA4F1, 0xA4D1, 0xA4D1, 0xA4D1, 0xA4D1, 0xA4D1,
  0x9CD1, 0x9CB1, 0x9CB1, 0x9CD1, 0x9CB1, 0x9CB0, 0x9CB1, 0x9CB1, 0x9CB1, 0x9C90, 0x9470, 0x9470,
  0x9450, 0x8C4F, 0x944F, 0x8C2F, 0x8C2F, 0x8C2F, 0x8C2F, 0x8C2F, 0x842F, 0x840F, 0x840F, 0x7BEE,
  0x840F, 0x840F, 0x7BEE, 0x7BCE, 0x7C0F, 0x840F, 0x7C0F, 0x7BEF, 0x7C0F, 0x7C0F, 0x840F, 0x840F,
  0x840F, 0x840F, 0x842F, 0x840F, 0x842F, 0x8430, 0x8430, 0x8430, 0x8430, 0x7C10, 0x7C0F, 0x7C0F,
  0x7C0F, 0x7C0F, 0x7BEF, 0x7BEF, 0x73EF, 0x7BEF, 0x73EF, 0x73EF, 0x73EF, 0x73EF, 0x73EF, 0x7C0F,
  0x7BEF, 0x7BEF, 0x7BEF, 0x7BEF, 0x73EF, 0x73EF, 0x7C0F, 0x7C0F, 0x7C10, 0x7C10, 0x7BF0, 0x7BF0,
  0x7BF0, 0x7C10, 0x7BF0, 0x73EF, 0x73EF, 0x73CF, 0x73CF, 0x73CF, 0x6BAF, 0x6BAF, 0x6B8E, 0x6B8E,
  0x6B8E, 0x6B8F, 0x638E, 0x638E, 0x6B8E, 0x6B8E, 0x6BAF, 0x6BCF, 0x73CF, 0x73CF, 0x73CF, 0x73CF,
  0x73CF, 0x73CF, 0x73CF, 0x73CF, 0x73D0, 0x73F0, 0x73F0, 0x73D0, 0x73F0, 0x73F0, 0x73F0, 0x73F0,
  0x73F0, 0x7BF0, 0x73F0, 0x73F0, 0x73F0, 0x73F0, 0x73F0, 0x73F0, 0x73D0, 0x6BAF, 0x6BAF, 0x6BAF,
  0x6BAF, 0x6B8F, 0x638F, 0x636E, 0x7BEE, 0x7BCE, 0x7BCD, 0x7BEE, 0x840E, 0x8C2F, 0x9CB1, 0x9CB1,
  0x9CB1, 0x9CB1, 0x9470, 0x9470, 0x8C2F, 0x83EE, 0x8C2F, 0x8C2F, 0x8C2E, 0x840E, 0x842E, 0x842E,
  0x842E, 0x8C2E, 0x8C2E, 0x8C4F, 0x9470, 0x9490, 0x94B0, 0x948F, 0x946F, 0x9C90, 0xAD12, 0xB533,
  0xAD33, 0xB553, 0xB553, 0xB553, 0xB553, 0xB573, 0xAD32, 0x9CD0, 0x9CB0, 0xA511, 0xB553, 0xBD73,
  0xBD73, 0xBD73, 0xBD73, 0xBD73, 0xBD73, 0xBD73, 0xBD93, 0xBD73, 0xBD73, 0xBD93, 0xBD93, 0xBD93,
  0xBD93, 0xBD93, 0xBD93, 0xBD93, 0xBD93, 0xBD93, 0xBD93, 0xBD93, 0xBD93, 0xBD93, 0xBD73, 0xBD93,
  0xBD93, 0xBD73, 0xBD73, 0xBD73, 0xBD73, 0xBD73, 0xBD72, 0xBD73, 0xBD72, 0xB572, 0xB552, 0xB552,
  0xB552, 0xBD72, 0xBD72, 0xB572, 0xB552, 0xBD52, 0xBD52, 0xBD73, 0xBD73, 0xBD72, 0xBD72, 0xB552,
  0xB552, 0xB572, 0xB552, 0xBD72, 0xBD72, 0xBD72, 0xB552, 0xB552, 0xB552, 0xB552, 0xB552, 0xB552,
  0xB552, 0xB532, 0xB512, 0xB512, 0xAD11, 0xAD11, 0xAD11, 0xAD11, 0xACF1, 0xACF1, 0xACF1, 0xACF1,
  0xACF1, 0xACF1, 0xACD1, 0xACD1, 0xA4D1, 0xA4D1, 0xA4D0, 0xA4D0, 0xA4D1, 0xA4F1, 0xA4D1, 0xA4D1,
  0xA4D1, 0xA4B0, 0xA4D0, 0xA4B0, 0xA4B0, 0xA4D0, 0xA4D1, 0xA4F1, 0xA4D1, 0xA4D1, 0xA4F1, 0xA4F1,
  0xA4F1, 0xA4F1, 0xA4F1, 0xA4F1, 0xA4F1, 0xA4D1, 0xA4D1, 0xA4D1, 0xA4D1, 0xA4F1, 0xA4D1, 0xA4F1,
  0xA4F1, 0x9C6F, 0x9CB0, 0xA4F1, 0xA4F1, 0xAD11, 0xA4F1, 0xA4D0, 0x9CD0, 0x9CB0, 0xA4D1, 0xA4F1,
  0x9C90, 0x9C90, 0xA4D1, 0xA4D1, 0xA4D1, 0xA4D1, 0xA4D1, 0xA4D1, 0x9CD0, 0x9CB0, 0x9C90, 0x9C90,
  0x9CB0, 0x9CB0, 0x9C90, 0x9C90, 0x9CB0, 0x9CB0, 0x9CD1, 0x9CB0, 0x9CB0, 0x9CB0, 0x9CB0, 0x9CB0,
  0xA4D0, 0xA4D1, 0xA4D0, 0x9CB0, 0x9CB0, 0x9CD1, 0x9CB0, 0x9CB0, 0x9CB0, 0x9CB0, 0x9CB0, 0x9CB0,
  0x9CB0, 0x9CB0, 0x9C90, 0x9C90, 0x9C90, 0x9470, 0x9470, 0x944F, 0x8C2F, 0x8C2F, 0x8C2F, 0x8C2F,
  0x840F, 0x840F, 0x842F, 0x842F, 0x840F, 0x840F, 0x7BEE, 0x7BEE, 0x7BEE, 0x7BCE, 0x73AE, 0x73AD,
  0x7BEE, 0x7BEE, 0x73CE, 0x73CE, 0x7BEE, 0x7BEF, 0x7BEF, 0x7C0F, 0x7C0F, 0x7BEF, 0x7BEF, 0x7C0F,
  0x7C0F, 0x7C0F, 0x7C0F, 0x7C10, 0x7C10, 0x7C0F, 0x7C0F, 0x7BEF, 0x7BEF, 0x7BEF, 0x73EF, 0x73EF,
  0x73EF, 0x73EF, 0x73EF, 0x73CF, 0x73CE, 0x73CF, 0x73EF, 0x7BEF, 0x73EF, 0x7BEF, 0x7BEF, 0x73EF,
  0x73EF, 0x73EF, 0x73EF, 0x73EF, 0x73EF, 0x7BEF, 0x7BF0, 0x7BF0, 0x7BF0, 0x7BEF, 0x7BCF, 0x73EF,
  0x73CF, 0x73CF, 0x6BAF, 0x6BAF, 0x6B8E, 0x6BAE, 0x6B8E, 0x6B8E, 0x6B8E, 0x6B8E, 0x6B8E, 0x6B8E,
  0x6B8F, 0x6BAF, 0x73CF, 0x73CF, 0x73CF, 0x73CF, 0x73CF, 0x73CF, 0x73CF, 0x73CF, 0x73CF, 0x73CF,
  0x73D0, 0x73F0, 0x73F0, 0x73F0, 0x73F0, 0x73F0, 0x73F0, 0x73F0, 0x73F0, 0x73F0, 0x73F0, 0x73F0,
  0x73D0, 0x73F0, 0x73D0, 0x73D0, 0x73D0, 0x73D0, 0x6BCF, 0x6BAF, 0x6BAF, 0x6BAF, 0x6B8F, 0x638F,
  0x73AE, 0x73CE, 0x7BEE, 0x7BCE, 0x7BEE, 0x842E, 0x842E, 0x8C6F, 0x9CB1, 0x9C90, 0x8C4F, 0x8C4F,
  0x7C0E, 0x7BEE, 0x7BED, 0x83EE, 0x840E, 0x840E, 0x840E, 0x840E, 0x840E, 0x842E, 0x842F, 0x8C4F,
  0x9470, 0x9470, 0x946F, 0x944F, 0x944F, 0x9470, 0xA4D1, 0xAD32, 0xAD32, 0xAD32, 0xB553, 0xAD33,
  0xB553, 0xAD32, 0x9CB1, 0x946F, 0x9C90, 0x9C90, 0xAD11, 0xB573, 0xB553, 0xBD73, 0xBD73, 0xBD73,
  0xBD73, 0xB573, 0xB552, 0xBD73, 0xBD73, 0xBD73, 0xBD73, 0xBD93, 0xBD73, 0xBD73, 0xBD93, 0xBD93,
  0xBD93, 0xBD93, 0xBD93, 0xBD93, 0xBD93, 0xBD73, 0xBD73, 0xBD73, 0xBD73, 0xBD73, 0xBD73, 0xBD73,
  0xBD73, 0xBD73, 0xBD73, 0xBD53, 0xBD53, 0xBD73, 0xB552, 0xB552, 0xB552, 0xB552, 0xB552, 0xB552,
  0xB552, 0xBD53, 0xBD53, 0xBD53, 0xBD73, 0xBD73, 0xBD72, 0xBD52, 0xBD52, 0xB552, 0xB552, 0xB552,
  0xBD52, 0xBD52, 0xBD52, 0xBD52, 0xB552, 0xB552, 0xB552, 0xB552, 0xB532, 0xB532, 0xB532, 0xB532,
  0xB532, 0xAD11, 0xAD11, 0xAD11, 0xAD11, 0xACF1, 0xACF1, 0xACF1, 0xACF1, 0xA4F1, 0xA4F1, 0xA4F1,
  0xA4F1, 0xA4D0, 0xA4D0, 0xA4D0, 0xA4D0, 0xA4D0, 0xA4D1, 0xA4D0, 0xA4B0, 0xA4D0, 0xA4D0, 0xA4B0,
  0xA4D0, 0xA4D0, 0xA4D1, 0xA4D1, 0xA4D1, 0xACD1, 0xA4F1, 0xA4F1, 0xA4F1, 0xA4D1, 0xA4D1, 0xA4D1,
  0xA4D1, 0xA4D1, 0x9C6F, 0x9CB0, 0xA4D1, 0xA4D0, 0xA4D1, 0xA4F1, 0x9CB0, 0x8C2E, 0x946F, 0x9CB0,
  0x946F, 0xA4D1, 0xA4D0, 0x9C8F, 0x9C90, 0x946F, 0x9CB0, 0x9C90, 0x946F, 0x948F, 0x9CB0, 0x9CD1,
  0x9CB0, 0x948F, 0x9CB0, 0x946F, 0x946F, 0x946F, 0x946F, 0x9490, 0x9C90, 0x9C90, 0x9470, 0x9490,
  0x9490, 0x9C90, 0x9C90, 0x946F, 0x946F, 0x9490, 0x9CB0, 0x9CB0, 0x9CB0, 0x9CB0, 0x9CB0, 0x9CB0,
  0x9CB0, 0x9CB0, 0x9CB0, 0x9CB0, 0x9CB0, 0x9C90, 0x9C90, 0x9C90, 0x9490, 0x9490, 0x9490, 0x9470,
  0x9470, 0x9470, 0x944F, 0x944F, 0x8C2F, 0x8C2F, 0x842F, 0x83EE, 0x7BEE, 0x7BEE, 0x840E, 0x7C0E,
  0x7BEE, 0x7BEE, 0x73CE, 0x73EE, 0x73CE, 0x73AE, 0x6B8D, 0x6B8D, 0x6B8E, 0x73AE, 0x73AE, 0x73AE,
  0x73AE, 0x73EE, 0x7BEF, 0x7BEF, 0x7BEF, 0x7BEF, 0x73CF, 0x73CF, 0x73CF, 0x7BEF, 0x7BEF, 0x7BEF,
  0x740F, 0x73EF, 0x73EF, 0x73EF, 0x73EF, 0x73EF, 0x73CF, 0x73CF, 0x73CF, 0x73CF, 0x73CF, 0x73CF,
  0x73CE, 0x73CF, 0x73CF, 0x73EF, 0x73CF, 0x73CF, 0x73EF, 0x73EF, 0x73EF, 0x73EF, 0x73EF, 0x73CF,
  0x73CF, 0x73EF, 0x73EF, 0x73EF, 0x73EF, 0x73EF, 0x73CF, 0x73CF, 0x73CF, 0x73AF, 0x6BAF, 0x6B8F,
  0x6B8F, 0x6B8E, 0x6B8E, 0x6B8E, 0x6B8E, 0x638E, 0x638E, 0x6BAE, 0x6BAF, 0x6BAF, 0x6BCF, 0x73CF,
  0x73CF, 0x73CF, 0x73CF, 0x73CF, 0x73CF, 0x73CF, 0x73CF, 0x73CF, 0x73CF, 0x73F0, 0x73F0, 0x73F0,
  0x73F0, 0x73F0, 0x73F0, 0x73F0, 0x73F0, 0x73F0, 0x73F0, 0x73F0, 0x73F0, 0x73F0, 0x73CF, 0x73CF,
  0x73CF, 0x73CF, 0x6BCF, 0x6BCF, 0x6BCF, 0x6BAF, 0x6BAF, 0x6BAF, 0x6BAE, 0x73AE, 0x7BCE, 0x73AE,
  0x73AE, 0x7BEE, 0x7BCD, 0x8C2F, 0x9490, 0x9490, 0x9470, 0x8C4F, 0x73CE, 0x73CE, 0x7BCD, 0x7BCD,
  0x7BEE, 0x83EE, 0x7BEE, 0x840E, 0x840E, 0x840E, 0x842E, 0x8C2F, 0x8C4F, 0x8C4F, 0x8C4F, 0x8C2F,
  0x8C4F, 0x946F, 0x9CB1, 0xAD12, 0xAD32, 0xAD32, 0xAD32, 0xAD32, 0xAD32, 0xA4F1, 0x9C90, 0x946F,
  0x946F, 0x946F, 0xA4D1, 0xAD32, 0xB553, 0xB553, 0xB553, 0xBD53, 0xB573, 0xB573, 0xAD32, 0xBD73,
  0xBD53, 0xBD53, 0xBD73, 0xBD73, 0xBD73, 0xBD73, 0xBD93, 0xBD93, 0xBD93, 0xBD93, 0xBD93, 0xBD93,
  0xBD93, 0xBD73, 0xBD73, 0xBD73, 0xBD73, 0xBD73, 0xBD73, 0xBD73, 0xBD73, 0xBD73, 0xBD73, 0xBD73,
  0xB552, 0xB552, 0xB552, 0xB552, 0xB552, 0xB552, 0xB552, 0xB552, 0xB552, 0xB552, 0xBD53, 0xBD53,
  0xBD53, 0xBD53, 0xBD72, 0xB552, 0xB552, 0xB552, 0xB552, 0xB552, 0xB552, 0xB552, 0xB552, 0xB552,
  0xB552, 0xB552, 0xB552, 0xB552, 0xB552, 0xB552, 0xB552, 0xB552, 0xB532, 0xB532, 0xAD31, 0xAD11,
  0xAD11, 0xAD11, 0xAD11, 0xAD11, 0xACF1, 0xA4F1, 0xA4F1, 0xA4F1, 0xA4D1, 0xA4D0, 0xA4D0, 0xA4D0,
  0xA4D0, 0xA4D0, 0xA4D0, 0xA4D1, 0xA4D0, 0xA4D0, 0xA4D1, 0xA4D1, 0xA4D1, 0xA4D1, 0xA4D1, 0xA4D1,
  0xA4D1, 0xA4D1, 0xA4F1, 0xA4F1, 0xA4F1, 0xA4F1, 0xA4B1, 0x9CB0, 0xA4F1, 0x9CB0, 0x944F, 0x946F,
  0x9C90, 0x9CB0, 0x9CD0, 0x946F, 0x840E, 0x840E, 0x8C0E, 0x8C2E, 0x8C0E, 0x9C90, 0x946F, 0x8C4F,
  0x8C2E, 0x8C4F, 0x8C4F, 0x8C2E, 0x944F, 0x944F, 0x946F, 0x9C90, 0x946F, 0x944F, 0x944F, 0x8C4F,
  0x8C4F, 0x8C2F, 0x944F, 0x944F, 0x8C4F, 0x944F, 0x944F, 0x944F, 0x944F, 0x944F, 0x946F, 0x8C4F,
  0x8C4F, 0x944F, 0x946F, 0x9470, 0x9C90, 0x9C90, 0x9490, 0x9C90, 0x9C90, 0x9C90, 0x9C90, 0x9C90,
  0x9490, 0x9490, 0x9470, 0x9490, 0x9490, 0x9470, 0x9470, 0x9470, 0x9470, 0x944F, 0x8C2F, 0x8C2F,
  0x8C2F, 0x840E, 0x840F, 0x83EE, 0x7BEE, 0x7BCE, 0x7BEE, 0x7BEE, 0x7BCE, 0x7BCE, 0x73CE, 0x73CE,
  0x6BAD, 0x6B8D, 0x6B8E, 0x6B6D, 0x6B6D, 0x6B8D, 0x6B8E, 0x6B8E, 0x73AE, 0x73AE, 0x73CE, 0x73CE,
  0x73CE, 0x73CE, 0x73AE, 0x73AE, 0x73AE, 0x73CE, 0x73CF, 0x73CF, 0x73EF, 0x73EF, 0x73EF, 0x73EF,
  0x73EF, 0x73CF, 0x73CF, 0x73CF, 0x73CF, 0x73AF, 0x6BCE, 0x6BAE, 0x6BAE, 0x6BCE, 0x73CF, 0x73CF,
  0x73CF, 0x73CF, 0x73CF, 0x73CF, 0x73CF, 0x73CF, 0x73CF, 0x73CF, 0x73CF, 0x73CF, 0x73CF, 0x73CF,
  0x73CF, 0x73CF, 0x73CF, 0x6BAF, 0x6BAF, 0x6BAF, 0x6B8F, 0x6B6E, 0x636E, 0x638E, 0x638E, 0x636E,
  0x636E, 0x636E, 0x638E, 0x6BAF, 0x6BAF, 0x6BAF, 0x6BAF, 0x6BAF, 0x6BCF, 0x73CF, 0x6BCF, 0x73CF,
  0x73CF, 0x73CF, 0x73CF, 0x73CF, 0x73D0, 0x73F0, 0x73F0, 0x73F0, 0x73F0, 0x73F0, 0x73F0, 0x73D0,
  0x73D0, 0x73D0, 0x73D0, 0x73F0, 0x73F0, 0x73F0, 0x73D0, 0x73CF, 0x73D0, 0x73CF, 0x6BCF, 0x6BCF,
  0x6BAF, 0x6BAF, 0x6BAF, 0x638F, 0x6B6D, 0x6B8D, 0x73AE, 0x73AD, 0x7BCE, 0x73AE, 0x6B8D, 0x7BCE,
  0x8C4F, 0x8C6F, 0x842F, 0x7C0E, 0x73CE, 0x73CE, 0x7BCD, 0x7BEE, 0x7BEE, 0x7BCE, 0x7BCE, 0x7BEE,
  0x7BEE, 0x840E, 0x840E, 0x840E, 0x8C4F, 0x842F, 0x842E, 0x840E, 0x8C2E, 0x944F, 0x9470, 0xA4D1,
  0xAD12, 0xAD12, 0xA4F2, 0xAD12, 0xAD12, 0xA4D1, 0x9C90, 0x944F, 0x944F, 0x9470, 0x9C90, 0xA4F1,
  0xB552, 0xB553, 0xB553, 0xB553, 0xB573, 0xAD52, 0xA4D0, 0xB552, 0xBD53, 0xBD53, 0xBD73, 0xBD73,
  0xBD73, 0xBD73, 0xBD73, 0xBD73, 0xBD73, 0xBD93, 0xBD73, 0xBD93, 0xBD73, 0xBD73, 0xBD73, 0xBD73,
  0xBD73, 0xBD73, 0xBD73, 0xBD73, 0xBD73, 0xBD73, 0xBD53, 0xBD73, 0xB552, 0xB552, 0xB552, 0xB552,
  0xB552, 0xB552, 0xB552, 0xB552, 0xB552, 0xB552, 0xB552, 0xBD73, 0xBD53, 0xBD53, 0xB552, 0xB552,
  0xB552, 0xB552, 0xB552, 0xB552, 0xB552, 0xB552, 0xB552, 0xB552, 0xB552, 0xB532, 0xB532, 0xB532,
  0xB532, 0xB532, 0xB552, 0xB532, 0xB532, 0xB532, 0xAD32, 0xAD12, 0xAD12, 0xAD11, 0xAD11, 0xAD11,
  0xACF1, 0xA4F1, 0xA4F1, 0xA4F1, 0xA4D1, 0xA4D0, 0xA4D0, 0xA4B0, 0xA4D0, 0xA4D0, 0xA4D0, 0xA4D1,
  0xA4D1, 0xA4D1, 0xA4D1, 0xA4F1, 0xA4D1, 0xA4D0, 0xA4D0, 0xA4D1, 0xA4D1, 0xA4F1, 0xA4D1, 0xA4D1,
  0xA4D1, 0xA4D1, 0x8C4F, 0x8C2E, 0x9CB0, 0x9490, 0x8C4F, 0x8C2E, 0x83EE, 0x8C2E, 0x8C4F, 0x7BCD,
  0x7BCD, 0x7BCD, 0x7BCD, 0x7BCD, 0x83EE, 0x8C2E, 0x840E, 0x840E, 0x83EE, 0x840E, 0x83EE, 0x83EE,
  0x840E, 0x840E, 0x8C2E, 0x8C2F, 0x8C2E, 0x8C2E, 0x8C2E, 0x8C2F, 0x8C2E, 0x8C2E, 0x8C2E, 0x8C2E,
  0x8C2E, 0x8C4F, 0x8C2F, 0x8C2F, 0x8C2F, 0x8C4F, 0x8C4F, 0x8C2F, 0x8C2F, 0x8C2F, 0x8C4F, 0x944F,
  0x946F, 0x9470, 0x9470, 0x9470, 0x9470, 0x9470, 0x9490, 0x9470, 0x9470, 0x9470, 0x9470, 0x9470,
  0x9470, 0x9470, 0x9470, 0x8C4F, 0x8C4F, 0x8C4F, 0x840E, 0x840F, 0x840E, 0x83EE, 0x83EE, 0x7BEE,
  0x7BCE, 0x7BCE, 0x7BEE, 0x73CE, 0x73CE, 0x73CE, 0x6BAD, 0x6B8D, 0x6B8D, 0x6B6D, 0x6B6D, 0x636D,
  0x634D, 0x636D, 0x6B6D, 0x6B8D, 0x6B8E, 0x6B8E, 0x6BAE, 0x6B8E, 0x6BAE, 0x6BAE, 0x6BAE, 0x6BAE,
  0x6BAE, 0x6BAE, 0x6BAE, 0x6BAE, 0x6BCE, 0x6BCE, 0x6BCE, 0x6BCE, 0x73CF, 0x73CF, 0x6BCE, 0x6BAE,
  0x6BCE, 0x6BCE, 0x6BAE, 0x6BAE, 0x6BAE, 0x6BAE, 0x6BCF, 0x6BAF, 0x6BAF, 0x6BCF, 0x6BAF, 0x6BAF,
  0x6BAF, 0x6BAF, 0x6BAE, 0x6BAF, 0x73AF, 0x73CF, 0x6BAF, 0x6BCF, 0x6BAF, 0x6BAF, 0x6BAF, 0x6BAF,
  0x6BAE, 0x6B8E, 0x636E, 0x636E, 0x636E, 0x636E, 0x636E, 0x636E, 0x636E, 0x636E, 0x636E, 0x638E,
  0x6BAF, 0x6BAF, 0x6BAF, 0x6BAF, 0x6BAF, 0x6BAF, 0x6BAF, 0x6BCF, 0x73CF, 0x73CF, 0x73CF, 0x73CF,
  0x73D0, 0x73F0, 0x73D0, 0x73F0, 0x73F0, 0x73F0, 0x73F0, 0x73D0, 0x73D0, 0x73D0, 0x73D0, 0x73D0,
  0x73D0, 0x73CF, 0x73CF, 0x6BCF, 0x73CF, 0x6BAF, 0x6BCF, 0x6BCF, 0x6BAF, 0x6BAF, 0x6B8F, 0x638F,
  0x634C, 0x6B6C, 0x7C0F, 0x842F, 0x7BEE, 0x6B8E, 0x6B8D, 0x738D, 0x7BEE, 0x8C4F, 0x7BCD, 0x73AD,
  0x73AE, 0x73AD, 0x73AD, 0x7BEE, 0x73CE, 0x73CE, 0x7BCE, 0x7BCE, 0x7BCE, 0x7BEE, 0x7BEE, 0x7BEE,
  0x840E, 0x840F, 0x840E, 0x840E, 0x840E, 0x8C2F, 0x944F, 0x9CB1, 0xA4F2, 0xA4D1, 0x9CD1, 0xAD12,
  0xA4F2, 0x9CD1, 0x9470, 0x8C2F, 0x8C2F, 0x8C2F, 0x946F, 0x9C90, 0xAD12, 0xB553, 0xB532, 0xB533,
  0xB553, 0x9CB0, 0x946F, 0xAD11, 0xB553, 0xB553, 0xB553, 0xBD53, 0xBD53, 0xBD73, 0xBD73, 0xBD73,
  0xBD73, 0xBD73, 0xBD73, 0xBD73, 0xB573, 0xBD73, 0xBD73, 0xBD73, 0xBD53, 0xBD73, 0xBD73, 0xBD73,
  0xBD53, 0xBD53, 0xBD73, 0xBD53, 0xB552, 0xB552, 0xB552, 0xB552, 0xB552, 0xB552, 0xB552, 0xB552,
  0xB552, 0xB552, 0xBD53, 0xBD53, 0xB552, 0xB552, 0xB552, 0xB552, 0xB552, 0xB553, 0xB553, 0xB553,
  0xB552, 0xB552, 0xB552, 0xB552, 0xB552, 0xB552, 0xB552, 0xB552, 0xB552, 0xB552, 0xB532, 0xB532,
  0xAD32, 0xAD32, 0xAD32, 0xAD32, 0xAD12, 0xAD12, 0xAD12, 0xAD11, 0xACF1, 0xA4F1, 0xA4F1, 0xA4F1,
  0xA4D1, 0xA4D1, 0xA4D0, 0xA4D1, 0xA4D1, 0xA4D1, 0xA4B0, 0xA4D1, 0xA4D0, 0xA4D0, 0xA4D1, 0xA4D1,
  0xA4D1, 0xA4D0, 0x9CB0, 0x9CB0, 0xA4D1, 0xA4F1, 0xA4D1, 0xA4D1, 0xA4F1, 0x9CB1, 0x7BCD, 0x738C,
  0x8C4F, 0x8C4F, 0x840E, 0x83EE, 0x738C, 0x7BAD, 0x7BCD, 0x738C, 0x738C, 0x73AD, 0x73AD, 0x73AD,
  0x73AD, 0x7BAD, 0x7BED, 0x7BEE, 0x7BEE, 0x7BEE, 0x7BCD, 0x7BCD, 0x83EE, 0x83EE, 0x840E, 0x840E,
  0x840E, 0x840E, 0x8C0E, 0x8C2E, 0x8C0E, 0x8C2E, 0x8C0E, 0x840E, 0x8C0E, 0x8C2F, 0x8C2F, 0x8C2F,
  0x840E, 0x842E, 0x842F, 0x840E, 0x840E, 0x840E, 0x8C2F, 0x8C2F, 0x8C2F, 0x8C4F, 0x944F, 0x946F,
  0x9470, 0x9470, 0x9470, 0x944F, 0x9470, 0x9450, 0x944F, 0x9450, 0x9450, 0x944F, 0x8C4F, 0x8C4F,
  0x8C4F, 0x8C2F, 0x840E, 0x840E, 0x83EE, 0x7BEE, 0x7BEE, 0x7BCE, 0x73CE, 0x73AE, 0x73CE, 0x73CE,
  0x73AE, 0x73AD, 0x6B8D, 0x6B6D, 0x636D, 0x6B6D, 0x634D, 0x634D, 0x634D, 0x634D, 0x634D, 0x636D,
  0x636D, 0x636D, 0x636D, 0x636D, 0x636D, 0x636D, 0x638D, 0x638D, 0x638D, 0x6B8E, 0x638D, 0x6B8E,
  0x6BAE, 0x6BAE, 0x6BAE, 0x6BAE, 0x6BAE, 0x6BAE, 0x6BAE, 0x6BCE, 0x6BAE, 0x6BAE, 0x6BAE, 0x6BAE,
  0x6BAE, 0x6BAF, 0x6BAE, 0x6BAE, 0x6BAE, 0x6BAE, 0x6BAE, 0x6BAE, 0x6BAE, 0x6BAF, 0x6B8E, 0x6BAF,
  0x6BAE, 0x6BAE, 0x6BAE, 0x6BAF, 0x6BAE, 0x6B8E, 0x6BAE, 0x6B8E, 0x638E, 0x638E, 0x636E, 0x634E,
  0x636E, 0x5B4E, 0x5B4E, 0x5B4E, 0x5B4E, 0x636E, 0x636E, 0x638E, 0x6B8F, 0x6BAF, 0x6BAF, 0x6BAF,
  0x6BAF, 0x6BAF, 0x6BAF, 0x6BAF, 0x6BCF, 0x6BAF, 0x6BCF, 0x73D0, 0x73D0, 0x73D0, 0x73D0, 0x73D0,
  0x73F0, 0x73D0, 0x73D0, 0x73D0, 0x73D0, 0x73AF, 0x73D0, 0x73D0, 0x73D0, 0x6BD0, 0x6BCF, 0x6BCF,
  0x6BCF, 0x6BAF, 0x6BAF, 0x6BAF, 0x6BAF, 0x6BAF, 0x638F, 0x638F, 0x634C, 0x634C, 0x6B8D, 0x73CE,
  0x73AE, 0x6B8D, 0x6B6D, 0x6B8D, 0x738E, 0x7BCE, 0x840F, 0x738D, 0x6B8D, 0x73AD, 0x73AD, 0x73AD,
  0x73AE, 0x73AE, 0x73AE, 0x73AE, 0x73AE, 0x7BCE, 0x7BEE, 0x7BEE, 0x83EE, 0x83EE, 0x83EE, 0x840E,
  0x840E, 0x8C0F, 0x8C2F, 0x9470, 0x9CD1, 0x9470, 0x946F, 0x9CD1, 0x9490, 0x8C2F, 0x8C2F, 0x8C2F,
  0x8C2F, 0x8C2F, 0x8C4F, 0x9CB0, 0xAD12, 0xAD32, 0xAD32, 0xAD12, 0xA4F1, 0x946F, 0x946F, 0x9CB0,
  0xB532, 0xB553, 0xB553, 0xBD53, 0xBD53, 0xB553, 0xB553, 0xB553, 0xB553, 0xB553, 0xBD73, 0xB573,
  0xB573, 0xB573, 0xBD73, 0xBD73, 0xBD73, 0xBD73, 0xBD73, 0xBD73, 0xBD52, 0xBD52, 0xBD73, 0xBD53,
  0xB552, 0xB552, 0xB552, 0xB552, 0xB552, 0xB552, 0xB552, 0xB552, 0xB552, 0xB552, 0xB552, 0xBD53,
  0xB552, 0xB552, 0xB552, 0xB552, 0xB552, 0xB553, 0xB553, 0xB553, 0xB552, 0xB552, 0xB552, 0xB552,
  0xB552, 0xB532, 0xB532, 0xB552, 0xB552, 0xB552, 0xB532, 0xB532, 0xB532, 0xAD32, 0xAD32, 0xAD32,
  0xAD12, 0xAD12, 0xAD12, 0xAD11, 0xAD11, 0xACF1, 0xA4F1, 0xA4F1, 0xA4F1, 0xA4D1, 0xA4D1, 0xA4D1,
  0xA4D1, 0xA4D1, 0xA4D1, 0xA4D1, 0xA4D1, 0xA4D1, 0xA4D1, 0xA4D1, 0xA4D1, 0xA4D1, 0xA4D0, 0x948F,
  0xA4D1, 0xA4F1, 0xA4D1, 0xA4D1, 0x9CD1, 0x946F, 0x73AD, 0x738C, 0x7BCD, 0x840E, 0x7BCD, 0x73AD,
  0x736C, 0x738C, 0x738C, 0x6B6C, 0x6B6C, 0x6B6C, 0x738D, 0x738D, 0x738D, 0x73AD, 0x73AD, 0x7BCD,
  0x7BAD, 0x73AD, 0x73AD, 0x7BCD, 0x7BCD, 0x7BCE, 0x7BEE, 0x83EE, 0x83EE, 0x840E, 0x83EE, 0x8C0E,
  0x8C0E, 0x8C0E, 0x8C2F, 0x8C0E, 0x840E, 0x840E, 0x8C2F, 0x8C2F, 0x840E, 0x840E, 0x840E, 0x83EE,
  0x840E, 0x840E, 0x8C2E, 0x8C2F, 0x8C2F, 0x8C2F, 0x8C4F, 0x944F, 0x8C4F, 0x944F, 0x944F, 0x8C4F,
  0x944F, 0x8C2F, 0x8C2F, 0x944F, 0x8C4F, 0x8C2F, 0x8C4F, 0x8C4F, 0x8C2F, 0x842F, 0x840E, 0x83EE,
  0x7BEE, 0x7BCE, 0x7BCE, 0x7BCE, 0x73AE, 0x73AE, 0x73AE, 0x73AE, 0x6B8D, 0x6B8D, 0x6B6D, 0x634D,
  0x6B4D, 0x6B6D, 0x634D, 0x634C, 0x634C, 0x5B2C, 0x5B2C, 0x634C, 0x634D, 0x636D, 0x634D, 0x634D,
  0x634D, 0x636D, 0x636D, 0x636D, 0x636D, 0x636D, 0x636D, 0x636E, 0x636E, 0x6B8E, 0x6B8E, 0x6B8E,
  0x6B8E, 0x6B8E, 0x6BAE, 0x6BAE, 0x6BAE, 0x6BAE, 0x6B8E, 0x6B8E, 0x6B8E, 0x6B8E, 0x6BAE, 0x6BAF,
  0x6BAE, 0x6BAE, 0x6BAE, 0x6BAE, 0x6BAE, 0x6BAE, 0x6BAE, 0x6BAE, 0x6BAE, 0x6BAE, 0x638E, 0x6B8E,
  0x638E, 0x638E, 0x638E, 0x636E, 0x636E, 0x636E, 0x634E, 0x634E, 0x634E, 0x5B4E, 0x5B4D, 0x5B2D,
  0x5B4D, 0x5B4E, 0x5B4E, 0x636E, 0x636E, 0x638F, 0x638F, 0x638F, 0x638F, 0x638F, 0x638F, 0x63AF,
  0x6BAF, 0x6BAF, 0x6BAF, 0x73D0, 0x6BD0, 0x73D0, 0x73D0, 0x73D0, 0x73D0, 0x73D0, 0x73D0, 0x73D0,
  0x73B0, 0x73D0, 0x73AF, 0x73AF, 0x6BAF, 0x6BAF, 0x6BAF, 0x6BAF, 0x6BAF, 0x6B8F, 0x6BAF, 0x6B8F,
  0x6B8F, 0x638F, 0x638F, 0x636F, 0x5B2C, 0x634C, 0x73AE, 0x634C, 0x6B8D, 0x634D, 0x634C, 0x636D,
  0x6B8D, 0x6B8D, 0x73AE, 0x6B8D, 0x6B8E, 0x6B8D, 0x6B8D, 0x6B8D, 0x6B8D, 0x73AD, 0x73AE, 0x73AE,
  0x73AE, 0x73CD, 0x73AD, 0x7BCE, 0x7BEE, 0x7BEE, 0x7BEE, 0x7BEE, 0x7C0E, 0x840E, 0x840E, 0x9470,
  0x9CB1, 0x8C4F, 0x8C4F, 0x9CB1, 0x9470, 0x8C2F, 0x8C0F, 0x8C0F, 0x8C0E, 0x8C2F, 0x8C2F, 0x8C4F,
  0xA4F2, 0x9CD1, 0xAD32, 0xA4F1, 0x9490, 0x944F, 0x8C2E, 0x9C90, 0xA4F1, 0xAD32, 0xB553, 0xB553,
  0xB553, 0xB553, 0xB552, 0xB553, 0xB553, 0xB573, 0xB573, 0xB552, 0xB553, 0xB553, 0xB553, 0xBD73,
  0xBD73, 0xBD52, 0xBD52, 0xB553, 0xB553, 0xB553, 0xBD53, 0xBD53, 0xBD53, 0xB552, 0xB552, 0xB553,
  0xB553, 0xB553, 0xB553, 0xB553, 0xB552, 0xB552, 0xB552, 0xB552, 0xB552, 0xB552, 0xB552, 0xAD32,
  0xB552, 0xB552, 0xB552, 0xB552, 0xB552, 0xAD52, 0xB552, 0xAD52, 0xAD52, 0xAD32, 0xAD32, 0xB552,
  0xB552, 0xB552, 0xB532, 0xAD32, 0xAD32, 0xAD32, 0xAD32, 0xAD32, 0xAD12, 0xAD12, 0xAD12, 0xAD11,
  0xAD11, 0xACF2, 0xACF1, 0xA4F1, 0xA4F1, 0xA4F1, 0xA4F1, 0xA4D1, 0xA4D1, 0xA4D1, 0xA4D1, 0xA4D1,
  0xA4D1, 0xA4F1, 0xA4F1, 0xA4F1, 0xA4F1, 0xA4D1, 0x9C90, 0x8C2E, 0x9490, 0x9CD0, 0x946F, 0x9490,
  0x9470, 0x7BAD, 0x6B6C, 0x6B6C, 0x738C, 0x73AD, 0x73AD, 0x738C, 0x6B6C, 0x6B6C, 0x6B4C, 0x6B4C,
  0x6B4C, 0x6B4C, 0x6B6C, 0x6B6D, 0x6B8D, 0x6B6C, 0x6B6C, 0x6B8D, 0x6B8D, 0x6B8D, 0x73AD, 0x73AD,
  0x73AD, 0x7BAD, 0x7BCE, 0x7BCE, 0x7BEE, 0x7BEE, 0x7BEE, 0x840E, 0x840E, 0x840E, 0x840E, 0x840E,
  0x83EE, 0x83EE, 0x840F, 0x840F, 0x840E, 0x840E, 0x840E, 0x840E, 0x83EE, 0x840E, 0x840E, 0x8C2E,
  0x8C2E, 0x8C2F, 0x8C4F, 0x8C4F, 0x8C2F, 0x8C2F, 0x8C2F, 0x8C2F, 0x8C2F, 0x8C2F, 0x8C2F, 0x8C4F,
  0x8C2F, 0x8C4F, 0x8C2F, 0x842F, 0x840F, 0x840E, 0x7BEE, 0x7BCE, 0x7BCE, 0x7BCE, 0x73AE, 0x73AE,
  0x73AE, 0x73AE, 0x73AE, 0x6B8D, 0x6B6D, 0x636D, 0x636D, 0x634C, 0x634D, 0x634D, 0x5B2C, 0x5B2C,
  0x5B2C, 0x5B2C, 0x5B2C, 0x634C, 0x634D, 0x634D, 0x634C, 0x5B4C, 0x634C, 0x634C, 0x634D, 0x634D,
  0x634D, 0x636D, 0x636D, 0x634D, 0x636D, 0x636D, 0x636E, 0x638E, 0x636E, 0x636E, 0x6B8E, 0x6B8E,
  0x6B8E, 0x6B8E, 0x6B8E, 0x6B8E, 0x638E, 0x638E, 0x638E, 0x638E, 0x6B8E, 0x6B8E, 0x6B8E, 0x6B8E,
  0x6B8E, 0x6B8E, 0x638E, 0x6B8E, 0x6B8E, 0x6B8E, 0x638E, 0x638E, 0x638E, 0x636E, 0x636E, 0x634D,
  0x636D, 0x636D, 0x5B4D, 0x5B4D, 0x5B4D, 0x5B2D, 0x5B2D, 0x5B2D, 0x5B2D, 0x5B2D, 0x5B2D, 0x5B4E,
  0x5B4E, 0x636E, 0x636E, 0x638F, 0x638F, 0x636E, 0x638F, 0x638F, 0x638F, 0x638F, 0x6BAF, 0x6BAF,
  0x6BAF, 0x6BD0, 0x6BCF, 0x6BAF, 0x6BAF, 0x6BAF, 0x6BAF, 0x6BAF, 0x6BAF, 0x6BAF, 0x6BAF, 0x6BAF,
  0x6B8F, 0x638F, 0x6BAF, 0x6BAF, 0x6BAF, 0x638F, 0x638F, 0x638F, 0x638F, 0x638F, 0x638F, 0x636F,
  0x5B0B, 0x634C, 0x73AE, 0x6B4C, 0x634C, 0x634C, 0x632C, 0x634C, 0x636D, 0x6B8D, 0x6B6D, 0x6B6D,
  0x6B6D, 0x6B6D, 0x6B6D, 0x6B8D, 0x6B8D, 0x6B8D, 0x6BAD, 0x6BAD, 0x6BAD, 0x73AD, 0x73CE, 0x73CE,
  0x7BEE, 0x73CE, 0x73CE, 0x7BCE, 0x7BEE, 0x7BEE, 0x7BEE, 0x842F, 0x9470, 0x9450, 0x9470, 0x9470,
  0x8C2F, 0x840E, 0x840E, 0x83EE, 0x840E, 0x840E, 0x8C2F, 0x8C2F, 0x9490, 0x944F, 0xA4D1, 0x9490,
  0x8C4F, 0x8C4F, 0x8C2E, 0x946F, 0x9C90, 0xA4D1, 0xB553, 0xB532, 0xB532, 0xB552, 0xB552, 0xB552,
  0xB552, 0xB553, 0xB552, 0xB552, 0xB553, 0xB553, 0xB553, 0xBD73, 0xBD73, 0xBD72, 0xB552, 0xB553,
  0xB553, 0xB553, 0xB553, 0xB553, 0xB553, 0xB553, 0xB553, 0xB553, 0xB553, 0xB553, 0xB552, 0xB532,
  0xAD32, 0xB552, 0xB552, 0xB552, 0xB552, 0xB552, 0xB552, 0xB552, 0xAD32, 0xAD32, 0xB552, 0xAD32,
  0xAD32, 0xAD52, 0xAD52, 0xAD32, 0xAD32, 0xAD32, 0xAD32, 0xAD32, 0xAD32, 0xAD52, 0xAD32, 0xAD32,
  0xAD32, 0xAD32, 0xAD12, 0xAD12, 0xAD12, 0xAD12, 0xAD12, 0xAD11, 0xAD11, 0xACF1, 0xACF1, 0xACF1,
  0xA4F1, 0xA4F1, 0xA4F1, 0xA4F1, 0xA4F1, 0xA4F1, 0xA4D1, 0xA4D1, 0xA4D1, 0xA4F1, 0xA4F1, 0xA4F1,
  0xA4F1, 0xA4F1, 0x946F, 0x83ED, 0x842E, 0x8C4F, 0x840E, 0x8C2E, 0x840E, 0x738C, 0x6B6C, 0x738D,
  0x738D, 0x738C, 0x738C, 0x6B6C, 0x6B6C, 0x634C, 0x634C, 0x634C, 0x634C, 0x6B4C, 0x6B4C, 0x634C,
  0x6B4C, 0x634C, 0x634C, 0x6B6D, 0x6B6D, 0x6B6D, 0x6B8D, 0x738D, 0x738D, 0x73AD, 0x73AE, 0x73CE,
  0x7BCE, 0x7BCE, 0x7BCE, 0x7BEE, 0x7C0E, 0x7BEE, 0x7BEE, 0x840E, 0x7BEE, 0x83EE, 0x840E, 0x840F,
  0x840E, 0x840E, 0x840E, 0x840E, 0x840E, 0x840E, 0x840E, 0x8C2E, 0x8C2E, 0x8C2E, 0x8C2F, 0x8C2F,
  0x8C2F, 0x8C2F, 0x8C2F, 0x8C2F, 0x842F, 0x8C2F, 0x8C2F, 0x8C2F, 0x842F, 0x842F, 0x840F, 0x840E,
  0x83EE, 0x7BEE, 0x7BEE, 0x7BCE, 0x73CE, 0x73AE, 0x73AD, 0x738E, 0x73AE, 0x6BAD, 0x6B8D, 0x6B8D,
  0x6B6D, 0x6B4D, 0x636D, 0x634C, 0x5B4C, 0x5B4C, 0x5B2C, 0x5B0C, 0x5B0C, 0x5B0C, 0x5B0C, 0x5B2C,
  0x5B4C, 0x5B2C, 0x5B4C, 0x5B2C, 0x5B2C, 0x5B2C, 0x5B2C, 0x5B2C, 0x5B2C, 0x5B4C, 0x5B4C, 0x5B4C,
  0x634D, 0x636D, 0x636D, 0x636D, 0x636D, 0x636D, 0x636D, 0x636E, 0x638E, 0x638E, 0x638E, 0x638E,
  0x638E, 0x638E, 0x636E, 0x636E, 0x636E, 0x636E, 0x638E, 0x638E, 0x638E, 0x638E, 0x636E, 0x636E,
  0x638E, 0x636E, 0x636E, 0x636E, 0x636E, 0x636E, 0x634E, 0x5B4D, 0x5B4D, 0x5B4D, 0x5B2D, 0x5B2D,
  0x5B0D, 0x532C, 0x530D, 0x530D, 0x530D, 0x530D, 0x5B2D, 0x5B4D, 0x5B4E, 0x5B6E, 0x636E, 0x5B6E,
  0x636E, 0x636E, 0x636E, 0x636F, 0x638F, 0x638E, 0x638F, 0x638F, 0x63AF, 0x6BAF, 0x6BAF, 0x6BAF,
  0x6BAF, 0x6BAF, 0x6BAF, 0x6BAF, 0x6BAF, 0x6BAF, 0x6B8F, 0x6B8F, 0x638F, 0x636E, 0x638F, 0x63AF,
  0x638F, 0x638F, 0x638F, 0x638F, 0x638F, 0x638F, 0x636F, 0x636E, 0x52EB, 0x5B0B, 0x52EB, 0x5AEB,
  0x634C, 0x632C, 0x5B2C, 0x632C, 0x636D, 0x6B6D, 0x6B6D, 0x6B6D, 0x634D, 0x6B6D, 0x636D, 0x636D,
  0x6B6D, 0x6B8D, 0x6B8D, 0x6B8D, 0x6B8D, 0x738D, 0x73AE, 0x73CE, 0x73CE, 0x73CE, 0x73AE, 0x73CE,
  0x73CE, 0x73AD, 0x7BCE, 0x83EE, 0x8C4F, 0x8C2F, 0x842F, 0x8C4F, 0x842F, 0x83EE, 0x7BEE, 0x7BCE,
  0x83EE, 0x840E, 0x840E, 0x8C4F, 0x8C4F, 0x8C2F, 0x946F, 0x8C4F, 0x842E, 0x840E, 0x8C2E, 0x944F,
  0x9C90, 0xAD12, 0xAD32, 0xAD32, 0xB532, 0xB532, 0xAD32, 0xAD32, 0xAD32, 0xB532, 0xB532, 0xB532,
  0xB532, 0xB532, 0xB553, 0xB553, 0xB553, 0xB573, 0xB553, 0xB553, 0xB553, 0xB553, 0xB553, 0xB552,
  0xB552, 0xB552, 0xB552, 0xB552, 0xB552, 0xB552, 0xB532, 0xB532, 0xB532, 0xAD32, 0xAD32, 0xAD32,
  0xAD32, 0xAD32, 0xAD32, 0xAD32, 0xAD32, 0xB552, 0xAD32, 0xAD32, 0xAD32, 0xAD32, 0xAD32, 0xAD32,
  0xAD32, 0xAD32, 0xAD32, 0xAD32, 0xAD32, 0xAD32, 0xAD32, 0xAD12, 0xAD32, 0xAD32, 0xAD12, 0xAD12,
  0xAD12, 0xAD12, 0xAD12, 0xAD12, 0xACF1, 0xACF1, 0xACF1, 0xA4F1, 0xACF1, 0xA4F1, 0xA4F1, 0xA4F1,
  0xA4F1, 0xA4F1, 0xA4F1, 0xA4D1, 0x9CB0, 0xA4D1, 0xA4F1, 0xA4D1, 0x946F, 0xA4D1, 0x8C4F, 0x7BCD,
  0x83ED, 0x7BCD, 0x7BCD, 0x7BCD, 0x73AD, 0x738D, 0x6B6C, 0x6B6C, 0x6B6C, 0x6B6C, 0x6B6C, 0x6B4C,
  0x6B4C, 0x634C, 0x634C, 0x632C, 0x634C, 0x634C, 0x634C, 0x634C, 0x632C, 0x632C, 0x634C, 0x636C,
  0x634C, 0x634C, 0x6B6D, 0x6B8D, 0x738D, 0x738D, 0x73AD, 0x73AD, 0x7BCE, 0x7BCE, 0x73CE, 0x7BCE,
  0x7BEE, 0x7BEE, 0x7BEE, 0x7BEE, 0x7BEF, 0x7BEE, 0x7BEE, 0x840F, 0x83EE, 0x840E, 0x840E, 0x7C0E,
  0x840F, 0x840F, 0x840E, 0x840F, 0x840E, 0x840E, 0x8C2F, 0x8C2F, 0x840F, 0x842F, 0x842F, 0x840F,
  0x840F, 0x840F, 0x840F, 0x840F, 0x840F, 0x840F, 0x840E, 0x83EE, 0x7BEE, 0x7BEE, 0x7BCE, 0x7BCE,
  0x73AE, 0x73AD, 0x738D, 0x6B8D, 0x6B8D, 0x6B8D, 0x6B6D, 0x6B6D, 0x6B6D, 0x6B6D, 0x634C, 0x634C,
  0x634C, 0x5B4C, 0x5B2C, 0x5B0B, 0x530B, 0x52EB, 0x530B, 0x5B0C, 0x5B0C, 0x5B2C, 0x5B2C, 0x5B2C,
  0x5B0C, 0x5B0C, 0x5B0C, 0x5B0C, 0x5B2C, 0x5B2C, 0x5B2C, 0x5B2C, 0x5B4C, 0x634D, 0x634D, 0x5B4D,
  0x634D, 0x636D, 0x634D, 0x634D, 0x636D, 0x634D, 0x636D, 0x636E, 0x638E, 0x636E, 0x636E, 0x636E,
  0x636E, 0x636E, 0x636E, 0x636E, 0x636E, 0x636E, 0x636E, 0x636E, 0x636E, 0x636E, 0x636E, 0x636E,
  0x636E, 0x636E, 0x634D, 0x634D, 0x5B4D, 0x5B2D, 0x5B2D, 0x5B0D, 0x530C, 0x530C, 0x530C, 0x52EC,
  0x52EC, 0x530D, 0x532D, 0x532D, 0x5B4D, 0x5B4E, 0x5B4E, 0x5B4E, 0x5B6E, 0x5B4E, 0x5B6E, 0x5B4E,
  0x636E, 0x638E, 0x638F, 0x638F, 0x638F, 0x63AF, 0x6BAF, 0x6BAF, 0x6BAF, 0x6BAF, 0x6B8F, 0x6B8F,
  0x6B8F, 0x6B8F, 0x6B8F, 0x638F, 0x636E, 0x5B6E, 0x636E, 0x638F, 0x638F, 0x638F, 0x638F, 0x636E,
  0x636F, 0x636F, 0x636F, 0x636E, 0x52CA, 0x52EB, 0x4AAA, 0x4A8A, 0x632C, 0x5B2C, 0x632C, 0x634C,
  0x634C, 0x634C, 0x634C, 0x634C, 0x634C, 0x634D, 0x636D, 0x636D, 0x636D, 0x636D, 0x636D, 0x636D,
  0x6B6D, 0x6B6D, 0x6B8D, 0x6BAE, 0x6BAE, 0x73AE, 0x73AE, 0x73AE, 0x73AE, 0x73AE, 0x73AE, 0x7BCE,
  0x7BEE, 0x7BEE, 0x7BEE, 0x7C0E, 0x7C0E, 0x7BEE, 0x7BCE, 0x7BCE, 0x7BCE, 0x7BEE, 0x83EE, 0x842F,
  0x840E, 0x8C4F, 0x9470, 0x8C2F, 0x842E, 0x83EE, 0x8C2E, 0x944F, 0x8C2F, 0xA4F2, 0xAD32, 0xAD12,
  0xAD12, 0xB532, 0xAD32, 0xAD32, 0xAD32, 0xAD32, 0xAD32, 0xB532, 0xB532, 0xB532, 0xB533, 0xB553,
  0xB553, 0xB553, 0xB553, 0xB532, 0xB552, 0xB532, 0xB552, 0xB552, 0xB532, 0xB532, 0xB532, 0xB532,
  0xB532, 0xB532, 0xB532, 0xB532, 0xB532, 0xB532, 0xB532, 0xAD32, 0xAD32, 0xAD32, 0xAD32, 0xAD32,
  0xAD32, 0xAD32, 0xAD12, 0xAD32, 0xAD32, 0xAD32, 0xAD32, 0xAD12, 0xAD12, 0xAD32, 0xAD32, 0xAD32,
  0xAD32, 0xAD32, 0xAD32, 0xAD32, 0xAD32, 0xAD32, 0xAD12, 0xAD12, 0xAD12, 0xAD12, 0xAD12, 0xAD12,
  0xAD12, 0xACF1, 0xACF1, 0xACF1, 0xA4F1, 0xA511, 0xA4F2, 0xA4F1, 0xA4D1, 0xA4F1, 0xA4F1, 0x9CB0,
  0x946F, 0x9CD1, 0xA4F1, 0x9490, 0x8C0E, 0x8C2F, 0x83EE, 0x7BCD, 0x73AC, 0x738C, 0x73AD, 0x73AD,
  0x738C, 0x6B6C, 0x6B8C, 0x6B6C, 0x6B6C, 0x6B4C, 0x6B4C, 0x6B4C, 0x634C, 0x634C, 0x634C, 0x632C,
  0x634C, 0x632B, 0x632C, 0x632C, 0x632C, 0x634C, 0x634C, 0x634C, 0x5B2C, 0x632C, 0x634C, 0x6B6D,
  0x6B8D, 0x738D, 0x738D, 0x6B8D, 0x738D, 0x73AD, 0x73AE, 0x73CE, 0x73CE, 0x7BEE, 0x7BEE, 0x7BEE,
  0x7BEE, 0x7BEE, 0x7BEE, 0x7BEE, 0x7BEF, 0x840F, 0x7BEF, 0x7BEE, 0x840F, 0x840F, 0x840E, 0x840E,
  0x840E, 0x840E, 0x840F, 0x840F, 0x840E, 0x83EE, 0x7BEF, 0x7C0F, 0x840F, 0x840F, 0x840F, 0x840F,
  0x840F, 0x7C0F, 0x840E, 0x7BEE, 0x7BEE, 0x7BEE, 0x73CE, 0x73AE, 0x73CE, 0x73AE, 0x6BAE, 0x6B8D,
  0x6B6D, 0x6B8D, 0x636D, 0x636D, 0x636D, 0x634D, 0x634C, 0x5B2C, 0x5B4C, 0x5B2C, 0x5B2C, 0x5B0C,
  0x52EB, 0x530B, 0x52EB, 0x52EB, 0x530B, 0x52EB, 0x530B, 0x5B0C, 0x5B0C, 0x5B0C, 0x52EB, 0x52EB,
  0x5B0C, 0x5B0C, 0x5B0C, 0x5B0C, 0x5B2C, 0x5B2D, 0x5B2D, 0x5B2D, 0x5B4D, 0x5B4D, 0x5B4D, 0x634D,
  0x634D, 0x5B4D, 0x634D, 0x634D, 0x636D, 0x636E, 0x636E, 0x636E, 0x636E, 0x636E, 0x636E, 0x636E,
  0x636E, 0x636E, 0x636E, 0x636E, 0x636E, 0x634E, 0x636E, 0x634D, 0x634D, 0x636E, 0x5B4D, 0x5B4D,
  0x5B2D, 0x5B2C, 0x5B0C, 0x530C, 0x530C, 0x52EC, 0x52EC, 0x4AEC, 0x4AEC, 0x52EC, 0x52EC, 0x530C,
  0x532C, 0x5B2D, 0x5B2D, 0x5B4D, 0x5B2D, 0x5B4D, 0x5B4D, 0x5B4E, 0x5B4E, 0x5B4E, 0x636E, 0x636E,
  0x638F, 0x638F, 0x638E, 0x638F, 0x638F, 0x638F, 0x638E, 0x638F, 0x636E, 0x636F, 0x636E, 0x636E,
  0x634E, 0x5B4E, 0x5B4E, 0x636E, 0x636E, 0x636E, 0x636F, 0x636F, 0x636F, 0x636F, 0x636E, 0x634E,
  0x52CA, 0x4ACA, 0x3A48, 0x4248, 0x5B0C, 0x5B2C, 0x632C, 0x634D, 0x632C, 0x5B2C, 0x5B2C, 0x5B4C,
  0x5B2C, 0x5B4C, 0x634C, 0x634D, 0x636D, 0x634D, 0x634D, 0x636D, 0x634D, 0x634D, 0x6B6D, 0x6B6D,
  0x6B6D, 0x6B8E, 0x6B8E, 0x6B8E, 0x6BAE, 0x73AE, 0x738D, 0x73CE, 0x73AE, 0x73AE, 0x7BCE, 0x7BEE,
  0x7BCE, 0x7BEE, 0x7BEE, 0x7BCE, 0x73CE, 0x7BCE, 0x7BCE, 0x7BEE, 0x842F, 0x8C2F, 0x8C4F, 0x8C4F,
  0x8C2E, 0x840E, 0x8C0E, 0x8C2F, 0x9450, 0x9CB1, 0x9CB1, 0xAD12, 0xAD12, 0xAD12, 0xAD12, 0xAD12,
  0xAD12, 0xAD12, 0xAD32, 0xAD32, 0xAD32, 0xAD32, 0xB533, 0xB553, 0xB553, 0xB573, 0xAD53, 0x9C90,
  0xA4D0, 0xB532, 0xB532, 0xAD32, 0xAD32, 0xAD32, 0xAD32, 0xB532, 0xB532, 0xAD32, 0xB532, 0xB532,
  0xB532, 0xB532, 0xB532, 0xAD32, 0xAD32, 0xAD32, 0xAD32, 0xAD32, 0xAD32, 0xAD12, 0xAD12, 0xAD32,
  0xAD32, 0xAD12, 0xAD12, 0xAD11, 0xAD12, 0xAD32, 0xAD32, 0xAD12, 0xAD12, 0xAD12, 0xAD12, 0xAD12,
  0xAD12, 0xAD12, 0xAD12, 0xAD12, 0xAD12, 0xAD12, 0xAD12, 0xACF2, 0xAD12, 0xACF1, 0xACF1, 0xA511,
  0xA4F1, 0xA4F1, 0xA4F1, 0xA4F1, 0xA4F1, 0xA4F1, 0xA4F1, 0x9C90, 0x9490, 0x9CB0, 0x9CB0, 0x944F,
  0x83EE, 0x7BCD, 0x7BAD, 0x738D, 0x738D, 0x738D, 0x738D, 0x738D, 0x738D, 0x6B8C, 0x6B6C, 0x6B6C,
  0x6B6C, 0x6B6C, 0x6B6C, 0x6B6C, 0x6B6C, 0x636C, 0x634C, 0x634C, 0x632C, 0x632C, 0x632C, 0x5B2C,
  0x5B0B, 0x5B2C, 0x632C, 0x5B2C, 0x5B2C, 0x5B2C, 0x632C, 0x634C, 0x6B6D, 0x6B6D, 0x634D, 0x634D,
  0x6B6D, 0x6B6D, 0x6B8D, 0x6B8E, 0x73AE, 0x73AE, 0x73CE, 0x73CE, 0x73CE, 0x73CE, 0x73CE, 0x7BCE,
  0x7BEE, 0x7BEF, 0x7BEF, 0x7BEF, 0x7BEF, 0x7BEF, 0x7BEE, 0x7BEE, 0x7BEE, 0x7BEE, 0x7BEE, 0x7BEE,
  0x7BEE, 0x7BEE, 0x7BEE, 0x7C0F, 0x840F, 0x83EF, 0x7C0F, 0x7BEE, 0x7BEE, 0x7BEE, 0x7BEE, 0x7BEE,
  0x7BEE, 0x7BEE, 0x73CE, 0x73AE, 0x73AE, 0x6BAE, 0x6B8D, 0x6B8D, 0x6B6D, 0x638D, 0x636C, 0x634C,
  0x634C, 0x5B2C, 0x5B2C, 0x5B2C, 0x5B2C, 0x5B0C, 0x5B0B, 0x5B0C, 0x5B0C, 0x5B0C, 0x52EB, 0x52CB,
  0x52EB, 0x52EC, 0x52EB, 0x5B0C, 0x5B0C, 0x5B0C, 0x530C, 0x530B, 0x5B0C, 0x5B0C, 0x5B0C, 0x530B,
  0x530C, 0x5B0C, 0x5B0C, 0x5B0C, 0x5B2D, 0x5B2C, 0x5B2D, 0x5B4D, 0x5B4D, 0x5B2C, 0x5B4D, 0x5B4D,
  0x634D, 0x634D, 0x636E, 0x636E, 0x636E, 0x636E, 0x636E, 0x636E, 0x636E, 0x636E, 0x634E, 0x636E,
  0x634E, 0x634D, 0x634D, 0x5B4D, 0x5B4D, 0x5B4D, 0x5B4D, 0x5B2D, 0x5B0C, 0x530C, 0x530C, 0x52EC,
  0x52EC, 0x4AEB, 0x4ACB, 0x4ACB, 0x4ACB, 0x4ACC, 0x4AEB, 0x4AEC, 0x52EC, 0x4AEB, 0x4AEB, 0x530D,
  0x530D, 0x530D, 0x5B2D, 0x5B2D, 0x5B2D, 0x5B4E, 0x5B4E, 0x5B4E, 0x636E, 0x636E, 0x636E, 0x636E,
  0x636E, 0x636E, 0x636E, 0x634E, 0x634E, 0x636E, 0x634E, 0x634E, 0x5B4E, 0x5B4E, 0x5B6E, 0x636E,
  0x636E, 0x5B6E, 0x636E, 0x636E, 0x636E, 0x636E, 0x5B4E, 0x5B4E, 0x4AAA, 0x4AAA, 0x3A28, 0x4248,
  0x52CA, 0x5B0B, 0x5B2C, 0x632C, 0x5B0C, 0x5B0C, 0x5B0B, 0x5B2C, 0x5B2C, 0x5B2C, 0x5B2C, 0x634C,
  0x634C, 0x634C, 0x5B4C, 0x634C, 0x634D, 0x634D, 0x636D, 0x636D, 0x636D, 0x6B6D, 0x6B8D, 0x6B6D,
  0x6B8D, 0x6B8E, 0x738D, 0x73AE, 0x73AE, 0x73CE, 0x73CE, 0x7BEE, 0x7BEE, 0x7BEE, 0x7BEE, 0x7BCE,
  0x73CE, 0x73CE, 0x7BCE, 0x7BEE, 0x840E, 0x83EE, 0x83EE, 0x840E, 0x8C4F, 0x8C4F, 0x840E, 0x8C2F,
  0x9450, 0x9470, 0xA4D1, 0xACF2, 0xACF2, 0xAD12, 0xAD12, 0xAD12, 0xAD12, 0xAD12, 0xAD12, 0xAD32,
  0xAD32, 0xAD32, 0xB533, 0xB533, 0xB533, 0xAD32, 0x9470, 0x7BAC, 0x8C2E, 0xB532, 0xAD32, 0xAD32,
  0xAD32, 0xAD32, 0xAD32, 0xAD32, 0xAD32, 0xAD32, 0xAD32, 0xAD32, 0xAD32, 0xAD32, 0xAD32, 0xAD32,
  0xAD12, 0xAD32, 0xAD12, 0xAD12, 0xAD12, 0xAD12, 0xAD12, 0xAD12, 0xAD12, 0xAD12, 0xAD12, 0xAD11,
  0xAD12, 0xAD12, 0xAD12, 0xAD12, 0xAD12, 0xAD12, 0xAD12, 0xAD12, 0xAD12, 0xAD12, 0xAD12, 0xAD12,
  0xAD12, 0xACF2, 0xACF2, 0xA4F2, 0xAD12, 0xACF2, 0xACF1, 0xA4F1, 0xA4F1, 0xA4F1, 0xA4F1, 0xA4F1,
  0xA4F1, 0xA4F1, 0xA4D1, 0x946F, 0x8C4F, 0x8C4F, 0x8C2E, 0x842E, 0x83EE, 0x7BCE, 0x7BAD, 0x738D,
  0x738D, 0x738D, 0x738D, 0x738D, 0x6B6C, 0x6B6C, 0x6B6C, 0x6B6C, 0x6B6D, 0x6B6C, 0x6B6C, 0x6B6D,
  0x6B6D, 0x636D, 0x634C, 0x634C, 0x5B2C, 0x5B2C, 0x632C, 0x5B0C, 0x5B0B, 0x5B0C, 0x5B0C, 0x5B2C,
  0x5B2C, 0x5B2C, 0x632C, 0x632C, 0x634D, 0x634D, 0x634C, 0x634C, 0x634D, 0x636D, 0x636D, 0x6B6D,
  0x6B6D, 0x6B8D, 0x6B8D, 0x6BAE, 0x6BAD, 0x73AE, 0x73AE, 0x73CE, 0x73CE, 0x7BCE, 0x7BCE, 0x7BCE,
  0x7BCE, 0x7BCE, 0x7BCE, 0x7BCE, 0x7BEE, 0x7BCE, 0x7BCE, 0x7BCE, 0x73CE, 0x7BCE, 0x7BEE, 0x7BEE,
  0x7BEF, 0x7BEE, 0x7BCE, 0x7BCE, 0x7BCE, 0x7BCE, 0x7BEE, 0x7BCE, 0x7BEE, 0x7BCE, 0x73AE, 0x73AD,
  0x6BAD, 0x6B8D, 0x6B6D, 0x6B6D, 0x6B6D, 0x636C, 0x634C, 0x634C, 0x634C, 0x5B2C, 0x5B2C, 0x5B2C,
  0x5B0C, 0x5B0B, 0x5B0B, 0x5B0C, 0x5B0B, 0x52EB, 0x52CB, 0x52CB, 0x52CB, 0x52EB, 0x52EB, 0x52EB,
  0x52EC, 0x5AEC, 0x530B, 0x530B, 0x530B, 0x52EB, 0x52EB, 0x52EB, 0x52EB, 0x530C, 0x530C, 0x530C,
  0x530C, 0x530C, 0x5B2C, 0x5B2C, 0x5B2C, 0x5B2C, 0x5B2C, 0x5B2C, 0x5B2D, 0x5B2D, 0x5B2D, 0x634E,
  0x636E, 0x636E, 0x634E, 0x636E, 0x634E, 0x634E, 0x634D, 0x634D, 0x5B4D, 0x5B4D, 0x634D, 0x5B4D,
  0x5B2C, 0x5B2D, 0x5B2C, 0x530C, 0x530C, 0x52EC, 0x4ACB, 0x4ACB, 0x4ACB, 0x4ACB, 0x4ACB, 0x4ACB,
  0x4ACB, 0x4ACB, 0x4AAB, 0x42AA, 0x4AAA, 0x42AA, 0x42AA, 0x4AEC, 0x52EC, 0x530C, 0x532D, 0x530D,
  0x530D, 0x532D, 0x5B2D, 0x5B4E, 0x5B4E, 0x5B4E, 0x5B4E, 0x5B6E, 0x5B6E, 0x5B6E, 0x5B6E, 0x5B4E,
  0x634E, 0x5B4E, 0x5B2D, 0x5B2D, 0x5B2D, 0x5B4E, 0x5B4E, 0x5B4E, 0x5B4E, 0x636E, 0x5B4E, 0x5B4E,
  0x5B4E, 0x5B4E, 0x5B4E, 0x5B4E, 0x4AA9, 0x4269, 0x3A28, 0x4248, 0x4A8A, 0x52CB, 0x5B0B, 0x5B0B,
  0x5B0B, 0x52EC, 0x5B0B, 0x5B0B, 0x5B2C, 0x5B2C, 0x5B2C, 0x5B2C, 0x5B0C, 0x5B2C, 0x5B2C, 0x5B4C,
  0x634D, 0x634D, 0x634D, 0x636D, 0x636D, 0x636D, 0x6B6D, 0x6B6D, 0x6B6D, 0x6B8E, 0x6B8E, 0x6B8E,
  0x73AE, 0x7BCE, 0x73CE, 0x7BEE, 0x7BEE, 0x73CE, 0x73CE, 0x7BCE, 0x73AE, 0x73AE, 0x7BCE, 0x7BCE,
  0x7BEE, 0x840F, 0x840E, 0x842F, 0x840E, 0x840E, 0x840E, 0x8C2F, 0x8C4F, 0x8C4F, 0x944F, 0x9CB1,
  0xAD12, 0xACF2, 0xAD12, 0xAD12, 0xAD12, 0xAD12, 0xAD12, 0xAD12, 0xAD12, 0xAD32, 0xAD32, 0xAD33,
  0xAD33, 0xA4F1, 0x840E, 0x7BAD, 0x83EE, 0x9C90, 0xAD32, 0xAD12, 0xAD12, 0xAD12, 0xAD12, 0xAD12,
  0xAD12, 0xAD32, 0xAD32, 0xAD32, 0xAD32, 0xAD32, 0xAD12, 0xAD12, 0xAD12, 0xAD12, 0xAD12, 0xAD12,
  0xAD12, 0xAD11, 0xAD11, 0xAD12, 0xAD12, 0xA4F2, 0xAD12, 0xAD12, 0xA4F2, 0xA4F2, 0xAD12, 0xACF2,
  0xACF2, 0xACF2, 0xA4F1, 0xA511, 0xA4F1, 0xAD12, 0xAD12, 0xAD12, 0xAD12, 0xAD12, 0xAD12, 0xAD12,
  0xA4F2, 0xAD12, 0xA4F2, 0xA4F2, 0xA4F2, 0xA4D1, 0xA4F1, 0xA4F1, 0xA4F1, 0xA4D1, 0x9C90, 0x8C2E,
  0x8C2E, 0x840E, 0x7BCD, 0x7BED, 0x7BEE, 0x7BEE, 0x7BCD, 0x73AD, 0x738D, 0x738D, 0x738C, 0x6B6C,
  0x6B6C, 0x6B4C, 0x6B4C, 0x6B4C, 0x6B6C, 0x6B6D, 0x6B6D, 0x6B6D, 0x6B6C, 0x634C, 0x634C, 0x632C,
  0x632C, 0x5B2C, 0x5B0C, 0x5B0C, 0x5B0B, 0x5B0B, 0x5B0B, 0x5B2C, 0x632C, 0x632C, 0x5B0C, 0x5B0C,
  0x632C, 0x632C, 0x632C, 0x634C, 0x634C, 0x634C, 0x636D, 0x636C, 0x636D, 0x6B6D, 0x6B6D, 0x6B8D,
  0x6B8D, 0x6B8E, 0x6B8E, 0x6B8E, 0x73AE, 0x73CE, 0x73CE, 0x73AE, 0x73AE, 0x73CE, 0x73AE, 0x73CE,
  0x73AE, 0x73AE, 0x73AE, 0x73AE, 0x73AE, 0x73CE, 0x73CE, 0x73CE, 0x7BCE, 0x7BCE, 0x7BCE, 0x73CE,
  0x73CE, 0x73CE, 0x73CE, 0x73CE, 0x73AE, 0x73AE, 0x73AE, 0x6B8D, 0x6B8D, 0x6B8D, 0x636D, 0x634C,
  0x634C, 0x634C, 0x632C, 0x632C, 0x632C, 0x632C, 0x5B2C, 0x5B2C, 0x5B0C, 0x5B0B, 0x5B0B, 0x530B,
  0x52EB, 0x52EB, 0x52EB, 0x52CA, 0x52CB, 0x52EB, 0x5B0B, 0x52EB, 0x52EB, 0x52EB, 0x52EB, 0x52EB,
  0x52EB, 0x4ACA, 0x4ACA, 0x52EB, 0x4AEB, 0x52EB, 0x52EB, 0x52EC, 0x52EC, 0x530B, 0x530C, 0x530C,
  0x5B0C, 0x5B0C, 0x530C, 0x530C, 0x5B2C, 0x5B2D, 0x5B2D, 0x5B2D, 0x5B4D, 0x5B4D, 0x5B4D, 0x634D,
  0x5B4D, 0x5B4D, 0x5B4D, 0x5B4D, 0x5B4D, 0x5B2D, 0x5B2D, 0x5B2D, 0x5B2C, 0x5B2C, 0x530C, 0x52EB,
  0x52EC, 0x4AEB, 0x4AEB, 0x4ACB, 0x4AAB, 0x4AAA, 0x4AAA, 0x4AAA, 0x4AAA, 0x42AA, 0x42AA, 0x426A,
  0x426A, 0x428A, 0x428A, 0x428A, 0x4ACB, 0x4AAB, 0x52EC, 0x52EC, 0x52EC, 0x52ED, 0x530D, 0x5B2D,
  0x5B2D, 0x5B2D, 0x5B4E, 0x5B4E, 0x5B4E, 0x5B4E, 0x5B4E, 0x5B4E, 0x5B4E, 0x5B4D, 0x532D, 0x5B2D,
  0x532D, 0x532D, 0x5B2D, 0x5B2E, 0x5B4E, 0x5B4E, 0x5B4E, 0x5B4E, 0x5B4E, 0x5B2E, 0x5B2E, 0x5B4E,
  0x4289, 0x3A48, 0x3A28, 0x3A28, 0x4A69, 0x52EB, 0x52EB, 0x52EB, 0x52EB, 0x52CB, 0x52EB, 0x5B0B,
  0x5B0C, 0x5B0C, 0x5B0B, 0x5B0C, 0x5B0C, 0x5B0C, 0x5B0C, 0x5B2C, 0x5B2C, 0x5B2C, 0x5B4C, 0x634D,
  0x634D, 0x634D, 0x634D, 0x6B6D, 0x6B6D, 0x6B6D, 0x6B6D, 0x6B8D, 0x73AE, 0x73AE, 0x73CE, 0x73CE,
  0x73CE, 0x73AE, 0x73AE, 0x73CE, 0x73AD, 0x73AE, 0x73AE, 0x73AE, 0x7BEE, 0x7BEE, 0x840F, 0x840E,
  0x840E, 0x7BEE, 0x7BEE, 0x7C0E, 0x7BEE, 0x8C2F, 0x9490, 0xA4F2, 0xA4F2, 0xA4F2, 0xAD12, 0xA4F2,
  0xA4F2, 0xAD12, 0xA4F2, 0xAD12, 0xAD12, 0xAD12, 0xAD12, 0xAD13, 0xA4F2, 0x946F, 0x8C4F, 0x73AD,
  0x7BCD, 0x8C2E, 0xAD12, 0xAD12, 0xAD12, 0xAD12, 0xAD12, 0xAD12, 0xAD12, 0xAD12, 0xAD12, 0xAD32,
  0xAD12, 0xAD12, 0xAD12, 0xAD12, 0xAD12, 0xAD12, 0xAD12, 0xAD12, 0xA4F1, 0xAD11, 0xAD11, 0xA4F1,
  0xA4F1, 0xA4F2, 0xA512, 0xA512, 0xA4F1, 0xA4F2, 0xA4F2, 0xA4F1, 0xA4F2, 0xA4F2, 0xA4F1, 0xA4F1,
  0xA4F1, 0xAD12, 0xA4F2, 0xA4F2, 0xA4F2, 0xA4F2, 0xA4F2, 0xAD12, 0xA4F2, 0xA4F2, 0xA4F2, 0xA4F1,
  0xA4D1, 0xA4D1, 0xA4D1, 0xA4D1, 0xA4D1, 0x9CB0, 0x8C2E, 0x840E, 0x840E, 0x83ED, 0x7BCD, 0x7BCD,
  0x7BCD, 0x7BAD, 0x7BAD, 0x738D, 0x738D, 0x738D, 0x738C, 0x6B8C, 0x6B6C, 0x6B6C, 0x6B6C, 0x6B4C,
  0x6B6D, 0x6B6D, 0x6B4C, 0x6B6C, 0x634C, 0x634C, 0x632C, 0x632C, 0x634C, 0x632C, 0x5B0C, 0x5B0B,
  0x5B0B, 0x5B0B, 0x5B0C, 0x632C, 0x632C, 0x5B0C, 0x5B0C, 0x5B0C, 0x632C, 0x632C, 0x632C, 0x632C,
  0x5B2C, 0x634C, 0x634C, 0x634C, 0x634C, 0x634C, 0x634C, 0x634C, 0x634D, 0x6B6D, 0x6B6D, 0x6B8E,
  0x6B8E, 0x6B8D, 0x6B8D, 0x6BAE, 0x6BAE, 0x6B8D, 0x6B8D, 0x6B8D, 0x6B8D, 0x6B8D, 0x6B8D, 0x6B8D,
  0x6B8D, 0x6B8D, 0x73AE, 0x73AE, 0x73AE, 0x73AE, 0x73CE, 0x73AE, 0x73AE, 0x73AE, 0x73AE, 0x73AE,
  0x73AE, 0x6BAE, 0x6B8D, 0x6B8D, 0x6B6D, 0x6B6D, 0x636C, 0x634C, 0x634C, 0x632C, 0x632C, 0x5B2C,
  0x5B2C, 0x632C, 0x5B2C, 0x5B2C, 0x5B2C, 0x5B0B, 0x5B0B, 0x52EB, 0x52CB, 0x52EB, 0x52EB, 0x52CA,
  0x52CA, 0x52EB, 0x52EB, 0x52CB, 0x52EB, 0x52CA, 0x52CA, 0x52EB, 0x52CA, 0x4ACA, 0x4ACA, 0x4ACA,
  0x4ACB, 0x4ACB, 0x4ACB, 0x4ACB, 0x4ACB, 0x4AEB, 0x52EB, 0x530C, 0x530C, 0x52EC, 0x52EC, 0x530C,
  0x530C, 0x530C, 0x5B0D, 0x5B0D, 0x5B2D, 0x5B2D, 0x5B4D, 0x5B4D, 0x5B2D, 0x5B2D, 0x5B2D, 0x5B2D,
  0x532C, 0x530C, 0x5B2D, 0x5B2D, 0x5B0C, 0x530C, 0x4ACB, 0x4ACB, 0x4ACB, 0x4ACB, 0x4ACB, 0x4ACB,
  0x4ACB, 0x4AAA, 0x428A, 0x42AA, 0x42AA, 0x428A, 0x4269, 0x3A69, 0x426A, 0x426A, 0x4269, 0x426A,
  0x426A, 0x428A, 0x4ACC, 0x4AEC, 0x4AEC, 0x52EC, 0x52ED, 0x530D, 0x530D, 0x530D, 0x532D, 0x532D,
  0x532D, 0x530D, 0x5B2D, 0x5B2D, 0x5B2D, 0x5B2D, 0x530D, 0x530C, 0x530C, 0x530D, 0x530D, 0x530D,
  0x532D, 0x5B4D, 0x5B2E, 0x5B2E, 0x532E, 0x532E, 0x5B2E, 0x532E, 0x4249, 0x3A08, 0x3207, 0x3A08,
  0x4A69, 0x52CA, 0x52CB, 0x52CB, 0x52CB, 0x52CB, 0x52CB, 0x52EB, 0x52EB, 0x52EB, 0x52EB, 0x530B,
  0x530B, 0x5B0C, 0x5B0C, 0x5B0C, 0x5B2C, 0x5B2C, 0x5B2C, 0x5B2C, 0x5B4C, 0x5B4D, 0x634C, 0x634C,
  0x636D, 0x636D, 0x634D, 0x636D, 0x6B6D, 0x6B8E, 0x73AE, 0x6BAE, 0x6BAD, 0x73AE, 0x73AE, 0x73AE,
  0x73AD, 0x73AE, 0x73AD, 0x73AE, 0x7BCE, 0x840F, 0x842F, 0x842F, 0x842F, 0x7BCD, 0x7BEE, 0x7BEE,
  0x7BEE, 0x840E, 0x9491, 0x9CB1, 0xA4D1, 0xA4F2, 0xA4F2, 0xA4F2, 0x9C90, 0xA4F2, 0xA512, 0x9CB1,
  0x9CD1, 0xA4F2, 0xA4F2, 0xA4F2, 0x9CB1, 0x8C2F, 0x7C0E, 0x73AD, 0x7BCD, 0x9C90, 0xAD12, 0xA4F1,
  0xAD12, 0xAD12, 0xAD12, 0xAD12, 0xAD12, 0xAD12, 0xA512, 0xAD12, 0xAD12, 0xAD12, 0xAD12, 0xAD12,
  0xAD12, 0xA512, 0xAD12, 0xA512, 0xA4F1, 0xA4F1, 0xA4F2, 0xA4F1, 0xA4F1, 0xA4F2, 0xA4F2, 0xA4F2,
  0xA4F1, 0xA4F1, 0xA4F1, 0xA4F1, 0xA4F1, 0xA4F1, 0xA4F1, 0xA4F1, 0xA4F1, 0xA4F1, 0xA4D1, 0xA4D1,
  0xA4D1, 0xA4F1, 0xA4D1, 0xA4F1, 0xA4F2, 0xA4F2, 0xA4D1, 0xA4D1, 0xA4D1, 0xA4D1, 0xA4D1, 0xA4D1,
  0x9CB0, 0x9CB0, 0x8C2E, 0x840E, 0x840E, 0x840E, 0x7BEE, 0x7BCD, 0x73CD, 0x7BAD, 0x7BAD, 0x73AD,
  0x7BAD, 0x73AD, 0x738D, 0x6B6D, 0x6B6C, 0x6B6C, 0x6B6C, 0x6B6D, 0x6B6D, 0x634C, 0x634C, 0x634C,
  0x634C, 0x634C, 0x634C, 0x634C, 0x632C, 0x5B2C, 0x632C, 0x5B0C, 0x5B0B, 0x5B0B, 0x5B0B, 0x5B0C,
  0x5B0B, 0x5B0B, 0x5B0C, 0x632C, 0x632C, 0x632C, 0x632C, 0x5B2C, 0x5B2C, 0x5B2C, 0x5B2C, 0x634C,
  0x634C, 0x634C, 0x632C, 0x632C, 0x632C, 0x634C, 0x634D, 0x636D, 0x6B6D, 0x6B8D, 0x6B6D, 0x6B8D,
  0x6B6D, 0x636D, 0x6B6D, 0x634D, 0x6B6D, 0x6B6D, 0x6B6D, 0x636D, 0x6B6D, 0x6B6D, 0x6B8D, 0x6B8D,
  0x738D, 0x73AD, 0x73AE, 0x73AE, 0x6B8D, 0x6B8E, 0x6B8D, 0x6B8D, 0x6B8D, 0x6B8D, 0x6B6D, 0x6B6D,
  0x636D, 0x636D, 0x634C, 0x632C, 0x632C, 0x5B2C, 0x5B0B, 0x5B2C, 0x5B0B, 0x5B2C, 0x5B2C, 0x5B0B,
  0x5B0B, 0x5B0B, 0x52EB, 0x52EB, 0x52CA, 0x4ACA, 0x52CA, 0x4AAA, 0x4ACA, 0x52CA, 0x52CA, 0x52CB,
  0x52CB, 0x52CA, 0x4ACA, 0x4ACA, 0x4ACA, 0x4AAA, 0x4ACA, 0x4AAA, 0x4ACA, 0x4ACB, 0x4ACB, 0x4ACB,
  0x4ACB, 0x4ACB, 0x4ACB, 0x4ACB, 0x52CB, 0x52CB, 0x4ACB, 0x52EB, 0x52EC, 0x52EC, 0x530D, 0x5B0D,
  0x5B2D, 0x5B2D, 0x5B2D, 0x5B2D, 0x5B2D, 0x5B0D, 0x5B0D, 0x5B0C, 0x530C, 0x530C, 0x530C, 0x530C,
  0x530C, 0x530C, 0x4AAA, 0x4289, 0x42AA, 0x4AAA, 0x428A, 0x428A, 0x42AA, 0x42AA, 0x428A, 0x428A,
  0x428A, 0x3A69, 0x3A69, 0x3A49, 0x3A69, 0x3A49, 0x3A49, 0x3A49, 0x3A69, 0x428A, 0x42AB, 0x4ACB,
  0x4ACC, 0x4ACC, 0x4AEC, 0x52EC, 0x52EC, 0x52EC, 0x530D, 0x530D, 0x530D, 0x530D, 0x530D, 0x530D,
  0x530D, 0x530D, 0x530C, 0x530C, 0x530C, 0x52EC, 0x52EC, 0x52EC, 0x52EC, 0x530D, 0x532D, 0x532E,
  0x532D, 0x532D, 0x532D, 0x530D, 0x4249, 0x31E7, 0x31E7, 0x39E8, 0x3A08, 0x4A89, 0x52CA, 0x4ACB,
  0x52CB, 0x52CB, 0x52CB, 0x52CB, 0x52CB, 0x52EB, 0x52EB, 0x52EB, 0x52EB, 0x530B, 0x530B, 0x530B,
  0x5B0C, 0x5B0C, 0x5B0C, 0x5B0C, 0x5B2C, 0x5B2C, 0x5B2C, 0x634C, 0x634C, 0x634D, 0x636D, 0x634D,
  0x634D, 0x636D, 0x6B8D, 0x6B8E, 0x6B8E, 0x6B8D, 0x6B8D, 0x6BAE, 0x6B8D, 0x6BAE, 0x73AE, 0x73AD,
  0x73AE, 0x7C0F, 0x840F, 0x842F, 0x8C70, 0x73AD, 0x7BEE, 0x7BCE, 0x7BEE, 0x7BEE, 0x7BEE, 0x8C2F,
  0x9CB1, 0xA4D2, 0xA4F2, 0xA4F1, 0x944F, 0x9CB1, 0xA4F2, 0x9470, 0x9CB1, 0xA4F2, 0xA4F2, 0xA4F2,
  0x8C4F, 0x7BEE, 0x7BEE, 0x738D, 0x73CD, 0x7BCD, 0x9C70, 0xA4F1, 0xACF2, 0xAD12, 0xACF2, 0xAD12,
  0xAD12, 0xA4F2, 0xA4F2, 0xA4F2, 0xA512, 0xA512, 0xA512, 0xAD12, 0xA4F2, 0xA4F2, 0xA4F2, 0xA4F1,
  0xA4F2, 0xA4F2, 0xA4F1, 0xA4D1, 0xA4F1, 0xA4F1, 0xA4F2, 0xA4F1, 0xA4F1, 0xA4F1, 0xA4F1, 0xA4D1,
  0x9CD1, 0x9CD1, 0xA4D1, 0xA4D1, 0xA4D1, 0xA4D1, 0xA4D1, 0xA4D1, 0xA4D1, 0xA4D1, 0xA4D1, 0xA4F1,
  0xA4D1, 0xA4D1, 0xA4D1, 0xA4D1, 0xA4D1, 0x9CB1, 0xA4D1, 0x9C90, 0x946F, 0x944F, 0x8C2E, 0x840E,
  0x840E, 0x840E, 0x7BEE, 0x7BCD, 0x7BCD, 0x7BAD, 0x73AD, 0x7BAD, 0x7BAD, 0x73AD, 0x738D, 0x6B8D,
  0x6B8D, 0x6B8D, 0x6B6D, 0x634C, 0x636C, 0x634C, 0x634C, 0x636D, 0x636D, 0x634C, 0x634C, 0x634C,
  0x632C, 0x5B2C, 0x5B0C, 0x5B0C, 0x5B0B, 0x5B0C, 0x5B0B, 0x5AEB, 0x5AEB, 0x5B0B, 0x5B0B, 0x5B0B,
  0x5B0C, 0x5B0C, 0x632C, 0x5B2C, 0x5B2C, 0x5B2C, 0x5B2C, 0x5B2C, 0x632C, 0x5B2C, 0x5B0C, 0x5B2C,
  0x5B2C, 0x5B2C, 0x636D, 0x634D, 0x634D, 0x636D, 0x636D, 0x636D, 0x636D, 0x636D, 0x634D, 0x634D,
  0x634D, 0x634D, 0x634D, 0x634C, 0x636C, 0x636D, 0x6B6D, 0x6B8D, 0x6B8D, 0x738D, 0x6B8D, 0x6B8D,
  0x6B6D, 0x6B6D, 0x6B8D, 0x6B8D, 0x6B8D, 0x6B8D, 0x6B6D, 0x634D, 0x634C, 0x634C, 0x634C, 0x632C,
  0x5B2C, 0x5B0B, 0x5B0B, 0x5B0B, 0x5B0B, 0x5B0B, 0x5B0B, 0x530B, 0x530B, 0x530B, 0x530B, 0x52EB,
  0x52CA, 0x4AAA, 0x4AAA, 0x4A89, 0x4AAA, 0x4AAA, 0x4AAA, 0x52CA, 0x52CB, 0x4ACA, 0x4AAA, 0x4AAA,
  0x4AAA, 0x4AAA, 0x4AAA, 0x4AAA, 0x4AAA, 0x4AAA, 0x4AAA, 0x4ACB, 0x4ACB, 0x4ACB, 0x4ACB, 0x4ACB,
  0x4AAB, 0x4AAB, 0x4AAB, 0x4AAB, 0x4ACB, 0x52EC, 0x52EC, 0x530C, 0x530C, 0x5B2D, 0x5B2D, 0x5B2C,
  0x530C, 0x5B0C, 0x5B0D, 0x5B0C, 0x530C, 0x52EC, 0x52EC, 0x52EB, 0x52EB, 0x4ACA, 0x4AAA, 0x4289,
  0x4289, 0x42AA, 0x426A, 0x428A, 0x4AAA, 0x428A, 0x428A, 0x426A, 0x428A, 0x3A69, 0x3A49, 0x3A49,
  0x3A49, 0x3A49, 0x3A49, 0x3A49, 0x3A69, 0x428A, 0x428A, 0x42AB, 0x4ACB, 0x4AAB, 0x4ACC, 0x4AEC,
  0x52EC, 0x52EC, 0x530C, 0x530C, 0x52EC, 0x52EC, 0x52EC, 0x52EC, 0x52EC, 0x52EC, 0x52EC, 0x4AEC,
  0x4AEC, 0x4ACC, 0x4ACC, 0x4ACC, 0x4AEC, 0x530C, 0x530D, 0x530D, 0x530D, 0x530D, 0x530D, 0x530D,
  0x3A08, 0x31E8, 0x31E7, 0x31C7, 0x39E8, 0x4269, 0x4AAA, 0x4AAA, 0x4AAA, 0x4ACB, 0x4AAB, 0x52AB,
  0x52CB, 0x52CB, 0x52CB, 0x52EB, 0x52EB, 0x52EB, 0x52EB, 0x52EB, 0x52EB, 0x52EB, 0x530B, 0x5B0C,
  0x5B0C, 0x5B2C, 0x5B2C, 0x5B2C, 0x5B2C, 0x5B2C, 0x634C, 0x634C, 0x634D, 0x634D, 0x634D, 0x6B6E,
  0x6B6E, 0x6B8D, 0x6B8D, 0x6B8D, 0x6B8D, 0x6B8E, 0x73AD, 0x73AD, 0x73AE, 0x7BEE, 0x840F, 0x7BEE,
  0x840F, 0x7BCE, 0x7BCE, 0x73AD, 0x73AD, 0x7BCD, 0x7BCD, 0x840E, 0x83EE, 0x9470, 0x9CD2, 0xA4F2,
  0x8C4F, 0x9CB1, 0x9CB1, 0x8C4F, 0x9CD1, 0x9CD1, 0xA4D2, 0x9490, 0x83EE, 0x7BEE, 0x73CE, 0x6B6D,
  0x6B4C, 0x738D, 0x8C2F, 0xA4F1, 0xACF2, 0xACF2, 0xA4F1, 0xA4F2, 0xA4F2, 0xA4F2, 0xA512, 0xA512,
  0xA4F2, 0xA4F2, 0xA4F2, 0xA512, 0xA4F2, 0xA4F2, 0xA4F1, 0xA4F1, 0xA4F1, 0xA4F1, 0xA4F1, 0xA4F2,
  0xA4F2, 0xA4D1, 0xA4F2, 0xA4F2, 0xA4D1, 0xA4F1, 0x9CD1, 0x9CD1, 0x9CD1, 0x9CD1, 0x9CB1, 0x9CB1,
  0x9CB1, 0x9CB1, 0x9CB1, 0xA4D1, 0xA4D1, 0xA4D1, 0xA4D1, 0xA4D1, 0xA4D1, 0xA4D1, 0xA4D1, 0x9CB1,
  0x9CB1, 0x9CB1, 0x9C90, 0x944F, 0x8C2E, 0x8C0E, 0x8C0E, 0x840E, 0x840E, 0x83EE, 0x7BEE, 0x7BEE,
  0x7BCD, 0x7BAD, 0x7BAD, 0x7BAD, 0x7BAD, 0x738D, 0x73AD, 0x738D, 0x6B8D, 0x6B8D, 0x6B6D, 0x636D,
  0x634D, 0x634D, 0x634D, 0x634D, 0x636D, 0x636D, 0x634C, 0x632C, 0x632C, 0x5B0B, 0x5B0B, 0x5B0C,
  0x5B0B, 0x5B0C, 0x5B0C, 0x5B0C, 0x5B0C, 0x5B0B, 0x5AEB, 0x52CB, 0x5AEB, 0x5B0C, 0x5B2C, 0x5B2C,
  0x5B2C, 0x5B2C, 0x5B0C, 0x5B0C, 0x5B2C, 0x5B2C, 0x5B0C, 0x5B0C, 0x5B2C, 0x5B4C, 0x634C, 0x634C,
  0x634D, 0x634C, 0x634D, 0x634C, 0x634C, 0x634C, 0x634C, 0x634C, 0x634C, 0x634C, 0x634C, 0x634C,
  0x5B4C, 0x632C, 0x634C, 0x636D, 0x6B6D, 0x6B6D, 0x6B8D, 0x6B6D, 0x636D, 0x636D, 0x636D, 0x636D,
  0x636D, 0x636D, 0x634C, 0x634C, 0x632C, 0x632C, 0x632C, 0x5B2C, 0x5B2C, 0x5B0B, 0x5B0B, 0x5AEB,
  0x52EB, 0x5AEB, 0x52EB, 0x52EB, 0x52EB, 0x52EB, 0x52EB, 0x52CA, 0x4AAA, 0x4A8A, 0x4AAA, 0x4A89,
  0x4A8A, 0x4AAA, 0x4AAA, 0x4ACA, 0x4AAA, 0x4AAA, 0x4A8A, 0x4A89, 0x4A89, 0x4289, 0x4AAA, 0x4AAA,
  0x4AAA, 0x4AAA, 0x4AAA, 0x4AAA, 0x4ACB, 0x4ACB, 0x4ACB, 0x4ACB, 0x4AAA, 0x4AAB, 0x4AAA, 0x4AAA,
  0x4AAB, 0x4ACB, 0x52CC, 0x52EC, 0x52EC, 0x530C, 0x530C, 0x530C, 0x530C, 0x5B0C, 0x5B0C, 0x530C,
  0x530C, 0x4AEC, 0x52EB, 0x52EB, 0x4ACA, 0x428A, 0x4289, 0x4289, 0x4289, 0x428A, 0x4289, 0x428A,
  0x428A, 0x428A, 0x3A49, 0x3A49, 0x3A69, 0x3A49, 0x3A49, 0x3A49, 0x3A49, 0x3A49, 0x3A49, 0x3A49,
  0x3A69, 0x3A69, 0x3A6A, 0x428A, 0x4AAB, 0x4AAB, 0x4ACB, 0x4ACC, 0x4ACC, 0x4AEC, 0x4AEC, 0x4AEC,
  0x4AEC, 0x4AEC, 0x52EC, 0x52EC, 0x52EC, 0x4AEC, 0x4ACB, 0x4ACB, 0x4ACB, 0x4ACB, 0x4ACB, 0x4ACC,
  0x4ACC, 0x4ACC, 0x52ED, 0x4AED, 0x52ED, 0x530D, 0x530D, 0x530D, 0x31C7, 0x31C7, 0x31E7, 0x31E7,
  0x3A28, 0x4249, 0x4AAA, 0x4A8A, 0x4A8A, 0x4AAA, 0x4AAA, 0x4AAA, 0x52CB, 0x52CB, 0x52CB, 0x52CB,
  0x52CB, 0x52EB, 0x52CB, 0x52CB, 0x52EB, 0x52EB, 0x52EB, 0x52EB, 0x5B0C, 0x5B0C, 0x530B, 0x5B0C,
  0x632C, 0x5B2C, 0x632C, 0x632C, 0x634C, 0x634C, 0x634D, 0x636D, 0x636D, 0x636D, 0x6B6D, 0x6B8E,
  0x6B8E, 0x6B8E, 0x6B8E, 0x6B8E, 0x73AE, 0x73AE, 0x73CE, 0x7BCE, 0x73AE, 0x73AE, 0x73AE, 0x73AD,
  0x738D, 0x73AD, 0x73AD, 0x7BCE, 0x7BCD, 0x83EE, 0x9CD1, 0x9CD1, 0x844F, 0x844F, 0x7C0F, 0x7BCD,
  0x9470, 0x9CB1, 0x8C4F, 0x842F, 0x7BEE, 0x7BCE, 0x6B8D, 0x6B6C, 0x6B4C, 0x738D, 0x840E, 0xA4D1,
  0xA4F1, 0xA4F2, 0xA4F2, 0xA4F2, 0xA4D1, 0xA4D1, 0xA4F2, 0xA4F1, 0xA4F1, 0xA4F2, 0xA4F2, 0xA4F2,
  0xA4F2, 0xA4F2, 0xA4F2, 0xA4D1, 0xA4D1, 0xA4F2, 0xA4D1, 0xA4D2, 0xA4D1, 0xA4F2, 0xA4F2, 0x9CD1,
  0x9CD1, 0x9CD1, 0x9CD1, 0x9CD1, 0x9CD1, 0x9CD1, 0x9CB1, 0x9CB1, 0x9CB1, 0x9CB1, 0x9CB1, 0x9CD1,
  0x9CD1, 0x9CD1, 0x9CD1, 0x9CD1, 0x9CD1, 0x9CB1, 0x9CB0, 0x9C90, 0x9CB0, 0x9CB0, 0x946F, 0x8C4F,
  0x8C2F, 0x8C2F, 0x840E, 0x83EE, 0x840E, 0x7BEE, 0x7BEE, 0x7BCE, 0x7BCD, 0x7BCE, 0x73AD, 0x7BCE,
  0x7BCE, 0x73AD, 0x73AD, 0x738D, 0x738D, 0x6B8D, 0x6B8D, 0x6B6D, 0x636D, 0x634C, 0x634D, 0x634C,
  0x636D, 0x6B6D, 0x634C, 0x634C, 0x5B2C, 0x5B2B, 0x5B0C, 0x5B0C, 0x5B0B, 0x5B0C, 0x5B0C, 0x5B0C,
  0x5B0B, 0x5B0B, 0x52EB, 0x52CB, 0x52EB, 0x5B0B, 0x5B2C, 0x5B2C, 0x5B2C, 0x5B2C, 0x5B0C, 0x5B0C,
  0x5B2C, 0x5B0C, 0x5B0C, 0x5B2C, 0x5B2C, 0x5B2C, 0x5B2C, 0x5B4C, 0x634C, 0x5B4C, 0x5B2C, 0x5B4C,
  0x5B2C, 0x5B2C, 0x5B4C, 0x5B2C, 0x5B2C, 0x5B2C, 0x5B2C, 0x5B2C, 0x5B2C, 0x5B2C, 0x5B2C, 0x5B2C,
  0x634C, 0x636D, 0x636D, 0x636D, 0x634D, 0x636D, 0x636D, 0x636D, 0x5B4C, 0x5B4C, 0x5B4C, 0x5B4C,
  0x5B2C, 0x5B2C, 0x5B2C, 0x5B2C, 0x5B0C, 0x5B0B, 0x5B0C, 0x52EB, 0x52CB, 0x52EB, 0x52EB, 0x52EB,
  0x52CB, 0x52CA, 0x4ACA, 0x4AAA, 0x4A8A, 0x4A89, 0x4A8A, 0x428A, 0x4A8A, 0x4AA9, 0x4AAA, 0x4AAA,
  0x4AA9, 0x4AA9, 0x4A89, 0x4289, 0x4289, 0x4289, 0x4A89, 0x4289, 0x4289, 0x4A89, 0x4AAA, 0x42AA,
  0x4AAA, 0x4AAA, 0x4ACB, 0x4ACB, 0x4AAA, 0x4AAA, 0x42AA, 0x4AAA, 0x4AAB, 0x4ACB, 0x4ACB, 0x4ACC,
  0x4AEC, 0x52EC, 0x52EC, 0x52EC, 0x52EC, 0x530C, 0x52EC, 0x530C, 0x52EC, 0x4ACB, 0x4ACB, 0x4ACB,
  0x4AAA, 0x4289, 0x4289, 0x4269, 0x3A68, 0x4289, 0x4289, 0x3A68, 0x3A69, 0x3A69, 0x3A49, 0x3A49,
  0x3A49, 0x3A69, 0x3A69, 0x3A69, 0x3A49, 0x3A28, 0x3228, 0x3A49, 0x3A49, 0x3A49, 0x3A49, 0x3A6A,
  0x428B, 0x4AAB, 0x4ACB, 0x4ACB, 0x4ACB, 0x4ACC, 0x4ACC, 0x4ACC, 0x4ACC, 0x4ACC, 0x4ACC, 0x4ACC,
  0x52EC, 0x4ACB, 0x4AAA, 0x4AAA, 0x4AAA, 0x42AB, 0x4AAB, 0x4ACB, 0x4ACB, 0x4ACB, 0x4ACC, 0x4ACC,
  0x4ACC, 0x52ED, 0x52ED, 0x52EC, 0x31E7, 0x31C7, 0x31C7, 0x31E7, 0x31E7, 0x3A28, 0x4249, 0x4269,
  0x428A, 0x428A, 0x4AAA, 0x4AAA, 0x4AAB, 0x52CB, 0x4AAB, 0x52CB, 0x52CB, 0x52CB, 0x52CB, 0x52CB,
  0x52CB, 0x52CB, 0x52CB, 0x52CB, 0x52EC, 0x52EC, 0x52EB, 0x5B0B, 0x5B0C, 0x5B0C, 0x5B0C, 0x5B2C,
  0x5B2C, 0x5B4C, 0x5B4C, 0x634C, 0x634C, 0x634D, 0x634D, 0x6B6D, 0x6B6E, 0x738E, 0x6B8E, 0x6B6D,
  0x6B8D, 0x738E, 0x7BCE, 0x7BCE, 0x7BCE, 0x6B8D, 0x6B8D, 0x6B8D, 0x738D, 0x738D, 0x738D, 0x73CE,
  0x8C50, 0x842F, 0x9491, 0x8C70, 0x7BCE, 0x73CD, 0x73AD, 0x73AD, 0x7BCD, 0x840F, 0x7BEE, 0x7BCD,
  0x7BCE, 0x7BCE, 0x738D, 0x6B6C, 0x6B6C, 0x6B6D, 0x7BCE, 0x9CD1, 0xA4D1, 0xA4D1, 0x9CD2, 0x9CD2,
  0xA4F1, 0xA4F1, 0xA4F1, 0xA4F2, 0xA4F2, 0xA4F2, 0xA4F2, 0xA4F2, 0xA4D1, 0xA4D1, 0xA4D1, 0xA4D1,
  0xA4D1, 0xA4D1, 0x9CD1, 0xA4D1, 0xA4D1, 0xA4D1, 0xA4F2, 0x9CD1, 0x9CD1, 0x9CD1, 0x9CD1, 0x9CB1,
  0x9CB1, 0x9CB1, 0x9CB1, 0x9CB1, 0x9CB1, 0x9CB1, 0x9CB1, 0x9CB1, 0x9CB1, 0x9CB1, 0x9CB1, 0x9CD1,
  0x9CB1, 0x9CB0, 0x9490, 0x948F, 0x9490, 0x9490, 0x8C4F, 0x8C4F, 0x8C2F, 0x840E, 0x840E, 0x83EE,
  0x840E, 0x83EE, 0x7BEE, 0x7BCE, 0x7BCD, 0x73AD, 0x7BCE, 0x7BCE, 0x7BCE, 0x73AD, 0x73AE, 0x73AE,
  0x73AD, 0x6B6D, 0x6B8D, 0x6B8D, 0x6B6D, 0x636D, 0x6B6D, 0x6B6D, 0x634C, 0x636D, 0x634C, 0x634C,
  0x634C, 0x5B4C, 0x5B2C, 0x5B2C, 0x5B2C, 0x5B0C, 0x5B0B, 0x5B0B, 0x5B0B, 0x5B0C, 0x5AEB, 0x52CB,
  0x52EB, 0x52EB, 0x5B0B, 0x5B2C, 0x5B2C, 0x5B2C, 0x5B0C, 0x530B, 0x5B0C, 0x5B0C, 0x530B, 0x5B2C,
  0x5B2C, 0x5B0C, 0x5B2C, 0x5B2C, 0x5B2C, 0x5B2C, 0x5B2C, 0x5B2C, 0x5B2C, 0x5B2C, 0x5B2C, 0x5B0C,
  0x5B2C, 0x5B0B, 0x5B0C, 0x5B2C, 0x5B0C, 0x5B0C, 0x5B2C, 0x5B2C, 0x5B2C, 0x5B4C, 0x634C, 0x634C,
  0x5B4C, 0x5B4C, 0x5B4C, 0x5B4C, 0x5B4C, 0x5B2C, 0x5B4C, 0x5B2C, 0x5B2C, 0x5B2C, 0x5B2C, 0x5B0B,
  0x5B0B, 0x5B0B, 0x5B0B, 0x52EB, 0x52CB, 0x52EB, 0x52CA, 0x4ACA, 0x4AAA, 0x4ACA, 0x4AAA, 0x4A89,
  0x4269, 0x4289, 0x4269, 0x4269, 0x428A, 0x4A89, 0x4A89, 0x4AA9, 0x4A89, 0x4A89, 0x4A89, 0x4269,
  0x4269, 0x4269, 0x4269, 0x4269, 0x4268, 0x4269, 0x4289, 0x4289, 0x42AA, 0x4AAA, 0x4AAA, 0x4AAA,
  0x4AAA, 0x4AAA, 0x428A, 0x42AA, 0x4AAB, 0x4ACB, 0x4ACB, 0x4ACB, 0x4ACB, 0x4ACB, 0x52CC, 0x52EC,
  0x52CC, 0x4AEB, 0x52EC, 0x52EC, 0x4AEB, 0x4ACB, 0x4ACB, 0x4ACA, 0x4ACA, 0x4289, 0x4289, 0x4269,
  0x4289, 0x3A69, 0x3A48, 0x3A48, 0x3A48, 0x3A49, 0x3A49, 0x3A49, 0x3A49, 0x3A49, 0x3A48, 0x3A48,
  0x3228, 0x3228, 0x3A29, 0x3A29, 0x3A29, 0x3A49, 0x3A49, 0x3A6A, 0x3A6A, 0x42AA, 0x4ACB, 0x4AAB,
  0x4AAB, 0x4ACB, 0x4AAB, 0x4ACB, 0x4AAB, 0x4ACB, 0x4ACB, 0x4ACB, 0x4AEB, 0x4ACB, 0x428A, 0x42AA,
  0x428A, 0x428A, 0x428A, 0x4AAB, 0x4AAB, 0x4ACB, 0x4AAB, 0x4ACC, 0x4ACC, 0x4ACC, 0x4ACC, 0x4ACC,
  0x31C7, 0x29A6, 0x29A6, 0x31C7, 0x31E7, 0x3A08, 0x31E7, 0x3A28, 0x428A, 0x428A, 0x4A8A, 0x4A8A,
  0x4AAA, 0x4AAB, 0x4AAB, 0x52CB, 0x52CA, 0x4AAA, 0x52CB, 0x52CB, 0x52CB, 0x52CB, 0x52CB, 0x52CB,
  0x52EB, 0x52EB, 0x52EB, 0x52EB, 0x52EB, 0x5B0B, 0x5B0C, 0x5B0C, 0x5B0C, 0x5B2C, 0x5B2C, 0x5B2C,
  0x5B2C, 0x5B2C, 0x634D, 0x636D, 0x6B6D, 0x6B6D, 0x636D, 0x6B6D, 0x73AE, 0x73CE, 0x7BEF, 0x8430,
  0x73AE, 0x6B6D, 0x6B6D, 0x6B6D, 0x6B8D, 0x6B8D, 0x6B8D, 0x73AD, 0x73CE, 0x842F, 0x8C50, 0x7BEE,
  0x7BCE, 0x6B8D, 0x6B8D, 0x6B6D, 0x7BCE, 0x7BEE, 0x7BCE, 0x842F, 0x7BCE, 0x73AD, 0x6B8D, 0x6B4C,
  0x6B4C, 0x634C, 0x73CE, 0x8C50, 0x944F, 0xA4D1, 0x9CF2, 0xA4D2, 0xA4D1, 0xA4D1, 0xA4D1, 0xA4F2,
  0xA4F2, 0xA4F2, 0x9CD1, 0x9CD1, 0x9CD1, 0x9CD1, 0x9CD1, 0x9CD1, 0x9CD1, 0x9CD1, 0x9CD1, 0x9CD1,
  0xA4D1, 0x9CD1, 0x9CD1, 0x9CD1, 0x9CD1, 0x9CD1, 0x9CB1, 0x9CB1, 0x9CB1, 0x9CB1, 0x9CB1, 0x9CB1,
  0x9CB1, 0x9CB1, 0x9CB1, 0x9CB1, 0x9CD1, 0x9CB0, 0x94B0, 0x94B0, 0x9CB0, 0x948F, 0x946F, 0x8C6F,
  0x8C4F, 0x8C4E, 0x8C4F, 0x8C2E, 0x842E, 0x840E, 0x840E, 0x840E, 0x840E, 0x840E, 0x7BEE, 0x7BEE,
  0x7BEE, 0x7BCE, 0x7BCE, 0x7BEE, 0x7BEE, 0x7BCE, 0x7BCE, 0x73AD, 0x73AD, 0x738D, 0x738D, 0x6B8D,
  0x6B8D, 0x6B6D, 0x6B6D, 0x6B6D, 0x636D, 0x636D, 0x634C, 0x634C, 0x636C, 0x634C, 0x5B2C, 0x632C,
  0x632C, 0x5B0C, 0x5AEB, 0x5B0B, 0x5B0B, 0x5B0B, 0x5AEB, 0x52EB, 0x52EB, 0x52EB, 0x530B, 0x5B0C,
  0x5B2C, 0x5B2C, 0x5B0C, 0x530B, 0x530B, 0x52EB, 0x5B0C, 0x5B0C, 0x5B0C, 0x530B, 0x5B0C, 0x5B0C,
  0x5B0C, 0x5B0C, 0x5B0B, 0x52EB, 0x5B0C, 0x5B2C, 0x5B0C, 0x530B, 0x52EB, 0x52EB, 0x530B, 0x5B0C,
  0x530B, 0x5B0B, 0x5B0C, 0x5B2C, 0x5B0B, 0x5B2C, 0x5B2C, 0x5B2C, 0x5B2C, 0x5B2C, 0x5B2C, 0x5B2C,
  0x5B2C, 0x5B2C, 0x5B2C, 0x5B2C, 0x5B0B, 0x5B0C, 0x5B0B, 0x5B0B, 0x52EB, 0x52EB, 0x52EB, 0x52EB,
  0x52CA, 0x52CB, 0x4ACA, 0x4ACA, 0x4AAA, 0x4AAA, 0x4AAA, 0x4A89, 0x4A89, 0x4289, 0x4269, 0x4269,
  0x4269, 0x4269, 0x4289, 0x4A89, 0x4A89, 0x4289, 0x4289, 0x4269, 0x4268, 0x4269, 0x4289, 0x4268,
  0x4268, 0x4248, 0x4269, 0x3A69, 0x4289, 0x428A, 0x4269, 0x428A, 0x428A, 0x428A, 0x428A, 0x42AA,
  0x4AAB, 0x4ACB, 0x4ACB, 0x4ACB, 0x4ACB, 0x4ACB, 0x4ACB, 0x52CC, 0x52CB, 0x4ACB, 0x4AEB, 0x4ACB,
  0x4ACB, 0x4AAB, 0x4ACB, 0x4ACA, 0x4ACA, 0x4AA9, 0x4269, 0x3A69, 0x3A68, 0x3A69, 0x3A48, 0x3228,
  0x3A48, 0x3A28, 0x3A49, 0x3A69, 0x3A28, 0x3228, 0x3A48, 0x3A28, 0x3228, 0x3A28, 0x3A49, 0x3A29,
  0x3A49, 0x3A49, 0x3A49, 0x3A6A, 0x3A4A, 0x426A, 0x42AA, 0x42AB, 0x4AAB, 0x4AAB, 0x4ACB, 0x4ACB,
  0x4ACB, 0x4ACB, 0x4AAB, 0x4AAB, 0x4ACB, 0x4AAB, 0x428A, 0x42AA, 0x428A, 0x426A, 0x428A, 0x428A,
  0x42AB, 0x428A, 0x42AB, 0x42AB, 0x42AB, 0x4AAB, 0x4ACB, 0x42AB, 0x29A6, 0x29C6, 0x29A6, 0x29A6,
  0x31E7, 0x31C7, 0x29A6, 0x3A08, 0x426A, 0x428A, 0x428A, 0x4A8A, 0x4A8A, 0x4AAA, 0x4AAA, 0x4AAA,
  0x4AAA, 0x4AAA, 0x4AAA, 0x4ACA, 0x4AAA, 0x4AAB, 0x52CB, 0x4AAB, 0x52CB, 0x52CB, 0x52CB, 0x52EB,
  0x52EB, 0x52EB, 0x5AEB, 0x52EB, 0x530B, 0x530B, 0x5B0C, 0x5B2C, 0x5B2C, 0x5B2C, 0x634D, 0x634D,
  0x634D, 0x634D, 0x636D, 0x636D, 0x636D, 0x634D, 0x6B8D, 0x6B8E, 0x6B6D, 0x6B6D, 0x6B6D, 0x636D,
  0x6B6D, 0x6B6D, 0x6B6D, 0x738D, 0x738D, 0x7BCE, 0x840F, 0x7BCE, 0x738D, 0x6B8D, 0x6B6D, 0x6B6D,
  0x73CE, 0x73AE, 0x6B6D, 0x73AE, 0x6B8D, 0x6B6D, 0x6B6D, 0x6B4C, 0x6B8D, 0x6B6C, 0x632C, 0x7BCE,
  0x9CB1, 0xA4F2, 0xA4F2, 0x9CD1, 0x9CD1, 0x9CD1, 0x9CD1, 0xA4D2, 0x9CD1, 0x9CD1, 0x9CD1, 0x9CD1,
  0x9CD1, 0x9CD1, 0x9CD1, 0x9CD1, 0x9CD1, 0x9CD1, 0x9CD1, 0x9CD1, 0x9CD1, 0x9CD1, 0x9CD1, 0x9CD1,
  0x9CD1, 0x9CB1, 0x9CB1, 0x9490, 0x9490, 0x9CB1, 0x94B1, 0x9CB1, 0x94B1, 0x9CB1, 0x9490, 0x9CB1,
  0x9CB0, 0x9CB0, 0x9490, 0x9490, 0x9490, 0x8C4F, 0x842E, 0x842E, 0x842E, 0x842E, 0x8C4E, 0x8C2E,
  0x8C2E, 0x840E, 0x840E, 0x840E, 0x840E, 0x840E, 0x83EE, 0x7BEE, 0x7BEE, 0x7BEE, 0x7BEE, 0x7BEE,
  0x7BEE, 0x7BCE, 0x7BCE, 0x73AD, 0x73AD, 0x738D, 0x73AD, 0x738D, 0x6B8D, 0x6B6D, 0x6B6D, 0x6B6D,
  0x6B6D, 0x6B6D, 0x634C, 0x634C, 0x634C, 0x634C, 0x634C, 0x632C, 0x632C, 0x5B2C, 0x5B0B, 0x5B0B,
  0x5B0B, 0x5AEB, 0x5AEB, 0x52CB, 0x52CB, 0x52EB, 0x52EB, 0x5B0C, 0x5B0C, 0x5B0C, 0x5B0C, 0x5B0C,
  0x5B0C, 0x52EB, 0x530B, 0x52EB, 0x52EB, 0x52EB, 0x52EB, 0x52EB, 0x52EB, 0x52EB, 0x52EB, 0x52CB,
  0x52EB, 0x52EB, 0x52EB, 0x52EB, 0x52EB, 0x52EB, 0x52EB, 0x52EB, 0x52EB, 0x52EB, 0x5B0B, 0x5B0B,
  0x52EB, 0x52EB, 0x5B2C, 0x5B2C, 0x5B2C, 0x5B0C, 0x5B0C, 0x5B0C, 0x5B2C, 0x5B2C, 0x5B2C, 0x5B0C,
  0x530B, 0x5B0B, 0x52EB, 0x52EB, 0x52EB, 0x52EB, 0x52EB, 0x52CA, 0x4ACA, 0x4ACA, 0x4AAA, 0x4AAA,
  0x4AAA, 0x4A8A, 0x4A89, 0x4A89, 0x4A89, 0x4269, 0x4269, 0x4269, 0x4269, 0x4269, 0x428A, 0x4AAA,
  0x4289, 0x4289, 0x4289, 0x4AA9, 0x4268, 0x4289, 0x4289, 0x4268, 0x3A48, 0x3A48, 0x3A48, 0x3A48,
  0x3A69, 0x4269, 0x4269, 0x4269, 0x4269, 0x428A, 0x42AA, 0x428A, 0x42AA, 0x4AAB, 0x4ACB, 0x4AAB,
  0x4ACB, 0x4ACB, 0x4ACB, 0x52CB, 0x52CB, 0x4ACB, 0x4AEB, 0x4ACB, 0x4AAA, 0x4AAA, 0x4AAA, 0x4289,
  0x4AA9, 0x4288, 0x3A48, 0x3A48, 0x3A48, 0x3A28, 0x3A28, 0x3A28, 0x3A48, 0x3228, 0x3A28, 0x3A48,
  0x3A28, 0x3228, 0x3228, 0x3228, 0x3208, 0x3208, 0x3A49, 0x3A49, 0x3A49, 0x3229, 0x3A49, 0x3A49,
  0x3A4A, 0x3A69, 0x428A, 0x42AB, 0x4AAB, 0x4ACB, 0x4ACB, 0x4ACB, 0x4ACB, 0x4AAB, 0x4AAB, 0x42AA,
  0x428A, 0x4269, 0x426A, 0x428A, 0x426A, 0x426A, 0x426A, 0x428A, 0x428A, 0x428A, 0x428A, 0x428A,
  0x428A, 0x428B, 0x42AB, 0x428B, 0x31C7, 0x29A6, 0x29A6, 0x29A6, 0x29A6, 0x2986, 0x29A6, 0x31E7,
  0x4269, 0x426A, 0x4269, 0x426A, 0x4A8A, 0x4A8A, 0x4AAA, 0x4AAA, 0x4AAA, 0x4AAA, 0x4AAA, 0x4AAA,
  0x4AAA, 0x4AAB, 0x4AAB, 0x4AAB, 0x52CB, 0x52CB, 0x4ACB, 0x4ACB, 0x52CB, 0x52CB, 0x52EB, 0x52EB,
  0x52EB, 0x52EB, 0x52EC, 0x5B0C, 0x5B0C, 0x5B2C, 0x5B4C, 0x634D, 0x634D, 0x634D, 0x634D, 0x634D,
  0x634D, 0x634D, 0x6B8D, 0x6B6D, 0x634D, 0x634D, 0x634D, 0x634D, 0x636D, 0x634D, 0x636D, 0x6B6D,
  0x6B6D, 0x73CE, 0x7BEF, 0x73AE, 0x6B8D, 0x6B6D, 0x634D, 0x634D, 0x636D, 0x634D, 0x6B4D, 0x6B4D,
  0x738E, 0x6B8D, 0x636D, 0x6B6D, 0x6BAE, 0x6B8D, 0x634C, 0x840F, 0x9CD1, 0x9CD1, 0xA4D1, 0x9CD1,
  0x9CD1, 0x9CD1, 0x9CD1, 0x9CD1, 0x9CD1, 0x9CD1, 0x9CD1, 0x9CD1, 0x9CD1, 0x9CD1, 0x9CD1, 0x9CD1,
  0x9CD1, 0x9CD1, 0x9CD1, 0x9CD1, 0x9CD1, 0x9CD1, 0x9CD1, 0x94B1, 0x842F, 0x9CB1, 0x9C91, 0x9490,
  0x9490, 0x9490, 0x9490, 0x9490, 0x9490, 0x9490, 0x83EE, 0x8C2F, 0x9CB0, 0x9490, 0x9490, 0x9470,
  0x8C4F, 0x840E, 0x840E, 0x840E, 0x840E, 0x840E, 0x8C4F, 0x8C2E, 0x840E, 0x83EE, 0x83EE, 0x840E,
  0x840E, 0x840E, 0x840E, 0x7BEE, 0x7C0E, 0x7BEE, 0x7BEE, 0x7BEE, 0x7BCE, 0x7BCE, 0x7BAD, 0x7BAD,
  0x73AD, 0x73AD, 0x738D, 0x738D, 0x6B8D, 0x6B8D, 0x6B8D, 0x6B8D, 0x6B8D, 0x6B8D, 0x6B6D, 0x636D,
  0x636C, 0x5B4C, 0x634C, 0x634C, 0x634C, 0x632C, 0x5B0C, 0x5B2C, 0x5B0B, 0x52EB, 0x52CB, 0x52CB,
  0x52CB, 0x52EB, 0x52EB, 0x52EC, 0x52EC, 0x52EC, 0x5B0C, 0x5B0B, 0x5B0C, 0x52EB, 0x52EB, 0x52EB,
  0x52CB, 0x52CB, 0x52EB, 0x52EB, 0x52EB, 0x52EB, 0x52CB, 0x52CA, 0x52EB, 0x52EB, 0x52CB, 0x52CB,
  0x52CB, 0x52CB, 0x52CB, 0x52CB, 0x52CB, 0x52EB, 0x52EB, 0x52EB, 0x52EB, 0x52EB, 0x5B0B, 0x5B0C,
  0x5B0C, 0x5B0C, 0x5B0B, 0x5B0B, 0x5B0B, 0x5B0C, 0x5B0B, 0x5B0B, 0x530B, 0x530B, 0x52EB, 0x52EB,
  0x52EB, 0x52CA, 0x52CA, 0x52CA, 0x4ACA, 0x4ACA, 0x4AAA, 0x4AAA, 0x4AAA, 0x4A8A, 0x4A89, 0x4A89,
  0x4269, 0x4269, 0x4269, 0x4269, 0x4269, 0x4269, 0x428A, 0x4289, 0x4269, 0x4289, 0x4A89, 0x4289,
  0x4268, 0x4289, 0x4268, 0x4268, 0x4248, 0x3A48, 0x3A48, 0x3A48, 0x3A48, 0x3A49, 0x4269, 0x4269,
  0x4269, 0x428A, 0x428A, 0x428A, 0x428A, 0x42AA, 0x4AAB, 0x4AAB, 0x4ACB, 0x4AAB, 0x4AAB, 0x4ACB,
  0x4ACB, 0x4AAA, 0x4ACB, 0x4ACB, 0x4ACB, 0x4ACB, 0x4AAA, 0x4269, 0x4268, 0x4268, 0x3A48, 0x3A28,
  0x3A48, 0x3207, 0x3207, 0x3207, 0x3207, 0x3228, 0x3207, 0x3207, 0x3228, 0x3207, 0x31E7, 0x31E7,
  0x31E7, 0x31E8, 0x3228, 0x3A28, 0x3229, 0x3229, 0x3229, 0x3249, 0x3A49, 0x4269, 0x428A, 0x42AB,
  0x4AAB, 0x4AAB, 0x42AB, 0x42AA, 0x4ACB, 0x42AA, 0x42AA, 0x42AA, 0x42AA, 0x3A69, 0x3A69, 0x3A6A,
  0x3A4A, 0x3A69, 0x3A6A, 0x426A, 0x428A, 0x428A, 0x428A, 0x428A, 0x3A6A, 0x426A, 0x428A, 0x428B,
  0x29C6, 0x29A6, 0x29A6, 0x29A6, 0x29A6, 0x2986, 0x2986, 0x31E8, 0x3A08, 0x3A49, 0x4249, 0x4269,
  0x426A, 0x426A, 0x4A8A, 0x4AAA, 0x4AAA, 0x4289, 0x4289, 0x428A, 0x4A8A, 0x4AAA, 0x4AAA, 0x4ACA,
  0x4ACA, 0x4ACA, 0x4ACB, 0x4ACB, 0x52CB, 0x52CB, 0x52CB, 0x52CB, 0x52CB, 0x52CB, 0x52EB, 0x52EC,
  0x5B0C, 0x5B0C, 0x5B2C, 0x5B2D, 0x5B2D, 0x634D, 0x634C, 0x634C, 0x634C, 0x634C, 0x636D, 0x636D,
  0x634D, 0x634D, 0x636D, 0x634D, 0x636D, 0x634D, 0x636D, 0x634C, 0x634D, 0x73CF, 0x73CE, 0x6B6D,
  0x6B6D, 0x634C, 0x634C, 0x634C, 0x634C, 0x634C, 0x632C, 0x634C, 0x6B6D, 0x6B6D, 0x634C, 0x634C,
  0x634C, 0x634C, 0x632C, 0x6B6C, 0x83EE, 0x9CB1, 0x9CD1, 0x9CD2, 0x9CD2, 0x9CD1, 0x9CD1, 0x9CD1,
  0x9CD1, 0x9CD1, 0x9CD1, 0x9CD1, 0x9CD1, 0x9CB1, 0x9CD1, 0x9CD1, 0x9CD1, 0x9CD1, 0x9CD1, 0x9CD1,
  0x9CB1, 0x9CB1, 0x9CD1, 0x844F, 0x6B8C, 0x9490, 0x9CB1, 0x94B0, 0x9470, 0x8C4F, 0x9490, 0x9490,
  0x9490, 0x8C50, 0x6B6C, 0x73AD, 0x9470, 0x9470, 0x946F, 0x8C2E, 0x840E, 0x7BEE, 0x840E, 0x840E,
  0x840E, 0x840E, 0x840E, 0x840E, 0x840E, 0x83EE, 0x83EE, 0x840E, 0x83EE, 0x840E, 0x83EE, 0x840E,
  0x83EE, 0x7BCE, 0x7BEE, 0x7BEE, 0x7BEE, 0x7BCE, 0x7BCE, 0x7BCE, 0x73AE, 0x73AD, 0x73AD, 0x73AD,
  0x73AD, 0x73AD, 0x73AD, 0x6B8D, 0x6B8D, 0x6B6D, 0x6B6D, 0x6B6D, 0x636D, 0x634D, 0x634D, 0x634C,
  0x634C, 0x632C, 0x5B0C, 0x5B0C, 0x52EB, 0x52EB, 0x52CB, 0x52CB, 0x52AB, 0x52CB, 0x52EB, 0x52EB,
  0x52EB, 0x52EB, 0x52EB, 0x52EB, 0x52EC, 0x52EC, 0x52EB, 0x52EB, 0x52CB, 0x52CB, 0x52CB, 0x52CB,
  0x52CB, 0x52CB, 0x52EB, 0x52EB, 0x52EB, 0x52CB, 0x52CB, 0x4ACB, 0x4ACB, 0x4ACB, 0x4ACB, 0x4ACA,
  0x4ACA, 0x52EB, 0x52EB, 0x52EB, 0x52EB, 0x52EB, 0x530B, 0x5B0B, 0x530B, 0x52EB, 0x52EB, 0x52EB,
  0x5AEB, 0x5B0B, 0x52CA, 0x52EB, 0x52EB, 0x52EB, 0x52CB, 0x52CB, 0x52CA, 0x4AAA, 0x4ACA, 0x4ACA,
  0x4AAA, 0x4AAA, 0x4AAA, 0x4AAA, 0x4AAA, 0x4A89, 0x4269, 0x4269, 0x4249, 0x4269, 0x4269, 0x4269,
  0x4269, 0x3A49, 0x4269, 0x4289, 0x4268, 0x4289, 0x4268, 0x4268, 0x4268, 0x4268, 0x4248, 0x4248,
  0x3A49, 0x3A48, 0x3A49, 0x3A49, 0x3A49, 0x3A49, 0x3A69, 0x3A69, 0x4269, 0x428A, 0x428A, 0x4289,
  0x428A, 0x428A, 0x42AA, 0x42AA, 0x42AA, 0x42AA, 0x4AAB, 0x4ACB, 0x4ACB, 0x42AA, 0x42AA, 0x4ACB,
  0x4AAA, 0x4AAA, 0x42A9, 0x4289, 0x3A48, 0x3A27, 0x3A28, 0x3227, 0x3207, 0x3207, 0x31E7, 0x29E7,
  0x3208, 0x3228, 0x3208, 0x3208, 0x3208, 0x3208, 0x31E8, 0x29E7, 0x29E7, 0x31E8, 0x31E8, 0x3228,
  0x3228, 0x3228, 0x3A29, 0x3A49, 0x3A49, 0x3A6A, 0x428A, 0x428B, 0x428B, 0x428B, 0x428A, 0x428A,
  0x42AA, 0x4AAB, 0x428A, 0x42AA, 0x428A, 0x3A69, 0x3A49, 0x3A49, 0x3A49, 0x3A69, 0x426A, 0x426A,
  0x3A69, 0x426A, 0x3A6A, 0x3A6A, 0x3A49, 0x3A6A, 0x3A6A, 0x428A, 0x29A6, 0x29A6, 0x29A6, 0x2986,
  0x2986, 0x2986, 0x2986, 0x29A7, 0x29A6, 0x3A29, 0x4269, 0x4269, 0x4269, 0x4269, 0x428A, 0x428A,
  0x428A, 0x4269, 0x4269, 0x4269, 0x428A, 0x4A8A, 0x4A8A, 0x4AAA, 0x4AAA, 0x4ACA, 0x4ACB, 0x4ACB,
  0x4ACB, 0x4ACB, 0x52CB, 0x52CB, 0x52CB, 0x52CB, 0x52CB, 0x52EB, 0x5B0C, 0x5B0C, 0x5B0C, 0x5B2C,
  0x5B0C, 0x5B2C, 0x5B2C, 0x5B2C, 0x5B4C, 0x634D, 0x634D, 0x636D, 0x634D, 0x634C, 0x634C, 0x632C,
  0x634C, 0x634C, 0x632C, 0x632C, 0x634C, 0x6B8E, 0x73AE, 0x6B6D, 0x634C, 0x632C, 0x632C, 0x632C,
  0x632C, 0x632C, 0x632C, 0x632C, 0x634C, 0x634C, 0x632C, 0x634C, 0x632C, 0x632C, 0x634C, 0x6B6C,
  0x840F, 0x9CD2, 0x9CD1, 0x9CD2, 0x9CD1, 0x9CD1, 0x9CD1, 0x9CB1, 0x9CD1, 0x9CD1, 0x9CD1, 0x9CD1,
  0x9CD1, 0x9CB1, 0x94B1, 0x94B1, 0x94B1, 0x94B1, 0x94B1, 0x9CB1, 0x9CB1, 0x94B1, 0x94D1, 0x7BEE,
  0x6B6C, 0x8C4F, 0x9490, 0x9490, 0x8C70, 0x840E, 0x9490, 0x9470, 0x842F, 0x73AD, 0x6B6D, 0x6B8D,
  0x8C2F, 0x9470, 0x944F, 0x840E, 0x7BEE, 0x7BCD, 0x7BCD, 0x7BEE, 0x7BEE, 0x7BEE, 0x7BED, 0x7BEE,
  0x83EE, 0x7BEE, 0x7BEE, 0x7BEE, 0x7BED, 0x83EE, 0x7BEE, 0x83EE, 0x7BEE, 0x7BEE, 0x7BEE, 0x7BEE,
  0x7BEE, 0x7BEE, 0x7BCE, 0x7BCE, 0x73AD, 0x73AD, 0x73AD, 0x73AD, 0x73AE, 0x73AE, 0x73AD, 0x6B8D,
  0x6B8D, 0x6B6D, 0x6B4D, 0x6B6D, 0x634D, 0x634D, 0x634D, 0x634C, 0x632C, 0x5B0C, 0x5B0C, 0x5B0C,
  0x52EB, 0x52EB, 0x52EB, 0x52CB, 0x4AAB, 0x52CB, 0x52EB, 0x530B, 0x52EB, 0x52EB, 0x52CB, 0x52EB,
  0x52EB, 0x52CB, 0x52CB, 0x4ACB, 0x52CB, 0x52CB, 0x52CB, 0x52CB, 0x52CB, 0x52EB, 0x52EB, 0x52CB,
  0x4ACA, 0x4AAA, 0x4ACA, 0x4ACA, 0x4AAA, 0x4ACA, 0x4ACA, 0x4ACA, 0x52EB, 0x52EB, 0x4ACA, 0x4AAA,
  0x52CB, 0x52EB, 0x52EB, 0x5B0B, 0x530B, 0x52CA, 0x4AAA, 0x52EB, 0x530B, 0x52EB, 0x4A8A, 0x4AAA,
  0x52EB, 0x52CB, 0x4AAA, 0x4AAA, 0x4AAA, 0x4AAA, 0x4AAA, 0x4AAA, 0x4AAA, 0x4AAA, 0x4A8A, 0x4A8A,
  0x4A8A, 0x4269, 0x4269, 0x4249, 0x4249, 0x4269, 0x4269, 0x4269, 0x4269, 0x4269, 0x4269, 0x4269,
  0x4268, 0x4288, 0x4A89, 0x4288, 0x4268, 0x4248, 0x4248, 0x3A48, 0x3A28, 0x3A28, 0x3A28, 0x3A28,
  0x3A48, 0x3A49, 0x3A49, 0x3A69, 0x4269, 0x428A, 0x4289, 0x4289, 0x428A, 0x428A, 0x428A, 0x428A,
  0x428A, 0x42AA, 0x428A, 0x42AA, 0x42AA, 0x42AA, 0x428A, 0x428A, 0x4AAA, 0x4289, 0x4288, 0x4289,
  0x3A48, 0x3A28, 0x3A28, 0x3207, 0x3207, 0x3207, 0x31E7, 0x29E7, 0x3208, 0x3208, 0x3208, 0x3208,
  0x31E7, 0x3208, 0x3208, 0x29C7, 0x29E7, 0x31E8, 0x31E8, 0x3228, 0x3208, 0x3208, 0x3228, 0x3209,
  0x3A29, 0x3A4A, 0x3A6A, 0x3A4A, 0x3A6A, 0x3A6A, 0x3A6A, 0x428A, 0x428A, 0x428A, 0x428A, 0x428A,
  0x4269, 0x3A49, 0x3A49, 0x3A49, 0x3A49, 0x3A49, 0x3A49, 0x3A49, 0x3A49, 0x3A49, 0x3A49, 0x3A6A,
  0x3249, 0x3A49, 0x3A49, 0x3A6A, 0x2986, 0x2986, 0x29A6, 0x2986, 0x2986, 0x29A6, 0x2986, 0x2986,
  0x31C7, 0x3A29, 0x4249, 0x4269, 0x426A, 0x4269, 0x4269, 0x426A, 0x424A, 0x4249, 0x4249, 0x424A,
  0x426A, 0x4289, 0x428A, 0x4A8A, 0x4AAA, 0x4AAA, 0x4AAB, 0x4AAB, 0x4AAB, 0x4AAB, 0x4ACB, 0x52CB,
  0x52CB, 0x52CB, 0x52CB, 0x52CB, 0x52EC, 0x5B0C, 0x5B0C, 0x5B2C, 0x5B0C, 0x5B0C, 0x5B0C, 0x5B2C,
  0x5B2C, 0x5B2C, 0x5B2C, 0x634D, 0x632C, 0x634D, 0x634C, 0x5B2C, 0x5B0C, 0x5B2C, 0x5B2C, 0x5B2C,
  0x634D, 0x6B6D, 0x634C, 0x634D, 0x632C, 0x5B2C, 0x5B0C, 0x5B0C, 0x5B0B, 0x5B2C, 0x5B0B, 0x5B0B,
  0x632C, 0x632C, 0x632C, 0x632C, 0x630C, 0x630C, 0x5B2C, 0x634C, 0x6B6C, 0x842F, 0x9CD2, 0x9CB1,
  0x94B1, 0x94D1, 0x9490, 0x8C4F, 0x9CD1, 0x9CB1, 0x9CB1, 0x94B1, 0x9CB1, 0x9CB1, 0x94B1, 0x94B1,
  0x94B1, 0x94B1, 0x94B1, 0x94B1, 0x9490, 0x94B1, 0x9491, 0x73AD, 0x6B6C, 0x7C0F, 0x9490, 0x8C70,
  0x7C0E, 0x73AD, 0x8C4F, 0x8C70, 0x7BCE, 0x634C, 0x634C, 0x6B4C, 0x7BEE, 0x8C4F, 0x8C2E, 0x840E,
  0x7BCD, 0x7BCD, 0x7BCD, 0x73AD, 0x7BCD, 0x7BCE, 0x7BCD, 0x7BCD, 0x7BCD, 0x7BCD, 0x7BCE, 0x7BEE,
  0x7BEE, 0x7BEE, 0x7BEE, 0x7BEE, 0x7BEE, 0x7BCE, 0x7BCE, 0x7BCE, 0x73CE, 0x7BCE, 0x7BCE, 0x73CD,
  0x73AD, 0x73AD, 0x73AD, 0x73AD, 0x73AD, 0x73AD, 0x738D, 0x6B8D, 0x6B8D, 0x6B6D, 0x6B6D, 0x6B6D,
  0x6B6D, 0x6B6D, 0x634D, 0x634D, 0x634C, 0x5B2C, 0x5B0C, 0x5B0C, 0x52EB, 0x52EB, 0x52EB, 0x52CB,
  0x4AAB, 0x4ACA, 0x52EB, 0x52EB, 0x52CB, 0x52CB, 0x52AB, 0x52CB, 0x52CB, 0x52CB, 0x52EB, 0x4ACB,
  0x52CB, 0x52CB, 0x52EB, 0x52CB, 0x4ACA, 0x52CB, 0x52CB, 0x4AAA, 0x4AAA, 0x4AAA, 0x4ACA, 0x4AAA,
  0x4AAA, 0x52CB, 0x4AAA, 0x4AAA, 0x4ACA, 0x4ACA, 0x4289, 0x4269, 0x4AAA, 0x52CB, 0x52EB, 0x52EB,
  0x52EB, 0x4AAA, 0x4289, 0x4ACA, 0x52EB, 0x52CB, 0x4A8A, 0x4A8A, 0x4ACB, 0x4AAA, 0x4AAA, 0x4AAA,
  0x4AAA, 0x4A8A, 0x4A8A, 0x4AAA, 0x4AAA, 0x4AAA, 0x4A8A, 0x428A, 0x4269, 0x4269, 0x4269, 0x4249,
  0x4269, 0x4269, 0x4249, 0x4249, 0x3A49, 0x3A49, 0x4269, 0x4269, 0x4289, 0x4289, 0x4268, 0x3A48,
  0x3A48, 0x3A48, 0x4248, 0x3A48, 0x3A28, 0x3A28, 0x3A28, 0x3208, 0x3A28, 0x3A49, 0x3A49, 0x3A69,
  0x4269, 0x428A, 0x428A, 0x428A, 0x428A, 0x428A, 0x428A, 0x428A, 0x428A, 0x428A, 0x428A, 0x428A,
  0x428A, 0x428A, 0x426A, 0x426A, 0x4269, 0x3A48, 0x3A48, 0x3A48, 0x3A28, 0x3A28, 0x3A28, 0x3208,
  0x3228, 0x3207, 0x31E7, 0x31E8, 0x29E7, 0x29E7, 0x31E8, 0x31E7, 0x29E7, 0x3208, 0x29E7, 0x29E7,
  0x29E7, 0x31E8, 0x3208, 0x3208, 0x31E8, 0x3208, 0x3208, 0x3228, 0x3229, 0x3A49, 0x3A6A, 0x3A49,
  0x3A49, 0x3A6A, 0x426A, 0x426A, 0x3A6A, 0x426A, 0x426A, 0x3A69, 0x3A69, 0x3A49, 0x3A69, 0x3A49,
  0x3228, 0x3A29, 0x3A29, 0x3A29, 0x3A29, 0x3A29, 0x3A29, 0x3249, 0x3A49, 0x3A49, 0x3A49, 0x3A6A,
  0x2165, 0x2986, 0x2986, 0x2986, 0x2185, 0x2986, 0x2986, 0x2986, 0x29A6, 0x31E8, 0x3A48, 0x3A49,
  0x4249, 0x4269, 0x4249, 0x4249, 0x4249, 0x4249, 0x4249, 0x4249, 0x426A, 0x4269, 0x426A, 0x428A,
  0x428A, 0x4A8A, 0x4AAA, 0x4AAA, 0x4AAA, 0x4AAA, 0x4AAA, 0x4ACB, 0x52CB, 0x52CB, 0x4AAB, 0x52CB,
  0x52CB, 0x52EC, 0x52EC, 0x52EC, 0x5B0C, 0x5B0C, 0x5B0C, 0x5B0C, 0x5B2C, 0x5B2C, 0x5B2D, 0x5B2C,
  0x5B0C, 0x634D, 0x634D, 0x5B0C, 0x5B0C, 0x5B0C, 0x5B2C, 0x5B0C, 0x5B0C, 0x634D, 0x6B8E, 0x634C,
  0x5B2C, 0x5AEB, 0x52EB, 0x5B0B, 0x5AEB, 0x5AEB, 0x52EB, 0x52EB, 0x5B0C, 0x630C, 0x630C, 0x5B0C,
  0x5AEB, 0x5AEB, 0x5AEB, 0x5B0B, 0x5B0B, 0x6B4C, 0x8C71, 0x94B1, 0x94B1, 0x94B1, 0x8C50, 0x7BEE,
  0x94D2, 0x9CB1, 0x9491, 0x9491, 0x9491, 0x9CB1, 0x94B1, 0x94B1, 0x94B1, 0x9491, 0x9491, 0x9490,
  0x9490, 0x9491, 0x8C70, 0x73AD, 0x636C, 0x7BCE, 0x8C70, 0x7BED, 0x6B6C, 0x6B6D, 0x7BCE, 0x8C71,
  0x6B6C, 0x5AEA, 0x634C, 0x634C, 0x738D, 0x840E, 0x83EE, 0x7BCD, 0x73CD, 0x73AD, 0x73AD, 0x738D,
  0x6B8C, 0x7BCD, 0x73AD, 0x73AD, 0x73AD, 0x73AD, 0x73AE, 0x7BCE, 0x7BCE, 0x7BCE, 0x7BCE, 0x7BEE,
  0x7BCE, 0x73AD, 0x73AD, 0x73CE, 0x7BCE, 0x73AD, 0x73CE, 0x73AD, 0x73AD, 0x738D, 0x73AD, 0x738D,
  0x6B8D, 0x738D, 0x738D, 0x6B8D, 0x6B8D, 0x6B8D, 0x6B6D, 0x6B6D, 0x6B6D, 0x6B4D, 0x634D, 0x634C,
  0x632C, 0x634C, 0x5B2C, 0x5B0B, 0x5B0B, 0x5B0C, 0x52EB, 0x52CB, 0x52CB, 0x52CB, 0x52CB, 0x52EB,
  0x52CB, 0x52CB, 0x4AAA, 0x52CB, 0x52CB, 0x52EB, 0x4ACB, 0x4ACB, 0x52CA, 0x52CB, 0x52EB, 0x4ACA,
  0x52CB, 0x4ACA, 0x4AAA, 0x4AAA, 0x4AAA, 0x4AAA, 0x4ACA, 0x52CA, 0x4ACA, 0x4AAA, 0x4A89, 0x4269,
  0x4A8A, 0x4AAA, 0x4269, 0x4249, 0x4269, 0x4ACA, 0x52EB, 0x52CB, 0x4AAA, 0x4289, 0x4269, 0x4A8A,
  0x4ACA, 0x4AAA, 0x4269, 0x4269, 0x4AAA, 0x4AAA, 0x4AAA, 0x4AAA, 0x4AAA, 0x4289, 0x4A8A, 0x4AAA,
  0x4A8A, 0x4A8A, 0x4289, 0x4269, 0x4269, 0x4269, 0x4269, 0x4249, 0x4249, 0x4249, 0x4249, 0x4249,
  0x3A48, 0x3A28, 0x4269, 0x4AAA, 0x4268, 0x4248, 0x3A48, 0x3A48, 0x3A48, 0x3A48, 0x3A48, 0x3A48,
  0x3A28, 0x3A28, 0x3A28, 0x3A28, 0x3A28, 0x3A28, 0x3A49, 0x3A49, 0x4269, 0x4269, 0x4269, 0x4269,
  0x426A, 0x3A69, 0x3A6A, 0x426A, 0x428A, 0x428A, 0x428A, 0x428A, 0x428A, 0x4269, 0x426A, 0x4269,
  0x4269, 0x3A48, 0x3A28, 0x3A28, 0x3A28, 0x3207, 0x3207, 0x3228, 0x3207, 0x31E7, 0x31E8, 0x29C7,
  0x29C7, 0x29C7, 0x29E7, 0x29E7, 0x29C7, 0x29C7, 0x29C7, 0x29E7, 0x29C7, 0x29C7, 0x29E7, 0x29E8,
  0x31E8, 0x31E8, 0x3208, 0x3228, 0x3A49, 0x3229, 0x3A49, 0x3A6A, 0x3A4A, 0x3A6A, 0x426A, 0x426A,
  0x426A, 0x3A69, 0x3A6A, 0x3A69, 0x3A49, 0x3A49, 0x4269, 0x3A49, 0x3A28, 0x3228, 0x3208, 0x3228,
  0x3208, 0x3209, 0x3229, 0x3A29, 0x3229, 0x3A29, 0x3A29, 0x3A49, 0x29A6, 0x2986, 0x2165, 0x2185,
  0x2986, 0x2986, 0x2986, 0x29A6, 0x31C7, 0x3A28, 0x3A28, 0x3A49, 0x3A28, 0x3A48, 0x3A28, 0x3A48,
  0x4249, 0x4249, 0x4249, 0x4249, 0x4269, 0x4269, 0x4269, 0x4269, 0x4269, 0x428A, 0x428A, 0x4A8A,
  0x4A8A, 0x4A8A, 0x4AAA, 0x4AAA, 0x4AAB, 0x4AAB, 0x4AAB, 0x4AAB, 0x52CB, 0x52CB, 0x52CB, 0x52EB,
  0x52EC, 0x52EB, 0x52EC, 0x52EC, 0x5B0C, 0x5B0C, 0x5B0C, 0x5B0C, 0x5B0C, 0x5B0C, 0x5AEC, 0x5AEC,
  0x5AEC, 0x5B0C, 0x5B0C, 0x5B0C, 0x5B0C, 0x5B0C, 0x636D, 0x634D, 0x5B0C, 0x52EB, 0x52EB, 0x52EB,
  0x52EB, 0x52CB, 0x52CB, 0x52EB, 0x52EB, 0x52EB, 0x5B0C, 0x5B0C, 0x52EB, 0x52EB, 0x52CB, 0x52EB,
  0x636D, 0x634D, 0x7BCE, 0x9CB1, 0x9CB1, 0x9491, 0x6B6D, 0x5B0B, 0x7C0F, 0x9491, 0x9491, 0x9491,
  0x9491, 0x9491, 0x94B1, 0x94B1, 0x9491, 0x9491, 0x9491, 0x9491, 0x9490, 0x9491, 0x7BEE, 0x6B8D,
  0x636C, 0x6B6D, 0x7BEE, 0x6B6C, 0x634C, 0x632B, 0x738E, 0x7BCF, 0x4248, 0x4248, 0x52EA, 0x636C,
  0x6B4C, 0x7BCE, 0x7BCD, 0x73AD, 0x6BAD, 0x6B8D, 0x6B8D, 0x6B8D, 0x6B6C, 0x6B6C, 0x73AD, 0x738D,
  0x6B8D, 0x738D, 0x738D, 0x73AE, 0x7BCE, 0x7BCE, 0x7BEE, 0x73CD, 0x73CD, 0x73CE, 0x73AD, 0x73AD,
  0x7BCE, 0x7BCE, 0x73AD, 0x73AD, 0x73AD, 0x738D, 0x738D, 0x6B8D, 0x6B8D, 0x6B8D, 0x738D, 0x73AE,
  0x738E, 0x6B8D, 0x6B8E, 0x6B6D, 0x6B4D, 0x634D, 0x634D, 0x634C, 0x632C, 0x632C, 0x5B2C, 0x5B0C,
  0x5B0B, 0x530B, 0x52EB, 0x52CB, 0x52CB, 0x52CB, 0x52CB, 0x52CB, 0x52EB, 0x52CB, 0x4A8A, 0x4AAA,
  0x52EB, 0x52CB, 0x52CB, 0x4ACA, 0x4AAA, 0x52CA, 0x52CA, 0x52CB, 0x52CB, 0x52CB, 0x52CB, 0x4AAA,
  0x4AAA, 0x4ACA, 0x4ACA, 0x4AAA, 0x4AAA, 0x4A89, 0x4289, 0x4249, 0x4269, 0x4269, 0x4249, 0x3A49,
  0x4269, 0x52CB, 0x52CB, 0x4AAB, 0x4A8A, 0x4269, 0x4269, 0x4A8A, 0x4AAA, 0x4A8A, 0x4269, 0x4269,
  0x4289, 0x42AA, 0x4AAA, 0x42AA, 0x428A, 0x4269, 0x4249, 0x4A8A, 0x426A, 0x4269, 0x4269, 0x4269,
  0x4269, 0x4269, 0x4269, 0x4249, 0x4269, 0x3A28, 0x3A48, 0x3A28, 0x3A28, 0x3A28, 0x3A48, 0x4289,
  0x4268, 0x3A48, 0x3A48, 0x3A48, 0x3A28, 0x3A48, 0x3A48, 0x3A28, 0x3A28, 0x3A28, 0x3208, 0x3A28,
  0x3228, 0x3228, 0x3A28, 0x3A49, 0x3A69, 0x4269, 0x3A49, 0x3A49, 0x3A69, 0x3A49, 0x3A6A, 0x3A6A,
  0x426A, 0x426A, 0x426A, 0x426A, 0x428A, 0x428A, 0x4269, 0x4269, 0x4289, 0x3A48, 0x3A28, 0x3207,
  0x3207, 0x3208, 0x31E7, 0x31E7, 0x31E7, 0x29C7, 0x29C7, 0x29C7, 0x29E8, 0x29C7, 0x29C7, 0x29C7,
  0x21A7, 0x29C7, 0x29C7, 0x29C7, 0x29C7, 0x29C7, 0x29C7, 0x29C8, 0x29C8, 0x29E8, 0x31E8, 0x3208,
  0x3228, 0x3229, 0x3A49, 0x3A4A, 0x3A49, 0x3A49, 0x3A69, 0x3A6A, 0x3A49, 0x3A49, 0x3A6A, 0x3A4A,
  0x3A49, 0x3A49, 0x3A69, 0x3A49, 0x3A48, 0x3228, 0x3208, 0x3208, 0x3208, 0x31E8, 0x3209, 0x3229,
  0x3209, 0x3229, 0x3209, 0x3229, 0x29A6, 0x2165, 0x2145, 0x2165, 0x2986, 0x29A6, 0x2986, 0x29A6,
  0x29A7, 0x31C7, 0x3A08, 0x3A48, 0x3A28, 0x3A28, 0x31E7, 0x3207, 0x3A28, 0x4249, 0x3A49, 0x3A49,
  0x4249, 0x4269, 0x4269, 0x4269, 0x4269, 0x426A, 0x426A, 0x4269, 0x426A, 0x428A, 0x4AAA, 0x4AAA,
  0x4AAA, 0x4AAA, 0x4AAA, 0x4AAB, 0x4AAB, 0x4AAB, 0x52CB, 0x52CB, 0x52CB, 0x52CB, 0x52EB, 0x530C,
  0x5B0C, 0x5B0C, 0x530C, 0x5AEC, 0x5AEC, 0x52EC, 0x52EC, 0x5AEC, 0x52EB, 0x52EC, 0x52EB, 0x5AEC,
  0x5B0C, 0x5AEC, 0x52EC, 0x52EB, 0x52EB, 0x52CB, 0x52CB, 0x52CB, 0x52CB, 0x52CB, 0x52CB, 0x4AAA,
  0x52CB, 0x52CB, 0x52EB, 0x52EB, 0x52CB, 0x52EB, 0x52EB, 0x52CB, 0x5B0C, 0x73AE, 0x8C70, 0x9CB1,
  0x9CD2, 0x8C50, 0x5B0B, 0x52EB, 0x6B8E, 0x9491, 0x9491, 0x9491, 0x9491, 0x9491, 0x9491, 0x9491,
  0x9491, 0x9491, 0x9491, 0x9491, 0x9490, 0x8C70, 0x7BEE, 0x6B6D, 0x634C, 0x634C, 0x6B8D, 0x6B6C,
  0x632B, 0x5B2B, 0x6B8E, 0x634C, 0x4248, 0x4248, 0x4289, 0x5B2C, 0x632C, 0x634C, 0x6B6C, 0x6B8D,
  0x6B6C, 0x6B6C, 0x634C, 0x634C, 0x634C, 0x634C, 0x6B6C, 0x6B8D, 0x6B6D, 0x6B6D, 0x6B8D, 0x73AE,
  0x73AE, 0x73AD, 0x73AD, 0x73CD, 0x73CD, 0x73AE, 0x73AD, 0x73AD, 0x73CE, 0x7BCE, 0x7BCE, 0x73AD,
  0x73AD, 0x738D, 0x6B6D, 0x738D, 0x6B6D, 0x6B6D, 0x6B8D, 0x738D, 0x6B6D, 0x6B6D, 0x6B8D, 0x6B6D,
  0x636D, 0x634D, 0x634C, 0x632C, 0x634C, 0x632C, 0x632C, 0x5B2C, 0x5B0B, 0x5B0B, 0x52EB, 0x52CB,
  0x52CB, 0x4AAA, 0x4ACA, 0x5B0C, 0x5B0B, 0x52EB, 0x52EB, 0x4AAA, 0x52EB, 0x5B2C, 0x5B2C, 0x52EB,
  0x4ACA, 0x530B, 0x530B, 0x52CA, 0x52CA, 0x52CB, 0x4AAA, 0x52CB, 0x4ACA, 0x52CA, 0x52CA, 0x4ACA,
  0x4AAA, 0x4269, 0x4269, 0x4249, 0x4249, 0x4269, 0x4269, 0x4249, 0x4269, 0x4A8A, 0x4A8A, 0x4A8A,
  0x4269, 0x4269, 0x4269, 0x426A, 0x428A, 0x4A8A, 0x4269, 0x4249, 0x4269, 0x428A, 0x428A, 0x428A,
  0x428A, 0x4269, 0x4249, 0x4249, 0x4269, 0x4269, 0x4269, 0x4269, 0x4269, 0x4249, 0x4249, 0x4249,
  0x4249, 0x3A48, 0x3A48, 0x3A28, 0x3A48, 0x3A28, 0x3A28, 0x4248, 0x4268, 0x3A47, 0x3A48, 0x3A48,
  0x3A28, 0x3A28, 0x3A48, 0x3A28, 0x3A28, 0x3208, 0x3207, 0x3A28, 0x3A48, 0x3A28, 0x3A28, 0x3A48,
  0x3A49, 0x3A49, 0x3A49, 0x3A49, 0x3A49, 0x3A69, 0x3A69, 0x3A69, 0x3A69, 0x3A49, 0x3A69, 0x428A,
  0x428A, 0x4269, 0x4269, 0x4269, 0x4249, 0x3A27, 0x3A28, 0x3A28, 0x31E7, 0x3207, 0x31E7, 0x31E7,
  0x29C7, 0x31E7, 0x31E7, 0x29C7, 0x29C7, 0x29E7, 0x29C7, 0x29C7, 0x29C7, 0x21A6, 0x29C7, 0x29C7,
  0x29C7, 0x29A7, 0x29C7, 0x29A7, 0x29C7, 0x29C7, 0x29E7, 0x3208, 0x3208, 0x3229, 0x3228, 0x3229,
  0x3A49, 0x3A49, 0x3A6A, 0x3A69, 0x3A49, 0x3A49, 0x3A49, 0x3A49, 0x3A49, 0x3A49, 0x3A49, 0x3A48,
  0x3A28, 0x3228, 0x3208, 0x31E8, 0x31E8, 0x31E8, 0x3208, 0x3209, 0x3208, 0x3208, 0x3209, 0x3209,
  0x2985, 0x2165, 0x2145, 0x2165, 0x2985, 0x2986, 0x2985, 0x29A6, 0x31C7, 0x3208, 0x3A28, 0x3A08,
  0x3A28, 0x3A08, 0x31C7, 0x29A7, 0x31E8, 0x4249, 0x3A49, 0x4249, 0x4249, 0x4249, 0x4269, 0x4269,
  0x4249, 0x4269, 0x4269, 0x4269, 0x4269, 0x426A, 0x428A, 0x428A, 0x428A, 0x428A, 0x4AAA, 0x4AAA,
  0x4ACB, 0x4AAB, 0x52CB, 0x52CB, 0x52CB, 0x52CB, 0x52EB, 0x52EB, 0x530B, 0x5B0C, 0x530B, 0x52EB,
  0x52EB, 0x52EC, 0x5B0C, 0x52EB, 0x52EB, 0x52EB, 0x52EB, 0x52EC, 0x52EB, 0x52EC, 0x52EC, 0x52CB,
  0x52CB, 0x4AAB, 0x4AAB, 0x4AAA, 0x4AAB, 0x4AAB, 0x4AAB, 0x4AAB, 0x4AAB, 0x52CB, 0x52CB, 0x52CB,
  0x52CB, 0x52CB, 0x52EB, 0x52CB, 0x52AB, 0x632C, 0x738D, 0x842F, 0x9491, 0x73AE, 0x5B2C, 0x52CA,
  0x5B0B, 0x7BEF, 0x9491, 0x9490, 0x9491, 0x8C91, 0x9491, 0x9490, 0x8C70, 0x9491, 0x9491, 0x9491,
  0x9490, 0x7BEE, 0x6B6C, 0x6B4C, 0x634C, 0x6B6C, 0x6B6C, 0x5B0B, 0x5AEA, 0x6B8D, 0x5B0B, 0x4269,
  0x4269, 0x3A28, 0x3A48, 0x52EB, 0x5B0B, 0x5B2B, 0x636C, 0x73AD, 0x6B6C, 0x632B, 0x5B2B, 0x632B,
  0x632C, 0x634C, 0x634B, 0x634C, 0x634C, 0x634C, 0x6B6D, 0x636D, 0x6B6D, 0x6B8D, 0x73AE, 0x73CE,
  0x73AD, 0x73AD, 0x73AD, 0x73AE, 0x73AE, 0x7BCE, 0x73CD, 0x73AD, 0x738D, 0x6B8D, 0x6B6D, 0x6B8D,
  0x6B6D, 0x6B6D, 0x6B6D, 0x6B8D, 0x6B6D, 0x6B6D, 0x6B6D, 0x6B8D, 0x636D, 0x634D, 0x634C, 0x632C,
  0x634C, 0x632C, 0x5B0B, 0x5B0B, 0x5B0B, 0x5B0B, 0x52EB, 0x52EB, 0x52EB, 0x52CB, 0x52EB, 0x5B0B,
  0x5AEB, 0x5AEB, 0x5AEB, 0x5AEB, 0x5B0B, 0x5B0B, 0x5AEA, 0x52EB, 0x52EB, 0x52EB, 0x52CA, 0x4AAA,
  0x4AAA, 0x4A8A, 0x4289, 0x4A89, 0x4289, 0x4A89, 0x4A8A, 0x4AAA, 0x4A8A, 0x4269, 0x4249, 0x3A49,
  0x4249, 0x4269, 0x3A69, 0x3A69, 0x4269, 0x4269, 0x4269, 0x4269, 0x4269, 0x4269, 0x4269, 0x4269,
  0x4269, 0x4269, 0x4269, 0x3A49, 0x3A69, 0x4269, 0x426A, 0x426A, 0x4269, 0x4269, 0x4249, 0x3A49,
  0x3A6A, 0x3A89, 0x4269, 0x4249, 0x4249, 0x4269, 0x4248, 0x4248, 0x3A48, 0x3A28, 0x3A28, 0x4269,
  0x4248, 0x3A28, 0x3A28, 0x3A48, 0x3A27, 0x3A27, 0x3A48, 0x3A48, 0x3A28, 0x3A28, 0x3228, 0x3208,
  0x3208, 0x3A07, 0x3A27, 0x4A67, 0x4A87, 0x4267, 0x3A27, 0x3A48, 0x3A28, 0x3A28, 0x3A49, 0x3A49,
  0x3A49, 0x3A69, 0x3A69, 0x3A49, 0x3A69, 0x3A49, 0x3A69, 0x4269, 0x4269, 0x4269, 0x4269, 0x3A69,
  0x3A28, 0x3227, 0x3228, 0x3207, 0x31E7, 0x31E6, 0x3227, 0x3A27, 0x3207, 0x3A27, 0x3A28, 0x31E7,
  0x29C6, 0x31E7, 0x29E7, 0x31E7, 0x29C7, 0x29A6, 0x29C7, 0x29C7, 0x29A7, 0x29C7, 0x29C7, 0x29A7,
  0x29C7, 0x29C7, 0x29E7, 0x2A08, 0x3208, 0x3208, 0x3208, 0x3228, 0x3A49, 0x3A49, 0x3A69, 0x3A49,
  0x3A49, 0x3A29, 0x3A49, 0x4269, 0x3A69, 0x3A69, 0x3A49, 0x3228, 0x3228, 0x3A28, 0x3228, 0x3208,
  0x3208, 0x31E8, 0x3208, 0x3208, 0x31E8, 0x29E8, 0x3208, 0x3209, 0x29A5, 0x2985, 0x2165, 0x2986,
  0x29A6, 0x2985, 0x2985, 0x2185, 0x29C6, 0x3208, 0x3207, 0x31E7, 0x29A6, 0x31E7, 0x31E7, 0x31C7,
  0x3208, 0x3A29, 0x3A49, 0x4249, 0x3A49, 0x3A49, 0x3A49, 0x3A49, 0x4249, 0x4249, 0x3A49, 0x3A49,
  0x4249, 0x4269, 0x426A, 0x426A, 0x4269, 0x428A, 0x428A, 0x428A, 0x4AAA, 0x4AAA, 0x4ACB, 0x4ACB,
  0x4ACB, 0x52CB, 0x52CB, 0x52EB, 0x52EB, 0x52EB, 0x52EB, 0x52CB, 0x52CB, 0x52EC, 0x52EB, 0x52CB,
  0x52EB, 0x52CB, 0x52CB, 0x52EB, 0x52CB, 0x52CB, 0x52EC, 0x52CB, 0x52CB, 0x4AAB, 0x4AAA, 0x4AAA,
  0x4AAA, 0x4AAB, 0x4AAB, 0x4AAB, 0x4AAA, 0x4ACB, 0x52CB, 0x52CB, 0x52CB, 0x52CB, 0x52CB, 0x52EB,
  0x4AAA, 0x5AEB, 0x7BEF, 0x8C50, 0x842F, 0x632C, 0x5B2C, 0x52EB, 0x52EB, 0x6B8D, 0x8C70, 0x9490,
  0x9470, 0x8C71, 0x8C70, 0x8C71, 0x8C70, 0x8C70, 0x8C91, 0x9490, 0x8C70, 0x7BCE, 0x634C, 0x634C,
  0x634C, 0x632C, 0x6B6D, 0x634C, 0x52CA, 0x6B6C, 0x634C, 0x3A27, 0x3A28, 0x3A28, 0x3A28, 0x4269,
  0x5B0B, 0x632C, 0x634C, 0x6B8D, 0x634C, 0x632C, 0x5B0B, 0x5B0B, 0x632B, 0x632C, 0x5B2B, 0x632B,
  0x632C, 0x5B2B, 0x632C, 0x632C, 0x634C, 0x6B6D, 0x6B8D, 0x6B8D, 0x738D, 0x738D, 0x738D, 0x73AD,
  0x73AE, 0x73AE, 0x73AD, 0x73AD, 0x738D, 0x6B8D, 0x6B6D, 0x6B6D, 0x6B6D, 0x634C, 0x6B6D, 0x6B6D,
  0x6B6D, 0x6B6D, 0x6B8D, 0x6B8D, 0x636D, 0x634D, 0x634C, 0x634C, 0x634C, 0x5B2C, 0x5B2C, 0x5B0B,
  0x5AEB, 0x52EB, 0x52EB, 0x52EB, 0x52EB, 0x52CB, 0x5B0B, 0x5B2B, 0x5AEB, 0x5AEB, 0x5AEB, 0x52EB,
  0x5AEB, 0x5AEB, 0x52CA, 0x52CA, 0x52EB, 0x52CA, 0x4AA9, 0x4A89, 0x4A89, 0x4A89, 0x4A89, 0x4269,
  0x4269, 0x4269, 0x4269, 0x426A, 0x426A, 0x4269, 0x3A49, 0x3A28, 0x3A49, 0x4249, 0x3A49, 0x3A49,
  0x3A69, 0x4269, 0x4269, 0x4269, 0x4269, 0x4269, 0x3A49, 0x3A49, 0x4269, 0x4269, 0x3A49, 0x3A49,
  0x3A49, 0x4269, 0x4269, 0x4269, 0x4269, 0x3A48, 0x3A49, 0x3A49, 0x3A69, 0x3A69, 0x4249, 0x4269,
  0x4269, 0x4269, 0x4249, 0x4248, 0x3A48, 0x3A28, 0x3A28, 0x3A48, 0x3A28, 0x3A28, 0x3A28, 0x3A07,
  0x3A07, 0x3A48, 0x3A48, 0x3A28, 0x3A28, 0x3A28, 0x3A27, 0x3A27, 0x3A27, 0x4247, 0x4A88, 0x4A88,
  0x4A67, 0x3A26, 0x3A47, 0x3A27, 0x3A28, 0x3A28, 0x3A28, 0x3A49, 0x3A49, 0x3A49, 0x3A49, 0x3A49,
  0x3A69, 0x3A49, 0x3A69, 0x4269, 0x3A49, 0x3A49, 0x3A49, 0x3A48, 0x3A48, 0x3207, 0x3208, 0x3207,
  0x3207, 0x3227, 0x3A48, 0x3A27, 0x3207, 0x3228, 0x3207, 0x31E7, 0x3207, 0x3207, 0x29E7, 0x29C7,
  0x29C7, 0x29E7, 0x29A7, 0x29A7, 0x29C7, 0x29A7, 0x29A7, 0x29A7, 0x29A7, 0x29C7, 0x29C8, 0x29E8,
  0x2A08, 0x3208, 0x3208, 0x3229, 0x3A29, 0x3229, 0x3A49, 0x3A49, 0x3A49, 0x3A49, 0x3A49, 0x3A49,
  0x3A48, 0x3A69, 0x3A28, 0x3208, 0x3208, 0x3228, 0x3208, 0x31E8, 0x29E8, 0x31E8, 0x31E8, 0x3208,
  0x31E8, 0x29E8, 0x31E8, 0x31E8, 0x2985, 0x2986, 0x2186, 0x2986, 0x29A6, 0x2985, 0x2986, 0x2165,
  0x2165, 0x2186, 0x29A6, 0x2986, 0x2986, 0x29A6, 0x31E7, 0x31E7, 0x3A08, 0x3A28, 0x3A28, 0x3A28,
  0x3A08, 0x3A28, 0x3A49, 0x3A49, 0x4249, 0x3A49, 0x3A49, 0x3A49, 0x3A49, 0x4269, 0x4249, 0x3A49,
  0x4269, 0x426A, 0x4269, 0x4269, 0x428A, 0x4A8A, 0x4A8A, 0x4AAA, 0x4AAB, 0x4ACB, 0x4ACA, 0x4ACA,
  0x52CB, 0x52CB, 0x52EB, 0x52CB, 0x52CB, 0x52CB, 0x52CB, 0x52CB, 0x52CB, 0x52CB, 0x52CB, 0x52CB,
  0x52CB, 0x52CB, 0x52CB, 0x52CB, 0x4AAB, 0x4AAA, 0x4A8A, 0x4AAA, 0x4A8A, 0x4AAA, 0x4AAA, 0x4AAA,
  0x4AAA, 0x4AAA, 0x52CB, 0x52CB, 0x52CB, 0x52CB, 0x4ACB, 0x4AAA, 0x52CB, 0x5AEB, 0x7BEE, 0x9491,
  0x840F, 0x634D, 0x530B, 0x52CB, 0x5B0B, 0x6B6D, 0x842F, 0x8C70, 0x8C70, 0x8C70, 0x8C70, 0x8C70,
  0x8C70, 0x8450, 0x8C50, 0x8C70, 0x840F, 0x73AD, 0x6B6D, 0x6B6D, 0x632C, 0x634C, 0x6B8D, 0x632C,
  0x52AA, 0x4AA9, 0x5B0B, 0x3A48, 0x3A07, 0x4248, 0x4248, 0x3A08, 0x4269, 0x5B0B, 0x632C, 0x634C,
  0x5B0B, 0x5AEB, 0x5AEB, 0x5B0B, 0x5B0B, 0x5B0B, 0x5B0B, 0x5B0B, 0x5B2B, 0x5B0B, 0x5B2B, 0x5B0B,
  0x5B2C, 0x632C, 0x6B4C, 0x6B8D, 0x6B6D, 0x6B6C, 0x6B6D, 0x738D, 0x73AE, 0x73AE, 0x73AD, 0x73AD,
  0x738D, 0x6B8D, 0x6B8D, 0x6B6D, 0x634C, 0x634C, 0x636D, 0x6B8D, 0x6B8D, 0x6B6D, 0x6B6D, 0x6B6D,
  0x634D, 0x634D, 0x632C, 0x632C, 0x634C, 0x5B2C, 0x5B0B, 0x5B0B, 0x5AEB, 0x5B0B, 0x52EB, 0x52CB,
  0x52EB, 0x52CB, 0x5B0B, 0x5B2B, 0x52EA, 0x52CA, 0x52CA, 0x52AA, 0x52EB, 0x5AEB, 0x52EB, 0x52EB,
  0x52EB, 0x52CA, 0x4A89, 0x4AA9, 0x52CA, 0x4AAA, 0x4A89, 0x4A8A, 0x4269, 0x4269, 0x4249, 0x4249,
  0x4269, 0x4269, 0x4249, 0x3A29, 0x3A49, 0x4249, 0x3A49, 0x3A49, 0x3A49, 0x3A49, 0x3A49, 0x4269,
  0x3A49, 0x3A49, 0x3A49, 0x3A49, 0x3A49, 0x4269, 0x3A49, 0x3A49, 0x3A49, 0x3A49, 0x4269, 0x4269,
  0x4249, 0x3A48, 0x3A29, 0x3229, 0x3A29, 0x4269, 0x4269, 0x4269, 0x4269, 0x4269, 0x4249, 0x3A48,
  0x3A28, 0x3A28, 0x3A28, 0x3A28, 0x3A28, 0x3A08, 0x3A28, 0x3A07, 0x3A07, 0x3A48, 0x3A48, 0x3A48,
  0x3A08, 0x3A07, 0x3A27, 0x4268, 0x3A26, 0x4247, 0x52A8, 0x4247, 0x4247, 0x4267, 0x3A47, 0x3A27,
  0x3A27, 0x3A48, 0x3A48, 0x3A48, 0x3A49, 0x3A49, 0x3A28, 0x3A49, 0x3A49, 0x3A49, 0x3A49, 0x3A28,
  0x3A28, 0x3A49, 0x3A49, 0x3A48, 0x3228, 0x3227, 0x3208, 0x3207, 0x3A28, 0x3A27, 0x31E6, 0x31E6,
  0x31E7, 0x31E7, 0x29C7, 0x31E7, 0x3208, 0x29C7, 0x29C7, 0x29C7, 0x29A7, 0x29C7, 0x29C7, 0x29A7,
  0x29A7, 0x29A7, 0x29A7, 0x29A7, 0x29A7, 0x29C7, 0x29C7, 0x29E8, 0x29E8, 0x29E8, 0x3208, 0x3229,
  0x3229, 0x3229, 0x3229, 0x3A29, 0x3A29, 0x3A49, 0x3A28, 0x3A28, 0x3A48, 0x4269, 0x3A49, 0x3228,
  0x31E7, 0x3208, 0x31E8, 0x29E8, 0x29C7, 0x29E8, 0x31E8, 0x31E8, 0x29E8, 0x31E8, 0x3208, 0x31E8,
  0x2165, 0x2185, 0x2166, 0x2165, 0x2985, 0x2965, 0x2165, 0x2185, 0x2986, 0x2986, 0x2986, 0x2185,
  0x2185, 0x2986, 0x31C7, 0x31C7, 0x31E7, 0x3A08, 0x3A28, 0x3A08, 0x3A08, 0x3A28, 0x3A28, 0x3A49,
  0x4249, 0x3A48, 0x4249, 0x3A49, 0x3A49, 0x3A49, 0x3A49, 0x3A49, 0x3A49, 0x4249, 0x426A, 0x4249,
  0x426A, 0x428A, 0x428A, 0x428A, 0x4AAA, 0x4AAA, 0x4AAA, 0x4ACA, 0x4AAA, 0x4ACA, 0x52CB, 0x52CB,
  0x52AB, 0x4AAB, 0x52CB, 0x52CB, 0x52CB, 0x52CB, 0x4AAB, 0x52CB, 0x52CB, 0x52CB, 0x4AAB, 0x4AAA,
  0x4AAA, 0x4AAA, 0x4A8A, 0x4A8A, 0x4A8A, 0x4A8A, 0x4AAA, 0x4AAA, 0x4A8A, 0x4AAA, 0x4AAB, 0x4AAB,
  0x4AAB, 0x52CB, 0x4ACB, 0x4AAB, 0x4AAA, 0x4A8A, 0x6B6D, 0x840F, 0x8430, 0x5B2C, 0x52EB, 0x52CB,
  0x52EB, 0x52CA, 0x632C, 0x8C70, 0x8C70, 0x8C70, 0x8C70, 0x8C50, 0x8C50, 0x840F, 0x8430, 0x8430,
  0x7BCE, 0x6B6D, 0x6B6C, 0x636C, 0x5B0B, 0x5B2C, 0x5B0B, 0x52CA, 0x4AAA, 0x4AA9, 0x4268, 0x3A48,
  0x4248, 0x4248, 0x3A28, 0x3207, 0x3A28, 0x4AAA, 0x5B0B, 0x634C, 0x5B2B, 0x52CA, 0x52CA, 0x530B,
  0x530B, 0x52EA, 0x52EB, 0x52EB, 0x52EB, 0x5B0B, 0x530B, 0x5B0B, 0x632C, 0x632B, 0x6B6C, 0x6B6D,
  0x6B4C, 0x634C, 0x6B6D, 0x6B6D, 0x6B8D, 0x6B8D, 0x6B8D, 0x73AD, 0x6B8D, 0x6B6D, 0x6B6D, 0x6B6D,
  0x634C, 0x634C, 0x634C, 0x6B6D, 0x6B8D, 0x6B6D, 0x636D, 0x636D, 0x634D, 0x634C, 0x634C, 0x634C,
  0x632C, 0x632C, 0x5B2C, 0x5B0B, 0x5AEB, 0x5AEB, 0x52EB, 0x52CB, 0x52EB, 0x632B, 0x5B0B, 0x5B0A,
  0x52CA, 0x52CA, 0x52CB, 0x52CA, 0x52EB, 0x52CB, 0x52EB, 0x52CA, 0x4ACA, 0x4ACA, 0x4A89, 0x4AAA,
  0x52EA, 0x4A89, 0x4A89, 0x4289, 0x4269, 0x4269, 0x4249, 0x4249, 0x4249, 0x4269, 0x4249, 0x3A49,
  0x4249, 0x3A49, 0x3A49, 0x3A49, 0x3A49, 0x3A29, 0x3A29, 0x3A49, 0x3A49, 0x3A29, 0x3A49, 0x3A28,
  0x3A28, 0x3A49, 0x3A49, 0x3A49, 0x3228, 0x3228, 0x3A49, 0x4269, 0x3A49, 0x3228, 0x3A29, 0x3229,
  0x3A28, 0x4269, 0x4268, 0x4248, 0x4248, 0x4269, 0x4249, 0x3A28, 0x3A48, 0x3A28, 0x3A07, 0x3A28,
  0x3207, 0x3208, 0x3A08, 0x3A28, 0x3A28, 0x3A28, 0x3A28, 0x3A28, 0x3A08, 0x31E7, 0x4227, 0x3A27,
  0x39E6, 0x4A67, 0x4A46, 0x4226, 0x3A06, 0x3A07, 0x3206, 0x3206, 0x3207, 0x3A28, 0x3A48, 0x3A48,
  0x3A49, 0x3A28, 0x3A28, 0x3228, 0x3228, 0x3A28, 0x3A28, 0x3A28, 0x3A28, 0x3A49, 0x3A49, 0x3228,
  0x3227, 0x3227, 0x3A48, 0x3A68, 0x3A48, 0x3227, 0x29E6, 0x31E7, 0x31E7, 0x29C6, 0x29C7, 0x29C7,
  0x31E7, 0x29C7, 0x29C7, 0x29C7, 0x29A7, 0x29A7, 0x29A7, 0x29A7, 0x29A7, 0x21A7, 0x29A7, 0x29A7,
  0x29C7, 0x29C7, 0x29C7, 0x29E7, 0x29E7, 0x29E7, 0x3228, 0x3228, 0x3228, 0x3228, 0x3228, 0x3A29,
  0x3229, 0x3A49, 0x3A28, 0x3A28, 0x3A49, 0x3A49, 0x3A28, 0x3208, 0x29E7, 0x29C7, 0x29E7, 0x29E7,
  0x29C7, 0x29E8, 0x31E8, 0x29C8, 0x29C8, 0x29E8, 0x31E8, 0x3208, 0x2985, 0x2185, 0x2165, 0x2165,
  0x2165, 0x2965, 0x2144, 0x2145, 0x2185, 0x2986, 0x2986, 0x2986, 0x2185, 0x29A6, 0x29A6, 0x2986,
  0x29A7, 0x3A08, 0x3A08, 0x3208, 0x3A08, 0x3A28, 0x3A28, 0x3A28, 0x3A28, 0x3A28, 0x3A28, 0x3A29,
  0x3A49, 0x3A29, 0x3A49, 0x3A49, 0x3A49, 0x426A, 0x4249, 0x3A49, 0x426A, 0x4269, 0x4269, 0x428A,
  0x428A, 0x4AAA, 0x4AAA, 0x4A8A, 0x4A8A, 0x4AAA, 0x4ACA, 0x4AAB, 0x4AAA, 0x4AAA, 0x4AAB, 0x4AAB,
  0x4AAB, 0x4AAB, 0x4AAB, 0x52CB, 0x4AAB, 0x4AAB, 0x4AAA, 0x4AAA, 0x4AAA, 0x4AAA, 0x4A8A, 0x4A8A,
  0x4A8A, 0x4A8A, 0x4AAA, 0x4AAA, 0x4A8A, 0x4A8A, 0x4AAB, 0x4AAB, 0x4AAB, 0x4AAB, 0x4ACA, 0x4AAB,
  0x4A8A, 0x4A8A, 0x52CA, 0x6B8D, 0x73AE, 0x52CB, 0x52EB, 0x52CB, 0x52CB, 0x52CA, 0x636C, 0x8C70,
  0x8450, 0x8470, 0x8C50, 0x8430, 0x7C0F, 0x7BEF, 0x7BEF, 0x840F, 0x6B8D, 0x6B6D, 0x634C, 0x634C,
  0x52CA, 0x52CA, 0x52EB, 0x4ACA, 0x4AAA, 0x4A89, 0x4268, 0x4248, 0x4248, 0x4248, 0x3A28, 0x3A28,
  0x3A28, 0x4269, 0x5B0B, 0x5B2B, 0x5AEB, 0x52CA, 0x4ACA, 0x52CA, 0x4ACA, 0x52CA, 0x52CB, 0x52CB,
  0x52CA, 0x52EB, 0x52EB, 0x5B0B, 0x5B2B, 0x632C, 0x6B4C, 0x6B4C, 0x632C, 0x634C, 0x634C, 0x6B6D,
  0x6B8D, 0x6B6D, 0x6B6D, 0x6B6D, 0x6B6D, 0x6B6D, 0x6B6D, 0x634C, 0x632C, 0x634C, 0x634C, 0x634C,
  0x6B6D, 0x636D, 0x636D, 0x6B6D, 0x636D, 0x634D, 0x634C, 0x634C, 0x632C, 0x5B2C, 0x5B0B, 0x5AEB,
  0x5AEB, 0x52EB, 0x52EB, 0x52CB, 0x52EB, 0x630B, 0x5B0B, 0x5B0A, 0x52CA, 0x4ACA, 0x52CA, 0x52CA,
  0x52CB, 0x52CA, 0x4ACA, 0x4AAA, 0x4A8A, 0x4AAA, 0x4A89, 0x52EA, 0x52EA, 0x4AA9, 0x4AA9, 0x4269,
  0x4249, 0x4269, 0x4249, 0x4249, 0x4249, 0x4269, 0x3A49, 0x3A49, 0x4249, 0x3A49, 0x3A28, 0x3A28,
  0x3A49, 0x3A29, 0x3A29, 0x3A49, 0x3A49, 0x3A49, 0x3A49, 0x3A49, 0x3A28, 0x3A49, 0x3A49, 0x3A28,
  0x3228, 0x3228, 0x3A49, 0x3A49, 0x3A49, 0x3228, 0x3A49, 0x3A29, 0x3A28, 0x4248, 0x4248, 0x3A47,
  0x3A27, 0x3A28, 0x4249, 0x3A48, 0x3A48, 0x3207, 0x3A07, 0x3A28, 0x3A28, 0x3A08, 0x3208, 0x3A08,
  0x3207, 0x3A07, 0x3207, 0x3228, 0x3A28, 0x3A07, 0x4A68, 0x4227, 0x4A47, 0x5267, 0x4A46, 0x4227,
  0x3A07, 0x31E7, 0x3207, 0x3207, 0x3207, 0x31E7, 0x31E6, 0x31E7, 0x3A28, 0x3A28, 0x3A29, 0x3228,
  0x3228, 0x3228, 0x3A28, 0x3A28, 0x3208, 0x3A49, 0x3A49, 0x3228, 0x3227, 0x3227, 0x3A47, 0x4268,
  0x3A27, 0x3207, 0x31E7, 0x29C7, 0x29C6, 0x29A6, 0x29C7, 0x31C7, 0x29C7, 0x29E7, 0x29C7, 0x29C7,
  0x29A7, 0x29C7, 0x29C7, 0x29C7, 0x29C7, 0x21A7, 0x29A7, 0x29A7, 0x29E7, 0x3208, 0x3207, 0x29E7,
  0x2A07, 0x3A48, 0x3A49, 0x3228, 0x3228, 0x3A48, 0x3208, 0x3208, 0x3228, 0x3A49, 0x3A28, 0x3A48,
  0x3A48, 0x3228, 0x3208, 0x3208, 0x31E8, 0x29C7, 0x31E8, 0x29C7, 0x29C7, 0x29C8, 0x31E8, 0x29C8,
  0x29E8, 0x29E8, 0x29C8, 0x31E8, 0x2165, 0x2165, 0x2145, 0x2145, 0x2165, 0x29A6, 0x2985, 0x2165,
  0x2165, 0x2985, 0x2986, 0x2986, 0x2986, 0x2986, 0x2986, 0x29A6, 0x31C6, 0x3A07, 0x3A08, 0x31E7,
  0x31E8, 0x3A08, 0x3A08, 0x3A08, 0x31E7, 0x31E7, 0x3A28, 0x3A49, 0x3A28, 0x29C7, 0x3208, 0x3A49,
  0x3A49, 0x3A49, 0x3A49, 0x3A49, 0x3A49, 0x3A49, 0x4269, 0x428A, 0x428A, 0x428A, 0x4A8A, 0x426A,
  0x4269, 0x4A6A, 0x4A8A, 0x4AAA, 0x4AAA, 0x4AAA, 0x4AAB, 0x4AAA, 0x4A8A, 0x52AA, 0x4AAA, 0x4AAA,
  0x4ACB, 0x4AAB, 0x4ACB, 0x4AAA, 0x4A8A, 0x4AAA, 0x4AAA, 0x4A8A, 0x4A8A, 0x4A8A, 0x4A8A, 0x4A8A,
  0x4A8A, 0x4A8A, 0x4AAA, 0x4A8A, 0x4A8A, 0x4AAB, 0x4AAA, 0x4AAA, 0x52AA, 0x6B6D, 0x7BEF, 0x5B0C,
  0x52AB, 0x52AB, 0x52CB, 0x52CB, 0x4AAA, 0x52CA, 0x6BAE, 0x8430, 0x8430, 0x8430, 0x7C2F, 0x7BEF,
  0x7BEF, 0x73CE, 0x73CE, 0x7BEF, 0x6B8D, 0x636D, 0x634C, 0x5B0B, 0x4289, 0x4269, 0x4AAA, 0x4AAA,
  0x4AAA, 0x4A89, 0x4269, 0x4249, 0x4248, 0x3A28, 0x3A28, 0x3A28, 0x4249, 0x4249, 0x4AAA, 0x5AEB,
  0x52CA, 0x4AAA, 0x4ACA, 0x52CA, 0x52CA, 0x52EA, 0x52CA, 0x4AAA, 0x4AAA, 0x52CA, 0x52CA, 0x52CA,
  0x52EA, 0x52EA, 0x634C, 0x634C, 0x632C, 0x632C, 0x634C, 0x6B6C, 0x6B6D, 0x634D, 0x634C, 0x634C,
  0x634C, 0x634C, 0x6B6D, 0x636D, 0x5B2C, 0x5B2C, 0x634C, 0x636D, 0x636D, 0x634C, 0x636D, 0x634C,
  0x634C, 0x634C, 0x634C, 0x634C, 0x632C, 0x5B0B, 0x5B0B, 0x52EB, 0x52EB, 0x52EB, 0x52CB, 0x52CA,
  0x52CA, 0x5B0B, 0x5AEB, 0x52CA, 0x52AA, 0x52AA, 0x4AAA, 0x52CA, 0x4ACA, 0x4AAA, 0x4ACA, 0x4AAA,
  0x4A8A, 0x4A8A, 0x52CA, 0x52CA, 0x4ACA, 0x4A8A, 0x4289, 0x4269, 0x4249, 0x4269, 0x4269, 0x3A49,
  0x3A49, 0x3A49, 0x3A49, 0x3A49, 0x3A49, 0x3A49, 0x3A29, 0x3A49, 0x3A29, 0x3A49, 0x3A49, 0x3A49,
  0x4249, 0x3A29, 0x3A49, 0x3A49, 0x3A28, 0x3A29, 0x3A29, 0x3A28, 0x3A28, 0x3228, 0x3A28, 0x3A29,
  0x3228, 0x3249, 0x3A49, 0x3228, 0x3A28, 0x3A49, 0x3A28, 0x3A07, 0x3207, 0x3A28, 0x4249, 0x3A48,
  0x3A28, 0x3A28, 0x3A28, 0x3A28, 0x3A28, 0x3A07, 0x3A08, 0x31E8, 0x31E7, 0x3A07, 0x3228, 0x3207,
  0x3A27, 0x4247, 0x5287, 0x4A67, 0x4A87, 0x4247, 0x3A07, 0x3A27, 0x3A27, 0x3A07, 0x3A07, 0x31E7,
  0x31E6, 0x31E6, 0x31E6, 0x29C6, 0x3A28, 0x3A28, 0x3A28, 0x3A28, 0x3A08, 0x3208, 0x3A28, 0x3208,
  0x3207, 0x3208, 0x3A49, 0x3A28, 0x3A28, 0x3A48, 0x3A48, 0x3A27, 0x3207, 0x31E7, 0x31E7, 0x31E7,
  0x31C7, 0x29A6, 0x29A7, 0x31E7, 0x29C7, 0x29C7, 0x29C7, 0x29C7, 0x29C7, 0x29C7, 0x29C7, 0x29A7,
  0x21A7, 0x21A7, 0x29A7, 0x29C7, 0x31E7, 0x3207, 0x31E7, 0x3207, 0x3207, 0x3208, 0x3A28, 0x3A28,
  0x3A48, 0x3A28, 0x3A47, 0x3A27, 0x3A48, 0x3228, 0x3228, 0x3A49, 0x3A08, 0x3208, 0x31E8, 0x3208,
  0x3207, 0x31E8, 0x31E8, 0x29C7, 0x29C8, 0x29A7, 0x29C7, 0x29C7, 0x29C7, 0x29C8, 0x29C7, 0x29C7,
  0x2165, 0x2144, 0x2145, 0x2145, 0x2165, 0x2985, 0x2985, 0x2985, 0x29A6, 0x2985, 0x2165, 0x2145,
  0x2165, 0x2165, 0x2986, 0x29A6, 0x31C6, 0x31E7, 0x31E7, 0x3A08, 0x31E8, 0x31E7, 0x31C7, 0x31E7,
  0x31E7, 0x29A7, 0x31E7, 0x3208, 0x31E7, 0x29A6, 0x31E7, 0x3A28, 0x3A49, 0x3A49, 0x3A49, 0x3A49,
  0x3A49, 0x4249, 0x4249, 0x4249, 0x4269, 0x426A, 0x426A, 0x4269, 0x4269, 0x4269, 0x426A, 0x426A,
  0x4A8A, 0x4A8A, 0x4A8A, 0x4A8A, 0x4A8A, 0x4AAA, 0x4AAA, 0x4AAA, 0x4AAA, 0x4AAB, 0x4ACB, 0x4AAA,
  0x4AAA, 0x4A8A, 0x4A8A, 0x428A, 0x4A8A, 0x4A8A, 0x426A, 0x426A, 0x426A, 0x426A, 0x4A8A, 0x4A8A,
  0x4A8A, 0x4A8A, 0x4AAA, 0x4A8A, 0x634D, 0x6B8E, 0x52CB, 0x4AAA, 0x4AAA, 0x4AAA, 0x4AAA, 0x4AAB,
  0x52CB, 0x52CB, 0x52EB, 0x7C0F, 0x7C2F, 0x7BEF, 0x7BEF, 0x73CE, 0x73CE, 0x6B8D, 0x73AE, 0x7BEF,
  0x6B8D, 0x634C, 0x5B2C, 0x4ACA, 0x4269, 0x4269, 0x4269, 0x4A8A, 0x4A89, 0x4268, 0x4248, 0x4249,
  0x4248, 0x3A28, 0x3A28, 0x3A28, 0x3A28, 0x3A48, 0x4AAA, 0x52CA, 0x52CA, 0x4AAA, 0x4AAA, 0x4ACA,
  0x4AAA, 0x4ACA, 0x4ACA, 0x4AA9, 0x4AA9, 0x4AA9, 0x4AAA, 0x52CA, 0x52CA, 0x52CA, 0x5B2B, 0x5B2B,
  0x5B0B, 0x5B2C, 0x632C, 0x634C, 0x634C, 0x634C, 0x634C, 0x5B2C, 0x5B0B, 0x634C, 0x634C, 0x634C,
  0x5B4C, 0x5B4C, 0x634C, 0x634C, 0x634C, 0x634C, 0x634C, 0x634C, 0x634C, 0x634C, 0x634C, 0x632C,
  0x632C, 0x5B0B, 0x5B0B, 0x5B0B, 0x5AEB, 0x52CB, 0x52CA, 0x52CA, 0x5B0B, 0x5AEB, 0x52EB, 0x52EB,
  0x52CA, 0x4AAA, 0x4AAA, 0x52CA, 0x4ACA, 0x4AAA, 0x4AAA, 0x4AAA, 0x4AAA, 0x4AAA, 0x4ACA, 0x4AAA,
  0x4A89, 0x4269, 0x4269, 0x4269, 0x4249, 0x4249, 0x4249, 0x3A49, 0x3A49, 0x3A49, 0x3A49, 0x3A49,
  0x3A49, 0x3A49, 0x3A49, 0x3A49, 0x3A29, 0x3A49, 0x3A49, 0x3A49, 0x3A49, 0x3A29, 0x3A49, 0x3A28,
  0x3A29, 0x3A29, 0x3A29, 0x3A29, 0x3228, 0x3A28, 0x3A28, 0x3A29, 0x3A29, 0x3249, 0x3A49, 0x3228,
  0x3A49, 0x3A48, 0x3A28, 0x3A28, 0x3A07, 0x3A28, 0x3A28, 0x3A28, 0x3A28, 0x3A28, 0x3A28, 0x3A48,
  0x3A28, 0x3A08, 0x31E8, 0x3208, 0x3207, 0x3A28, 0x3207, 0x3A27, 0x4247, 0x4A67, 0x4A67, 0x4A66,
  0x4A67, 0x4267, 0x3A07, 0x3206, 0x3A27, 0x3A07, 0x31C6, 0x31E6, 0x29C6, 0x31E7, 0x31E7, 0x3207,
  0x3207, 0x3207, 0x3A28, 0x3A28, 0x3208, 0x3A28, 0x3208, 0x31E7, 0x31E7, 0x3208, 0x3A28, 0x3208,
  0x3A28, 0x3A27, 0x3A27, 0x3207, 0x31E7, 0x31E7, 0x29C6, 0x31E7, 0x31C7, 0x29A7, 0x31C7, 0x31C7,
  0x29A6, 0x29C7, 0x29C7, 0x29C7, 0x29C7, 0x29A7, 0x29C7, 0x21A7, 0x21A6, 0x29A7, 0x29C7, 0x29C7,
  0x31E7, 0x29C7, 0x29A6, 0x29C6, 0x31E7, 0x31E7, 0x3A28, 0x3A28, 0x3A48, 0x3A48, 0x3A48, 0x3A48,
  0x3A48, 0x3207, 0x3208, 0x3208, 0x31E7, 0x31C7, 0x31E8, 0x3208, 0x31E7, 0x29C7, 0x31E8, 0x3208,
  0x29C7, 0x29A7, 0x29C7, 0x29A7, 0x29C7, 0x29C7, 0x29C7, 0x29C7, 0x2165, 0x2165, 0x2145, 0x2144,
  0x2985, 0x2185, 0x2144, 0x2145, 0x29A6, 0x29A6, 0x2165, 0x2145, 0x2165, 0x2986, 0x29A6, 0x29A6,
  0x31C6, 0x31E7, 0x31E7, 0x3A08, 0x3A08, 0x31C7, 0x29A7, 0x2986, 0x31E7, 0x29A6, 0x29A6, 0x31E8,
  0x29C7, 0x29C7, 0x31C7, 0x3208, 0x3A49, 0x3A49, 0x3A28, 0x3A49, 0x3A49, 0x4249, 0x4249, 0x3A49,
  0x3A49, 0x4249, 0x4249, 0x4249, 0x4269, 0x4269, 0x4269, 0x4269, 0x4269, 0x426A, 0x4A8A, 0x426A,
  0x4A8A, 0x4AAA, 0x4AAA, 0x4AAA, 0x4AAB, 0x4AAB, 0x4AAB, 0x4AAB, 0x4AAA, 0x4A8A, 0x4A8A, 0x426A,
  0x4A8A, 0x4A8A, 0x4A8A, 0x426A, 0x4249, 0x4249, 0x426A, 0x4A8A, 0x4A8A, 0x4A8A, 0x4A8A, 0x4A8A,
  0x4AAA, 0x4A8A, 0x4A8A, 0x4A8A, 0x4A8A, 0x4AAA, 0x4AAA, 0x4AAB, 0x4ACB, 0x52EB, 0x530C, 0x6BAE,
  0x6BAE, 0x73AE, 0x73CE, 0x73AE, 0x6B8E, 0x636D, 0x636D, 0x73AE, 0x6B6D, 0x634C, 0x52CB, 0x4289,
  0x4269, 0x4249, 0x4249, 0x4269, 0x4A89, 0x4269, 0x4248, 0x4249, 0x4248, 0x3A48, 0x3A28, 0x3A28,
  0x3A48, 0x4269, 0x4269, 0x4AAA, 0x52CA, 0x4AAA, 0x4A89, 0x4AA9, 0x4A89, 0x4A89, 0x4A89, 0x4A89,
  0x4A89, 0x4AAA, 0x4AAA, 0x4AAA, 0x4AA9, 0x52CA, 0x5B2B, 0x5B2B, 0x52CA, 0x5AEB, 0x5B0B, 0x632B,
  0x632C, 0x632C, 0x632C, 0x5B0B, 0x5B2C, 0x632C, 0x634C, 0x5B2C, 0x5B2C, 0x634C, 0x5B2C, 0x5B2C,
  0x5B2C, 0x634C, 0x634C, 0x634C, 0x634C, 0x634C, 0x634C, 0x632C, 0x632C, 0x632C, 0x5B2C, 0x5B0B,
  0x5AEB, 0x52CB, 0x52AA, 0x52CA, 0x5AEB, 0x52CA, 0x52CA, 0x5AEB, 0x5AEB, 0x52AA, 0x4AAA, 0x52CA,
  0x4ACA, 0x4AAA, 0x4AAA, 0x4ACA, 0x4AAA, 0x4A8A, 0x4A89, 0x4A89, 0x4289, 0x4289, 0x4269, 0x4269,
  0x426A, 0x4269, 0x4269, 0x3A49, 0x3A49, 0x4269, 0x4269, 0x3A49, 0x3A49, 0x3A49, 0x3A29, 0x3229,
  0x3229, 0x3A29, 0x3A29, 0x3A29, 0x3A49, 0x3A49, 0x3A28, 0x3A28, 0x3A29, 0x3A49, 0x3A29, 0x3A29,
  0x3A28, 0x3A28, 0x3A28, 0x3A29, 0x3228, 0x3A49, 0x3228, 0x3228, 0x3A48, 0x3A28, 0x3A28, 0x3A28,
  0x3A08, 0x3A28, 0x3A08, 0x3A28, 0x3A28, 0x3208, 0x3A28, 0x3A28, 0x3A28, 0x3A08, 0x31E8, 0x31E8,
  0x3207, 0x4268, 0x4247, 0x4247, 0x3A06, 0x3A27, 0x3A46, 0x4A66, 0x4A87, 0x4267, 0x4228, 0x3A07,
  0x31E7, 0x31C6, 0x3A07, 0x31E7, 0x31E7, 0x29C7, 0x29C6, 0x29C7, 0x29C7, 0x31E7, 0x3207, 0x3A28,
  0x3A28, 0x3A28, 0x3208, 0x31E7, 0x31E7, 0x3208, 0x3208, 0x3207, 0x3A28, 0x3A27, 0x3A27, 0x3207,
  0x31E7, 0x31E7, 0x29C7, 0x31E7, 0x31C7, 0x29C7, 0x31C7, 0x29C7, 0x29C7, 0x29C7, 0x29C7, 0x29C7,
  0x29C7, 0x29C7, 0x29C7, 0x29A7, 0x29A7, 0x29A7, 0x29A7, 0x29A7, 0x29C7, 0x29A6, 0x29C6, 0x31E7,
  0x3207, 0x3207, 0x3A27, 0x3A07, 0x3A27, 0x3A47, 0x3A27, 0x3207, 0x3207, 0x3228, 0x3208, 0x31E7,
  0x31E7, 0x29C7, 0x31E8, 0x3208, 0x3A28, 0x31C7, 0x3208, 0x31E8, 0x29C7, 0x29C8, 0x29C8, 0x29A7,
  0x29A7, 0x29A7, 0x29C8, 0x29C7, 0x2165, 0x2165, 0x2145, 0x2145, 0x2985, 0x2165, 0x2145, 0x2145,
  0x2985, 0x2986, 0x2145, 0x2145, 0x2145, 0x2165, 0x31C7, 0x29A6, 0x2985, 0x29C6, 0x31C7, 0x31E7,
  0x31E7, 0x29A7, 0x29A6, 0x2166, 0x31C7, 0x29A7, 0x29A6, 0x29C7, 0x29A6, 0x2986, 0x29A6, 0x3208,
  0x3A28, 0x3A28, 0x3A28, 0x3A28, 0x3A28, 0x3A49, 0x3A49, 0x3A49, 0x3A29, 0x3A28, 0x4249, 0x4249,
  0x4249, 0x4249, 0x4269, 0x4269, 0x4269, 0x426A, 0x4269, 0x4269, 0x426A, 0x4AAA, 0x4AAA, 0x4AAB,
  0x4AAA, 0x428A, 0x4A8A, 0x4AAA, 0x4AAA, 0x4A8A, 0x4AAA, 0x4A8A, 0x426A, 0x426A, 0x4A8A, 0x426A,
  0x4269, 0x4249, 0x426A, 0x4A8A, 0x4A8A, 0x4A8A, 0x4A8A, 0x428A, 0x4AAA, 0x4A8A, 0x4A8A, 0x4A8A,
  0x4AAA, 0x4AAA, 0x4AAB, 0x52CB, 0x4ACB, 0x4ACB, 0x4ACB, 0x52CB, 0x634D, 0x6B8E, 0x6B8E, 0x6B8E,
  0x6B8D, 0x636D, 0x636D, 0x634D, 0x5B0C, 0x5B0C, 0x52CB, 0x4269, 0x4269, 0x4249, 0x4249, 0x4249,
  0x4269, 0x4249, 0x4249, 0x4248, 0x3A48, 0x3A28, 0x3A28, 0x3A28, 0x3A28, 0x3A28, 0x3A28, 0x4289,
  0x4AAA, 0x4AAA, 0x4A89, 0x4289, 0x4289, 0x4289, 0x4269, 0x4269, 0x4269, 0x4AAA, 0x4AAA, 0x4AAA,
  0x4ACA, 0x52CA, 0x530B, 0x52CA, 0x4AAA, 0x52CA, 0x5B0B, 0x5B0B, 0x632C, 0x632C, 0x5B2C, 0x5B0B,
  0x634C, 0x634C, 0x634C, 0x5B0B, 0x5B0C, 0x5B4C, 0x5B2C, 0x5B2C, 0x5B2C, 0x632C, 0x634C, 0x634C,
  0x634C, 0x634C, 0x5B2C, 0x5B0B, 0x5B0B, 0x5B0B, 0x5B0B, 0x5B0B, 0x5AEB, 0x52CB, 0x52CA, 0x52CA,
  0x5B0B, 0x5B0B, 0x52CA, 0x52CA, 0x52CA, 0x52CA, 0x4AAA, 0x52CA, 0x52CA, 0x4AAA, 0x4AAA, 0x4AAA,
  0x4269, 0x4A8A, 0x4A8A, 0x4269, 0x426A, 0x4A89, 0x4269, 0x4269, 0x4269, 0x4249, 0x4249, 0x3A49,
  0x4269, 0x4269, 0x4269, 0x4269, 0x3A49, 0x3A28, 0x3A29, 0x3229, 0x3229, 0x3A29, 0x3A29, 0x3A29,
  0x3A49, 0x3A29, 0x3A29, 0x3A29, 0x3A29, 0x3A49, 0x3A29, 0x3A28, 0x3A29, 0x3A28, 0x3228, 0x3A28,
  0x3228, 0x3249, 0x3228, 0x3A28, 0x3A49, 0x3A48, 0x3A28, 0x3A28, 0x3A08, 0x3A08, 0x3A28, 0x3A28,
  0x3A28, 0x3A08, 0x3208, 0x3A28, 0x3207, 0x3228, 0x3A08, 0x3A08, 0x3A27, 0x4268, 0x4247, 0x3A27,
  0x39E6, 0x3A06, 0x4267, 0x4AA8, 0x4A66, 0x3A06, 0x39E7, 0x31E7, 0x31C6, 0x31E6, 0x3A07, 0x31E7,
  0x31E7, 0x29C7, 0x29C7, 0x29C7, 0x29C7, 0x31E7, 0x3207, 0x3A28, 0x3A28, 0x3A28, 0x3208, 0x31E8,
  0x31E8, 0x31E8, 0x3208, 0x3A28, 0x3207, 0x3A28, 0x3207, 0x3208, 0x31E7, 0x31E7, 0x31E7, 0x31C7,
  0x31C7, 0x31C7, 0x31C7, 0x31C7, 0x31E7, 0x29E7, 0x29C7, 0x29C7, 0x29C7, 0x29C7, 0x29A7, 0x29A7,
  0x29A7, 0x29A7, 0x29A7, 0x29C7, 0x29C7, 0x29A6, 0x31E7, 0x3207, 0x3207, 0x3207, 0x31C6, 0x31E7,
  0x3A07, 0x31E7, 0x3207, 0x31E7, 0x31E7, 0x3207, 0x3208, 0x3A28, 0x3208, 0x29C7, 0x29C7, 0x31E8,
  0x3208, 0x29C7, 0x29C7, 0x31E8, 0x29C7, 0x29C8, 0x29A7, 0x29C7, 0x29C8, 0x29A7, 0x29C7, 0x29A7,
  0x1944, 0x2144, 0x2144, 0x2144, 0x2165, 0x2185, 0x2165, 0x2165, 0x2165, 0x2165, 0x2145, 0x2145,
  0x2145, 0x2986, 0x29A6, 0x2185, 0x2986, 0x31C6, 0x29C6, 0x29A7, 0x31A7, 0x2986, 0x2986, 0x2166,
  0x2165, 0x29A7, 0x29A6, 0x2986, 0x29A7, 0x29A7, 0x31C7, 0x31C7, 0x31C7, 0x3207, 0x3A08, 0x3A28,
  0x3A28, 0x3A28, 0x3A28, 0x3A28, 0x3A28, 0x3A49, 0x4249, 0x4249, 0x4249, 0x4249, 0x4249, 0x4249,
  0x4249, 0x4249, 0x4249, 0x4249, 0x4249, 0x428A, 0x4A8A, 0x4AAA, 0x428A, 0x428A, 0x4A8A, 0x4AAA,
  0x4AAA, 0x4A8A, 0x4A8A, 0x4AAA, 0x4A8A, 0x426A, 0x4A8A, 0x426A, 0x4269, 0x4269, 0x428A, 0x4A8A,
  0x426A, 0x426A, 0x4A8A, 0x428A, 0x428A, 0x428A, 0x426A, 0x428A, 0x4A8A, 0x4AAA, 0x4AAA, 0x4AAB,
  0x4ACB, 0x4ACB, 0x4AAB, 0x52EB, 0x634D, 0x636D, 0x636D, 0x636D, 0x636D, 0x634D, 0x5B4D, 0x632C,
  0x52EB, 0x4AAA, 0x4AAA, 0x4269, 0x4269, 0x4249, 0x4249, 0x4249, 0x4249, 0x3A48, 0x3A28, 0x3A48,
  0x3A28, 0x3A28, 0x3A28, 0x3A28, 0x3228, 0x3A28, 0x3A48, 0x4268, 0x4A89, 0x4A89, 0x4289, 0x4A89,
  0x4A89, 0x4269, 0x4248, 0x4268, 0x4248, 0x4269, 0x4A89, 0x4A89, 0x4AAA, 0x4AAA, 0x4ACA, 0x4AAA,
  0x4289, 0x4A8A, 0x5AEA, 0x5B0B, 0x632C, 0x632C, 0x5B0B, 0x632C, 0x5B2C, 0x5B2C, 0x5B0B, 0x5B0B,
  0x530B, 0x5B2C, 0x5B2C, 0x5B2C, 0x5B2C, 0x632C, 0x5B2C, 0x632C, 0x632C, 0x632C, 0x5B2B, 0x632C,
  0x634C, 0x5B0B, 0x5AEB, 0x52EB, 0x52EB, 0x52EB, 0x5B0B, 0x5B2C, 0x5B2C, 0x5AEB, 0x52CA, 0x52AA,
  0x52AA, 0x52CA, 0x52CA, 0x52CA, 0x4ACA, 0x4AAA, 0x4AAA, 0x4AAA, 0x4AAA, 0x52CB, 0x426A, 0x4249,
  0x4269, 0x4269, 0x4289, 0x4A8A, 0x426A, 0x4249, 0x4269, 0x3A49, 0x4269, 0x3A49, 0x4269, 0x4269,
  0x3A49, 0x3A28, 0x3A29, 0x3A29, 0x3A49, 0x3A49, 0x3A29, 0x3A29, 0x3A49, 0x3A29, 0x3A49, 0x3A49,
  0x3A29, 0x3A49, 0x3A29, 0x3A28, 0x3A29, 0x3A28, 0x3228, 0x3228, 0x3228, 0x3228, 0x3228, 0x3228,
  0x3A28, 0x3A49, 0x3A29, 0x3A28, 0x3A28, 0x3A28, 0x3A28, 0x3A28, 0x3A28, 0x3A08, 0x3A08, 0x3A08,
  0x31E8, 0x3228, 0x3208, 0x3A28, 0x4268, 0x4247, 0x3A27, 0x31E7, 0x31C7, 0x3A07, 0x4247, 0x4246,
  0x4226, 0x3A06, 0x3A07, 0x3A07, 0x3A27, 0x31C6, 0x31E7, 0x29C6, 0x29C6, 0x29C7, 0x31E7, 0x31E7,
  0x31E7, 0x31E6, 0x3207, 0x3A27, 0x3207, 0x3A28, 0x31E8, 0x31E8, 0x31E8, 0x3227, 0x3A27, 0x3A27,
  0x31E7, 0x31C8, 0x31E7, 0x3208, 0x3208, 0x31E7, 0x31C7, 0x31E7, 0x31E7, 0x31C7, 0x31E7, 0x3208,
  0x31E8, 0x29E7, 0x29C7, 0x29C7, 0x29C7, 0x29C7, 0x29C7, 0x29A7, 0x29A7, 0x2986, 0x29A7, 0x31E7,
  0x31E6, 0x3207, 0x3207, 0x3206, 0x3207, 0x31E7, 0x3207, 0x31C7, 0x31E7, 0x31C7, 0x29C7, 0x29C7,
  0x31E7, 0x29E7, 0x3207, 0x3208, 0x31E7, 0x29C7, 0x29C8, 0x31C7, 0x3A08, 0x31C7, 0x29A7, 0x29C7,
  0x29C7, 0x29A7, 0x29A7, 0x29A7, 0x29C8, 0x29C8, 0x29C8, 0x29A7, 0x2145, 0x2145, 0x2144, 0x2145,
  0x2165, 0x2165, 0x2165, 0x2165, 0x2165, 0x2144, 0x2145, 0x2145, 0x2165, 0x29A6, 0x2985, 0x2165,
  0x2985, 0x29A6, 0x31C6, 0x31C7, 0x2986, 0x2985, 0x2986, 0x2986, 0x2166, 0x2986, 0x29A6, 0x29A6,
  0x2986, 0x2986, 0x29A6, 0x2986, 0x29A6, 0x3A08, 0x3A08, 0x3208, 0x3208, 0x3207, 0x3207, 0x3207,
  0x3A07, 0x3A28, 0x3A49, 0x3A28, 0x3A28, 0x3A28, 0x3A29, 0x4249, 0x4249, 0x4249, 0x4249, 0x3A49,
  0x3A49, 0x4269, 0x428A, 0x428A, 0x428A, 0x428A, 0x4AAA, 0x4AAA, 0x4AAA, 0x4AAA, 0x428A, 0x426A,
  0x4A8A, 0x426A, 0x426A, 0x426A, 0x426A, 0x426A, 0x4A8A, 0x4A8A, 0x428A, 0x428A, 0x428A, 0x426A,
  0x428A, 0x426A, 0x426A, 0x426A, 0x428A, 0x4AAA, 0x4AAB, 0x4AAB, 0x4ACB, 0x4ACB, 0x4AAB, 0x52EB,
  0x5B2D, 0x634D, 0x634C, 0x634C, 0x634C, 0x5B2C, 0x5B2C, 0x5B0C, 0x52CB, 0x4AAA, 0x4A8A, 0x4269,
  0x4269, 0x4249, 0x3A49, 0x3A49, 0x4249, 0x3A48, 0x3A28, 0x3A28, 0x3A08, 0x3208, 0x3A08, 0x3A28,
  0x3A28, 0x3A48, 0x4269, 0x4289, 0x4AAA, 0x4A89, 0x4A89, 0x4269, 0x4289, 0x4269, 0x4248, 0x3A48,
  0x3A48, 0x3A48, 0x4269, 0x4A89, 0x4289, 0x4A8A, 0x4AAA, 0x4289, 0x4269, 0x4A89, 0x52CA, 0x5B0B,
  0x5B0B, 0x5B0B, 0x5B0B, 0x5B0B, 0x5AEB, 0x5AEB, 0x5AEB, 0x5B0B, 0x5B0B, 0x530B, 0x5B0B, 0x5B0C,
  0x5B0C, 0x5B0C, 0x5B0B, 0x5B2C, 0x5B0B, 0x5B2C, 0x632C, 0x634C, 0x632C, 0x5B0B, 0x5B0B, 0x52EB,
  0x52CA, 0x52EB, 0x5B2C, 0x5B0B, 0x5B0B, 0x5AEB, 0x52CA, 0x52CA, 0x52AA, 0x52CA, 0x52AA, 0x52AA,
  0x4AAA, 0x52CA, 0x4AAA, 0x4AA9, 0x52EA, 0x52CB, 0x4A8A, 0x426A, 0x426A, 0x4269, 0x4A8A, 0x4A8A,
  0x4269, 0x4249, 0x4269, 0x3A49, 0x4269, 0x4269, 0x4269, 0x4269, 0x4269, 0x3A49, 0x3A29, 0x3A49,
  0x3A49, 0x3A49, 0x3A49, 0x3A29, 0x3A29, 0x3A49, 0x3A49, 0x3A29, 0x3A29, 0x3228, 0x3A28, 0x3228,
  0x3A29, 0x3228, 0x3228, 0x3228, 0x3228, 0x3228, 0x3A29, 0x3228, 0x3A28, 0x3A49, 0x3A28, 0x3A28,
  0x3A28, 0x3A28, 0x3A28, 0x3A28, 0x3A08, 0x3A28, 0x3A29, 0x3228, 0x3208, 0x3A28, 0x3A08, 0x3A08,
  0x4248, 0x4247, 0x3A07, 0x3A07, 0x3A07, 0x4248, 0x4267, 0x4246, 0x4227, 0x39E6, 0x31E6, 0x3A27,
  0x31E6, 0x31E7, 0x31E7, 0x31C7, 0x31C7, 0x29C7, 0x29C7, 0x29E7, 0x31E7, 0x31E7, 0x3228, 0x3207,
  0x3207, 0x3A28, 0x3208, 0x31E8, 0x31E8, 0x3A28, 0x3A08, 0x3208, 0x3208, 0x31E8, 0x31E7, 0x3207,
  0x3208, 0x31E7, 0x31E8, 0x31E8, 0x31E7, 0x29C7, 0x31E8, 0x3A28, 0x3208, 0x29C7, 0x29C7, 0x29C7,
  0x29C7, 0x29C7, 0x29C7, 0x29C7, 0x29C7, 0x29A6, 0x29A7, 0x29C7, 0x31E7, 0x3207, 0x3207, 0x3207,
  0x31E7, 0x31E7, 0x31C7, 0x29A6, 0x29C7, 0x29C7, 0x29A7, 0x29A6, 0x29C7, 0x29E7, 0x31E7, 0x31E7,
  0x31E7, 0x29A7, 0x29C7, 0x31E8, 0x31E8, 0x29E7, 0x29C7, 0x29A7, 0x29A7, 0x29A7, 0x29C7, 0x29C8,
  0x29A7, 0x29C7, 0x29A7, 0x31E8, 0x1944, 0x2145, 0x1924, 0x2145, 0x2145, 0x1944, 0x2145, 0x2165,
  0x2986, 0x2145, 0x2145, 0x2145, 0x2165, 0x2185, 0x2185, 0x2165, 0x2145, 0x2165, 0x29A6, 0x31E7,
  0x29A6, 0x2985, 0x2145, 0x2145, 0x2166, 0x2165, 0x29A6, 0x29A6, 0x2185, 0x2186, 0x2165, 0x2186,
  0x31C7, 0x3A08, 0x31C7, 0x31C7, 0x31E7, 0x31C7, 0x31C7, 0x31E7, 0x3208, 0x3A08, 0x3208, 0x31E8,
  0x3208, 0x3A08, 0x3A28, 0x3A29, 0x4249, 0x3A49, 0x3A49, 0x3A28, 0x3A28, 0x3A49, 0x4269, 0x428A,
  0x428A, 0x428A, 0x428A, 0x4AAA, 0x4AAA, 0x42AA, 0x428A, 0x4269, 0x424A, 0x426A, 0x426A, 0x426A,
  0x428A, 0x428A, 0x426A, 0x4269, 0x428A, 0x4A8A, 0x426A, 0x426A, 0x426A, 0x426A, 0x426A, 0x428A,
  0x428A, 0x4A8A, 0x4AAB, 0x4AAB, 0x4AAB, 0x4ACA, 0x4AAA, 0x4AAA, 0x4ACB, 0x5B0C, 0x5B0C, 0x5B2C,
  0x5B2C, 0x5B0C, 0x530B, 0x52CB, 0x4AAA, 0x4A8A, 0x428A, 0x4269, 0x4269, 0x4249, 0x4249, 0x4249,
  0x3A28, 0x3A28, 0x3A28, 0x3A28, 0x3A28, 0x3208, 0x3A08, 0x3A28, 0x4268, 0x4269, 0x4289, 0x4A89,
  0x4AAA, 0x4AA9, 0x4AA9, 0x4289, 0x4248, 0x4268, 0x4268, 0x3A48, 0x3A27, 0x3207, 0x4269, 0x4A89,
  0x4289, 0x4289, 0x4269, 0x4269, 0x4249, 0x4269, 0x52AA, 0x52EB, 0x5B0B, 0x5B0B, 0x52CA, 0x52AA,
  0x52CA, 0x5AEB, 0x52CB, 0x5AEB, 0x52EB, 0x530B, 0x5B0C, 0x52EB, 0x52EB, 0x52EB, 0x52EB, 0x5B0C,
  0x5B0B, 0x5B0B, 0x5B2C, 0x5B2B, 0x5B2B, 0x5B2B, 0x5B0B, 0x52EB, 0x52EB, 0x52EB, 0x5B0B, 0x5AEB,
  0x5B0B, 0x5B0B, 0x52EB, 0x52CA, 0x52CA, 0x4ACA, 0x52AA, 0x52AA, 0x4AAA, 0x4AAA, 0x52EB, 0x52EA,
  0x52EA, 0x4AAA, 0x4AAA, 0x4A8A, 0x426A, 0x4269, 0x4A8A, 0x428A, 0x4269, 0x4249, 0x4249, 0x3A49,
  0x4269, 0x4269, 0x4269, 0x426A, 0x4269, 0x4269, 0x3A49, 0x3A49, 0x3A49, 0x3A49, 0x3A49, 0x3A29,
  0x3A29, 0x3A29, 0x3A29, 0x3228, 0x3228, 0x3A28, 0x3A28, 0x3228, 0x3A28, 0x3A28, 0x3228, 0x3228,
  0x3A49, 0x3A49, 0x3A28, 0x3A29, 0x3A49, 0x3A48, 0x3A28, 0x3A28, 0x3A28, 0x3A28, 0x3A27, 0x3A28,
  0x3A28, 0x3A29, 0x3A29, 0x3A28, 0x3228, 0x3A28, 0x3A08, 0x3A07, 0x4248, 0x4247, 0x3A27, 0x3A07,
  0x4247, 0x4268, 0x3A27, 0x3A06, 0x3A06, 0x3A27, 0x31E6, 0x31E6, 0x3207, 0x31E7, 0x31E7, 0x31E7,
  0x31C7, 0x31C7, 0x31E7, 0x31E7, 0x31E7, 0x3208, 0x31E8, 0x31E7, 0x31E7, 0x3A28, 0x3A28, 0x3208,
  0x31E7, 0x3208, 0x3208, 0x3A08, 0x3A28, 0x3A28, 0x3207, 0x3207, 0x3208, 0x31E7, 0x31E8, 0x3208,
  0x3208, 0x29C7, 0x3208, 0x3208, 0x31E7, 0x31E7, 0x31C7, 0x29A7, 0x29C7, 0x29C7, 0x29C7, 0x29C7,
  0x29E7, 0x29C7, 0x29C7, 0x29C7, 0x3207, 0x31E7, 0x31E7, 0x31E7, 0x31E6, 0x31E7, 0x31C7, 0x29A6,
  0x29C7, 0x31E7, 0x29A7, 0x29C7, 0x31E7, 0x29C7, 0x29C7, 0x29C7, 0x29E7, 0x29C7, 0x29C7, 0x29C7,
  0x29C7, 0x31E8, 0x29E7, 0x29C7, 0x29A7, 0x29A7, 0x31C8, 0x31E8, 0x29A7, 0x29A7, 0x31C7, 0x3208,
  0x1944, 0x1924, 0x1924, 0x2145, 0x1944, 0x1924, 0x2144, 0x2165, 0x2986, 0x2185, 0x2166, 0x2145,
  0x2145, 0x2144, 0x2165, 0x2985, 0x2185, 0x29A6, 0x29A6, 0x29C6, 0x31C6, 0x29A6, 0x2145, 0x2145,
  0x2145, 0x2165, 0x2166, 0x2166, 0x2166, 0x2986, 0x2986, 0x2986, 0x31C7, 0x31E7, 0x31C7, 0x31E7,
  0x31E7, 0x29C7, 0x29C6, 0x31E7, 0x3207, 0x3208, 0x31E7, 0x31C7, 0x3208, 0x3A08, 0x3A28, 0x3A08,
  0x3A28, 0x3A28, 0x3208, 0x3A28, 0x3A49, 0x3A49, 0x4269, 0x4269, 0x428A, 0x428A, 0x4269, 0x428A,
  0x428A, 0x4AAA, 0x428A, 0x4269, 0x424A, 0x426A, 0x426A, 0x426A, 0x426A, 0x428A, 0x4269, 0x4269,
  0x426A, 0x4A8A, 0x428A, 0x428A, 0x426A, 0x426A, 0x428A, 0x428A, 0x428A, 0x4AAB, 0x4AAB, 0x4AAB,
  0x4AAB, 0x4AAA, 0x4AAA, 0x4AAA, 0x4AAB, 0x5AEC, 0x52EB, 0x52EB, 0x530B, 0x5B0C, 0x52EB, 0x4AAA,
  0x4A8A, 0x426A, 0x4269, 0x4269, 0x4249, 0x4249, 0x4249, 0x4249, 0x3A28, 0x3A28, 0x3A28, 0x3A08,
  0x3208, 0x31E8, 0x3A08, 0x3A28, 0x3A48, 0x4249, 0x3A48, 0x3A48, 0x4269, 0x4AAA, 0x4A89, 0x4269,
  0x4248, 0x4248, 0x3A48, 0x3A28, 0x3A27, 0x3A07, 0x3A28, 0x3A48, 0x4269, 0x4289, 0x4269, 0x4269,
  0x4269, 0x4269, 0x4AAA, 0x52CA, 0x5AEB, 0x52EA, 0x52CA, 0x52AA, 0x52AA, 0x52CB, 0x52AA, 0x52EB,
  0x52EB, 0x52EB, 0x52CB, 0x4ACB, 0x52CB, 0x52CB, 0x52CB, 0x5B0B, 0x5AEB, 0x5AEB, 0x5B0B, 0x5AEB,
  0x5B0B, 0x5B0B, 0x52CB, 0x52EB, 0x530B, 0x52EB, 0x5B2C, 0x5B0B, 0x5AEB, 0x5B0B, 0x52EB, 0x52AA,
  0x4AAA, 0x52CA, 0x52AA, 0x52AA, 0x4AAA, 0x4A8A, 0x4AAA, 0x52EA, 0x52EB, 0x52CB, 0x52EB, 0x4AAA,
  0x4A8A, 0x4289, 0x4A8A, 0x4A8A, 0x4269, 0x426A, 0x4249, 0x3A49, 0x3A49, 0x4249, 0x428A, 0x4269,
  0x4269, 0x3A69, 0x3A49, 0x3A49, 0x3A49, 0x3A49, 0x3A49, 0x3A49, 0x3A49, 0x3A49, 0x3A29, 0x3228,
  0x3228, 0x3A29, 0x3A28, 0x3228, 0x3A29, 0x3A29, 0x3228, 0x3A29, 0x3A49, 0x3A49, 0x3A29, 0x3A29,
  0x3A49, 0x4269, 0x3A49, 0x3A28, 0x3A28, 0x3A28, 0x3207, 0x3A28, 0x3A28, 0x3A28, 0x3A28, 0x3A28,
  0x3A48, 0x3A48, 0x3A07, 0x4268, 0x4A68, 0x4247, 0x3A27, 0x3A06, 0x4248, 0x4268, 0x3A27, 0x3A07,
  0x39E7, 0x3A07, 0x31E7, 0x31C6, 0x31E7, 0x31E7, 0x3A07, 0x31E7, 0x31C7, 0x31C7, 0x31E7, 0x31E7,
  0x31E7, 0x31E7, 0x31E7, 0x31E7, 0x31E8, 0x3208, 0x3A28, 0x3A48, 0x4269, 0x3A49, 0x3A28, 0x3A28,
  0x4249, 0x3A49, 0x3A08, 0x3208, 0x3208, 0x31E8, 0x31E8, 0x3208, 0x3208, 0x3208, 0x3208, 0x3208,
  0x31E7, 0x29C7, 0x29C7, 0x29C7, 0x31E7, 0x31E7, 0x29C7, 0x29C7, 0x29C7, 0x29C7, 0x29C7, 0x31E7,
  0x31E7, 0x29C7, 0x3207, 0x3207, 0x31E7, 0x3A07, 0x31E7, 0x31C7, 0x29C7, 0x29C7, 0x31C7, 0x31C7,
  0x31E7, 0x29C7, 0x29C7, 0x29C7, 0x29C7, 0x29E7, 0x29C7, 0x29A7, 0x29C7, 0x31E8, 0x31E8, 0x29E8,
  0x29C7, 0x29A7, 0x29C8, 0x31E8, 0x29A7, 0x21A6, 0x31E7, 0x31E7, 0x1924, 0x1924, 0x1924, 0x1924,
  0x1944, 0x2145, 0x2145, 0x2145, 0x2145, 0x2165, 0x2165, 0x2145, 0x2165, 0x2165, 0x2165, 0x2165,
  0x2985, 0x2985, 0x2165, 0x2986, 0x2985, 0x2165, 0x2145, 0x2145, 0x2145, 0x2165, 0x2165, 0x2166,
  0x2166, 0x2986, 0x2986, 0x2986, 0x2986, 0x29A7, 0x31C7, 0x31E7, 0x31E8, 0x31C7, 0x29A6, 0x29C7,
  0x31E7, 0x31E7, 0x31C7, 0x29C7, 0x31C7, 0x31E7, 0x31E7, 0x3A08, 0x3A08, 0x3A08, 0x3208, 0x3A28,
  0x3A49, 0x3A49, 0x4269, 0x3A49, 0x4269, 0x4269, 0x3A49, 0x4269, 0x428A, 0x428A, 0x428A, 0x428A,
  0x424A, 0x426A, 0x4249, 0x4249, 0x4249, 0x426A, 0x4269, 0x4249, 0x4269, 0x426A, 0x428A, 0x426A,
  0x426A, 0x426A, 0x426A, 0x426A, 0x428A, 0x4AAB, 0x4AAB, 0x4AAB, 0x4AAB, 0x4AAA, 0x4AAA, 0x4AAA,
  0x4ACB, 0x52CB, 0x52EB, 0x52EB, 0x52EB, 0x52CB, 0x4ACB, 0x4ACB, 0x428A, 0x4269, 0x4249, 0x4269,
  0x3A49, 0x3A49, 0x3A49, 0x4249, 0x3A49, 0x3A28, 0x3A28, 0x3A08, 0x31E8, 0x3208, 0x3208, 0x3A08,
  0x3A28, 0x3A48, 0x3A28, 0x3A28, 0x3A28, 0x4269, 0x4269, 0x4248, 0x3A48, 0x3A28, 0x3A28, 0x3A28,
  0x3A28, 0x3207, 0x3A08, 0x3A28, 0x4268, 0x4269, 0x4289, 0x4269, 0x3A49, 0x4269, 0x4AAA, 0x4AAA,
  0x52CA, 0x52CA, 0x4AA9, 0x4AAA, 0x52AA, 0x52CB, 0x52AA, 0x52EB, 0x52EB, 0x4AAA, 0x4AAA, 0x4AAA,
  0x4ACB, 0x4ACB, 0x52CB, 0x52EB, 0x52EB, 0x52EB, 0x52CB, 0x52EB, 0x5B0B, 0x5B0B, 0x52CA, 0x52CB,
  0x52CA, 0x52EB, 0x5B0B, 0x5B0B, 0x5AEB, 0x52EA, 0x52AA, 0x4AAA, 0x4AAA, 0x4AAA, 0x52CB, 0x52EB,
  0x4A8A, 0x4AAA, 0x4ACA, 0x4ACA, 0x4AAA, 0x52CB, 0x52CB, 0x4AAA, 0x4AAA, 0x4AAA, 0x4A8A, 0x4A89,
  0x4A8A, 0x4A8A, 0x426A, 0x426A, 0x4269, 0x428A, 0x428A, 0x4269, 0x3A49, 0x3A49, 0x3A49, 0x3A49,
  0x3A49, 0x3A49, 0x3A29, 0x3A29, 0x3A49, 0x3A49, 0x3A28, 0x3228, 0x3A28, 0x3A49, 0x3A49, 0x3A28,
  0x3A28, 0x3A28, 0x3A28, 0x3A29, 0x3A49, 0x3A49, 0x3A29, 0x3A29, 0x3A49, 0x4269, 0x4268, 0x3A28,
  0x3A48, 0x3A28, 0x3207, 0x3207, 0x3208, 0x3A28, 0x3A28, 0x4248, 0x4AA9, 0x4268, 0x4247, 0x4A88,
  0x4247, 0x4247, 0x4268, 0x3A27, 0x4248, 0x4248, 0x3A27, 0x3A07, 0x3A07, 0x31E7, 0x3207, 0x31C7,
  0x31C6, 0x31E7, 0x31E7, 0x31C7, 0x29C6, 0x31C7, 0x31C7, 0x29C7, 0x31E7, 0x31E7, 0x31E7, 0x31E7,
  0x31E7, 0x3207, 0x3207, 0x3A48, 0x4289, 0x426A, 0x4249, 0x4269, 0x4249, 0x3A29, 0x3A48, 0x3A28,
  0x3A49, 0x3A28, 0x3208, 0x3A28, 0x3208, 0x3208, 0x3208, 0x3208, 0x31E7, 0x3A28, 0x31E7, 0x29C7,
  0x3208, 0x31E7, 0x31E7, 0x29C7, 0x29A7, 0x29A7, 0x29C7, 0x31C7, 0x29C7, 0x31E7, 0x3A28, 0x31E7,
  0x31E6, 0x31C7, 0x31E7, 0x31E7, 0x29C7, 0x29C7, 0x29A7, 0x29A7, 0x29C7, 0x29C7, 0x29C7, 0x29C7,
  0x29C7, 0x29C7, 0x29A7, 0x29C7, 0x29C8, 0x29E7, 0x29E8, 0x29C7, 0x21A7, 0x29A7, 0x29C8, 0x29C7,
  0x29C7, 0x29A7, 0x29E7, 0x29C7, 0x1924, 0x1924, 0x1924, 0x1924, 0x2145, 0x2165, 0x2145, 0x2165,
  0x2165, 0x2165, 0x1925, 0x2145, 0x2145, 0x2145, 0x2165, 0x2165, 0x2165, 0x2165, 0x2145, 0x2165,
  0x2985, 0x2165, 0x2145, 0x2145, 0x2145, 0x2165, 0x2166, 0x2166, 0x2166, 0x2166, 0x2986, 0x2986,
  0x2986, 0x29A6, 0x31C7, 0x31C7, 0x31E7, 0x31E7, 0x29C7, 0x29A7, 0x31C7, 0x29C7, 0x29C7, 0x29C7,
  0x31C7, 0x29C7, 0x31C7, 0x31E7, 0x39E8, 0x3A08, 0x3A08, 0x3A28, 0x3A49, 0x3A49, 0x3A28, 0x3A49,
  0x3A49, 0x3A49, 0x3A28, 0x4289, 0x428A, 0x426A, 0x428A, 0x426A, 0x426A, 0x426A, 0x4249, 0x4249,
  0x3A49, 0x4249, 0x4249, 0x4249, 0x424A, 0x426A, 0x428A, 0x426A, 0x426A, 0x426A, 0x426A, 0x428A,
  0x428A, 0x428A, 0x4AAB, 0x4A8A, 0x4A8A, 0x4AAA, 0x428A, 0x4A8A, 0x4AAA, 0x4AAB, 0x52CB, 0x4ACB,
  0x4ACB, 0x4AAA, 0x4AAA, 0x4AAB, 0x4A8A, 0x4A8A, 0x4269, 0x4249, 0x4249, 0x3A49, 0x3A49, 0x3A49,
  0x3A28, 0x3A28, 0x3A28, 0x3A28, 0x3208, 0x3208, 0x3208, 0x3A08, 0x3A28, 0x3A28, 0x3A28, 0x3A28,
  0x3A48, 0x4248, 0x4248, 0x3A28, 0x3A28, 0x3A28, 0x3A28, 0x3A28, 0x3A28, 0x3A08, 0x3A08, 0x3A28,
  0x4269, 0x4269, 0x4269, 0x3A49, 0x3A28, 0x3A29, 0x4249, 0x4A8A, 0x4AAA, 0x4AAA, 0x4AA9, 0x4AA9,
  0x4ACA, 0x4ACA, 0x4A8A, 0x4AAA, 0x4AAA, 0x4AAA, 0x4AAA, 0x4AAA, 0x4AAB, 0x4AAB, 0x4AAB, 0x52CB,
  0x52CB, 0x52EB, 0x52CB, 0x52CB, 0x52EB, 0x5AEB, 0x52CB, 0x52AB, 0x4AAA, 0x52CB, 0x52EB, 0x5AEB,
  0x5AEB, 0x52CA, 0x52CA, 0x52CA, 0x4AAA, 0x4AAA, 0x5B0B, 0x52CB, 0x52CA, 0x4ACA, 0x4ACA, 0x4AAA,
  0x4A8A, 0x4AAA, 0x4AAA, 0x4AAA, 0x4ACA, 0x4AAA, 0x4AAA, 0x52CA, 0x4ACA, 0x4A8A, 0x426A, 0x426A,
  0x428A, 0x428A, 0x4269, 0x4269, 0x3A49, 0x3A49, 0x3A49, 0x3A49, 0x3A49, 0x3A49, 0x3A49, 0x3A29,
  0x3A49, 0x4249, 0x3A49, 0x3A49, 0x3A28, 0x3A29, 0x3A49, 0x3A28, 0x3A29, 0x3A29, 0x3A28, 0x3A28,
  0x3A29, 0x3A49, 0x3A28, 0x3229, 0x3A49, 0x4289, 0x4268, 0x3A27, 0x3A27, 0x3A28, 0x3207, 0x3208,
  0x3208, 0x3A28, 0x4248, 0x4A88, 0x4A88, 0x4247, 0x4247, 0x4267, 0x4247, 0x4227, 0x3A28, 0x3A07,
  0x3A07, 0x3A27, 0x3A06, 0x3A07, 0x3207, 0x3207, 0x3207, 0x31E7, 0x31E6, 0x31E7, 0x3A07, 0x31E7,
  0x31C7, 0x31E7, 0x29C7, 0x29C7, 0x3208, 0x31E7, 0x31E7, 0x3208, 0x3A27, 0x3A48, 0x3A28, 0x3A48,
  0x4269, 0x4249, 0x4249, 0x4269, 0x4269, 0x4249, 0x3A49, 0x3A48, 0x3A49, 0x3A28, 0x3A28, 0x3A28,
  0x3A28, 0x3208, 0x3A28, 0x3208, 0x31E7, 0x31E7, 0x31E7, 0x31E7, 0x3208, 0x31E7, 0x31E7, 0x31C7,
  0x29C7, 0x29C7, 0x29C7, 0x3208, 0x31E7, 0x31E7, 0x3207, 0x31E7, 0x31E6, 0x31C7, 0x31C7, 0x31E7,
  0x31E7, 0x29C7, 0x29C7, 0x29A6, 0x29C7, 0x29C7, 0x29C7, 0x29C7, 0x29C7, 0x29C7, 0x29C7, 0x29C7,
  0x29C8, 0x29C7, 0x29C7, 0x29A7, 0x2187, 0x29A7, 0x29A7, 0x29C7, 0x29C7, 0x29E7, 0x29E7, 0x29C6,
  0x1924, 0x1944, 0x1944, 0x2145, 0x1924, 0x1924, 0x1944, 0x2165, 0x2145, 0x2145, 0x1924, 0x1924,
  0x1924, 0x2165, 0x2145, 0x2144, 0x2144, 0x1944, 0x2165, 0x2165, 0x2985, 0x2185, 0x2145, 0x2145,
  0x2145, 0x2165, 0x2165, 0x2166, 0x2166, 0x2145, 0x2166, 0x2166, 0x2166, 0x2986, 0x29A7, 0x31C7,
  0x31C7, 0x31C7, 0x29C7, 0x29C7, 0x29C7, 0x29A6, 0x29A6, 0x29A6, 0x29A6, 0x29A6, 0x31C7, 0x31E7,
  0x31E7, 0x31E7, 0x3208, 0x3A08, 0x3A29, 0x3A49, 0x3A49, 0x3A49, 0x3A28, 0x31C7, 0x29C7, 0x3A49,
  0x4269, 0x4269, 0x4269, 0x426A, 0x426A, 0x426A, 0x4249, 0x3A49, 0x4249, 0x4249, 0x4249, 0x4249,
  0x424A, 0x426A, 0x426A, 0x426A, 0x426A, 0x426A, 0x426A, 0x428A, 0x428A, 0x428A, 0x4A8A, 0x428A,
  0x4AAB, 0x428A, 0x428A, 0x4A8A, 0x428A, 0x4AAB, 0x52CB, 0x4ACB, 0x4AAB, 0x4AAB, 0x4AAA, 0x4AAA,
  0x428A, 0x428A, 0x426A, 0x4249, 0x3A49, 0x3A49, 0x3A29, 0x3A28, 0x3A08, 0x3A28, 0x3A08, 0x3A08,
  0x3A28, 0x3208, 0x3208, 0x3A08, 0x3A28, 0x3A28, 0x3A28, 0x3A28, 0x3A28, 0x3A48, 0x4248, 0x3A48,
  0x3A48, 0x3A28, 0x3A28, 0x3A28, 0x3A08, 0x3A08, 0x3A08, 0x3208, 0x3A28, 0x4269, 0x3A48, 0x3A48,
  0x3A48, 0x3A08, 0x4249, 0x4A8A, 0x4ACA, 0x4ACA, 0x4AAA, 0x4A89, 0x4AAA, 0x4A8A, 0x4289, 0x4289,
  0x4AAA, 0x4AAA, 0x52CA, 0x52EB, 0x4AAA, 0x4AAA, 0x4ACA, 0x4AAA, 0x52EB, 0x52EB, 0x52CB, 0x52CB,
  0x52CA, 0x52CB, 0x52CB, 0x4AAA, 0x4A8A, 0x52CA, 0x5B0B, 0x52CB, 0x52EB, 0x5AEB, 0x52CA, 0x52AA,
  0x4AAA, 0x52CB, 0x52CA, 0x52CA, 0x52CA, 0x4ACA, 0x4ACA, 0x4AAA, 0x4A8A, 0x4ACA, 0x4ACA, 0x4ACA,
  0x52EB, 0x5B0B, 0x52CA, 0x52CA, 0x4ACA, 0x4AAA, 0x4A8A, 0x426A, 0x426A, 0x4269, 0x426A, 0x4269,
  0x3A49, 0x3A69, 0x3A69, 0x3A69, 0x3A6A, 0x3A49, 0x3A49, 0x3A49, 0x3A49, 0x3A49, 0x3A49, 0x3A49,
  0x3A29, 0x3A29, 0x3A49, 0x3A29, 0x3A49, 0x3A49, 0x3228, 0x3228, 0x3A28, 0x3228, 0x3228, 0x3A29,
  0x3A49, 0x4269, 0x4A89, 0x4268, 0x3A28, 0x3A27, 0x4248, 0x3A28, 0x3227, 0x3A48, 0x4268, 0x4A88,
  0x4267, 0x3A27, 0x4A68, 0x4267, 0x4247, 0x4227, 0x3A07, 0x3A07, 0x3A27, 0x4247, 0x3A27, 0x4247,
  0x3A27, 0x3A07, 0x31E7, 0x31E6, 0x31E6, 0x31E7, 0x3207, 0x31E7, 0x31E7, 0x31E7, 0x31C7, 0x31E8,
  0x31E8, 0x31E7, 0x3208, 0x3A48, 0x4268, 0x3A68, 0x3A28, 0x3A49, 0x4269, 0x3A49, 0x4269, 0x4269,
  0x4269, 0x4269, 0x4269, 0x3A49, 0x3A49, 0x3A49, 0x3A49, 0x3A49, 0x3A28, 0x3A28, 0x3208, 0x31E8,
  0x31E7, 0x31C7, 0x31E7, 0x3207, 0x3207, 0x3207, 0x3208, 0x31E7, 0x31C7, 0x31E7, 0x3208, 0x3A08,
  0x3A07, 0x31E7, 0x31E7, 0x31E7, 0x31E7, 0x31E7, 0x31C7, 0x31E7, 0x31C7, 0x29A7, 0x29C7, 0x29C7,
  0x29A6, 0x29C7, 0x29C7, 0x29C7, 0x29C7, 0x29C7, 0x29C7, 0x29C7, 0x29C8, 0x29C7, 0x29C7, 0x29C7,
  0x29A7, 0x21A7, 0x21A7, 0x21A7, 0x21A7, 0x29C7, 0x29E7, 0x29C7, 0x1924, 0x1924, 0x1924, 0x1924,
  0x1944, 0x2145, 0x1944, 0x2145, 0x1924, 0x1924, 0x1924, 0x1924, 0x2165, 0x2165, 0x2165, 0x2145,
  0x2144, 0x1944, 0x2165, 0x2165, 0x2985, 0x2986, 0x2986, 0x2165, 0x2145, 0x2145, 0x2165, 0x2165,
  0x2165, 0x2145, 0x2165, 0x2165, 0x2166, 0x2166, 0x2986, 0x29A6, 0x31C7, 0x29C7, 0x29A7, 0x29A6,
  0x29A7, 0x29A6, 0x29A6, 0x29A6, 0x29A6, 0x29A6, 0x29A6, 0x31C7, 0x31E7, 0x31E7, 0x31E8, 0x3208,
  0x3A28, 0x3A49, 0x3A49, 0x3208, 0x31C7, 0x29A7, 0x29A6, 0x31E7, 0x4249, 0x4269, 0x4269, 0x3A49,
  0x424A, 0x426A, 0x3A49, 0x3A49, 0x3A49, 0x3A49, 0x4249, 0x4249, 0x3A49, 0x3A49, 0x424A, 0x424A,
  0x424A, 0x426A, 0x424A, 0x426A, 0x428A, 0x428A, 0x428A, 0x428A, 0x428A, 0x428A, 0x428A, 0x428A,
  0x428A, 0x4A8B, 0x4ACB, 0x4ACB, 0x4AAA, 0x4AAA, 0x4AAB, 0x4AAA, 0x428A, 0x4269, 0x4269, 0x3A49,
  0x3A49, 0x3A29, 0x3A28, 0x3228, 0x3A28, 0x3A48, 0x3A08, 0x3A08, 0x3A28, 0x3A28, 0x3208, 0x3208,
  0x3A08, 0x3A28, 0x3A28, 0x3A28, 0x3A08, 0x3A28, 0x4268, 0x3A48, 0x3A28, 0x3A28, 0x3207, 0x3208,
  0x3207, 0x3A08, 0x3208, 0x3207, 0x3A28, 0x3A28, 0x3A48, 0x3A48, 0x3A69, 0x3A49, 0x3A69, 0x4269,
  0x4AAA, 0x4AAA, 0x4289, 0x4269, 0x4269, 0x4289, 0x4289, 0x4269, 0x4A8A, 0x4A8A, 0x4ACA, 0x52EB,
  0x52CA, 0x4ACA, 0x52EA, 0x4AAA, 0x52CB, 0x52CB, 0x4AAA, 0x52CB, 0x4AAB, 0x4AAA, 0x4ACA, 0x4AAA,
  0x4AAA, 0x52CB, 0x52EB, 0x52CB, 0x52AA, 0x52CB, 0x4AAA, 0x4A8A, 0x4AAA, 0x4AAA, 0x52CA, 0x52CA,
  0x52CA, 0x4AA9, 0x4ACA, 0x4AAA, 0x4AA9, 0x4A89, 0x4A89, 0x4ACA, 0x5B0B, 0x5AEB, 0x52CA, 0x52CB,
  0x4ACA, 0x4ACA, 0x4A8A, 0x4A89, 0x4A8A, 0x4A8A, 0x4A8A, 0x426A, 0x4269, 0x426A, 0x4269, 0x4249,
  0x4269, 0x3A69, 0x3A49, 0x3A49, 0x3A49, 0x3A49, 0x3A49, 0x3A49, 0x3229, 0x3A49, 0x3A29, 0x3A49,
  0x3A49, 0x3249, 0x3249, 0x3229, 0x3228, 0x3A48, 0x3A28, 0x3A49, 0x3A49, 0x3A48, 0x4A88, 0x4A88,
  0x4247, 0x3A48, 0x4A89, 0x3A28, 0x3227, 0x3A28, 0x3A47, 0x4268, 0x4267, 0x4A68, 0x4A67, 0x4247,
  0x4247, 0x4247, 0x3A27, 0x4268, 0x4268, 0x3A27, 0x3A27, 0x3A27, 0x3A27, 0x3A07, 0x31E7, 0x31E7,
  0x31C7, 0x31E8, 0x3A08, 0x31E7, 0x31E7, 0x31C7, 0x31C7, 0x31C7, 0x31E7, 0x3208, 0x3A08, 0x3A28,
  0x3A48, 0x4269, 0x3A49, 0x4269, 0x4269, 0x3A49, 0x3A49, 0x3A49, 0x4269, 0x3A49, 0x3A49, 0x3A49,
  0x3A49, 0x3A49, 0x3A49, 0x4269, 0x4249, 0x4269, 0x4249, 0x3A08, 0x31E8, 0x31E8, 0x31E7, 0x31E7,
  0x3207, 0x3A27, 0x3A08, 0x31E7, 0x31E8, 0x31E7, 0x3207, 0x3A07, 0x3207, 0x31E7, 0x31E7, 0x31C7,
  0x31E7, 0x31C6, 0x31C6, 0x31C7, 0x31C7, 0x29A6, 0x29A7, 0x29A7, 0x29A7, 0x29A7, 0x29C7, 0x29C7,
  0x29A7, 0x29C7, 0x29A7, 0x29C7, 0x29A7, 0x29A7, 0x29A6, 0x29C7, 0x31E7, 0x29E7, 0x29A7, 0x2186,
  0x21A7, 0x29C7, 0x29C7, 0x29E7, 0x1924, 0x1924, 0x1924, 0x1924, 0x1924, 0x2165, 0x2145, 0x1924,
  0x1924, 0x1924, 0x1924, 0x1924, 0x2145, 0x2145, 0x2165, 0x2165, 0x2165, 0x1944, 0x2144, 0x2145,
  0x2165, 0x2185, 0x29A6, 0x2985, 0x2165, 0x2145, 0x2145, 0x2145, 0x2145, 0x2145, 0x2166, 0x2165,
  0x2145, 0x2986, 0x2985, 0x2185, 0x31C6, 0x29C6, 0x31C7, 0x29A6, 0x29A6, 0x2987, 0x29A7, 0x29A6,
  0x2986, 0x29A7, 0x2986, 0x29A7, 0x31E7, 0x31E7, 0x31E7, 0x3A08, 0x3A28, 0x3A28, 0x3A28, 0x31E8,
  0x29C7, 0x29A6, 0x29A6, 0x31C7, 0x3A29, 0x4269, 0x4249, 0x3A49, 0x3A49, 0x3A49, 0x3A49, 0x3A49,
  0x3A49, 0x3A49, 0x3A49, 0x3A49, 0x3A49, 0x4249, 0x4249, 0x4249, 0x4249, 0x424A, 0x4249, 0x426A,
  0x426A, 0x426A, 0x428A, 0x426A, 0x426A, 0x428A, 0x426A, 0x426A, 0x428A, 0x4AAB, 0x4ACB, 0x4ACB,
  0x4AAA, 0x428A, 0x428A, 0x428A, 0x428A, 0x4269, 0x4269, 0x3A49, 0x3A49, 0x3A29, 0x3A08, 0x3208,
  0x3A28, 0x3A28, 0x3208, 0x3208, 0x3A08, 0x3A08, 0x3208, 0x31E8, 0x31E7, 0x3A08, 0x3A28, 0x3A28,
  0x3A08, 0x3A27, 0x3A28, 0x3A28, 0x3A28, 0x3A28, 0x3A08, 0x3207, 0x3207, 0x3A08, 0x3208, 0x3207,
  0x3A28, 0x3A28, 0x3A28, 0x3A48, 0x3A48, 0x3A29, 0x3A28, 0x3A49, 0x4289, 0x4269, 0x4269, 0x4249,
  0x3A48, 0x4249, 0x4289, 0x4289, 0x4269, 0x4249, 0x4A89, 0x4AAA, 0x4ACA, 0x4ACA, 0x4ACA, 0x4AAA,
  0x4AAA, 0x4AAA, 0x4AAA, 0x4AAB, 0x4AAA, 0x4AAA, 0x52CA, 0x4AAA, 0x4AAA, 0x52CA, 0x52CA, 0x52AA,
  0x4AAA, 0x4AAA, 0x4A89, 0x4A89, 0x52AA, 0x52AA, 0x52CB, 0x4ACA, 0x4AA9, 0x4AAA, 0x4AAA, 0x4AAA,
  0x4289, 0x4269, 0x4269, 0x4289, 0x4AAA, 0x4A89, 0x52CA, 0x52EB, 0x52CA, 0x52CB, 0x52CA, 0x52CA,
  0x4ACA, 0x4AAA, 0x4A8A, 0x428A, 0x426A, 0x4269, 0x426A, 0x426A, 0x428A, 0x4289, 0x4269, 0x3A49,
  0x3A49, 0x3A49, 0x3A49, 0x3A29, 0x3229, 0x3A49, 0x3A49, 0x3A49, 0x3A49, 0x3A49, 0x3A49, 0x3A49,
  0x3228, 0x3A48, 0x3A49, 0x3A49, 0x3A48, 0x3A48, 0x52A8, 0x4A67, 0x3A27, 0x4268, 0x4268, 0x3A28,
  0x3A28, 0x3A49, 0x3A28, 0x4268, 0x4A87, 0x4A68, 0x4226, 0x4247, 0x3A27, 0x4247, 0x3A47, 0x3A27,
  0x3A27, 0x3A07, 0x3A47, 0x3A27, 0x3207, 0x3207, 0x31E7, 0x31E7, 0x31C7, 0x31E7, 0x31E8, 0x31E8,
  0x31E8, 0x31E8, 0x31E7, 0x31C7, 0x31E8, 0x3208, 0x3208, 0x3A28, 0x3A48, 0x4269, 0x4269, 0x4269,
  0x4269, 0x3A49, 0x3A49, 0x4269, 0x3A49, 0x3A49, 0x3A49, 0x3A29, 0x3A49, 0x3A49, 0x4269, 0x4269,
  0x4249, 0x4249, 0x3A49, 0x3A08, 0x3208, 0x31E8, 0x31E8, 0x3208, 0x3207, 0x3208, 0x31E7, 0x3A08,
  0x3A08, 0x31E7, 0x31E7, 0x31E7, 0x3A07, 0x31E7, 0x31C7, 0x29A7, 0x31C7, 0x31C6, 0x31C6, 0x31E7,
  0x31C7, 0x31C7, 0x29A7, 0x29A7, 0x29A6, 0x29C7, 0x29A7, 0x29A6, 0x29A6, 0x29A6, 0x29A7, 0x29A7,
  0x29A6, 0x29A7, 0x29A6, 0x21A6, 0x29C7, 0x29C7, 0x29A7, 0x2186, 0x29C7, 0x29C7, 0x29A7, 0x29C7,
  0x1924, 0x1904, 0x1924, 0x1924, 0x1924, 0x2145, 0x2145, 0x1924, 0x1944, 0x1944, 0x1924, 0x1924,
  0x1924, 0x1944, 0x1944, 0x2144, 0x2144, 0x1944, 0x1944, 0x2145, 0x2165, 0x2164, 0x2144, 0x2985,
  0x29A6, 0x2165, 0x2165, 0x2165, 0x2165, 0x2145, 0x2165, 0x2165, 0x29A6, 0x31E7, 0x29A6, 0x29A6,
  0x31E6, 0x31E6, 0x31E7, 0x29C6, 0x29A6, 0x29A6, 0x2986, 0x2986, 0x2987, 0x2987, 0x2987, 0x29A7,
  0x31E7, 0x31E7, 0x31E8, 0x3208, 0x3A08, 0x3A28, 0x31E7, 0x29C7, 0x29C7, 0x2986, 0x2986, 0x31C7,
  0x31E7, 0x3A29, 0x4269, 0x3A49, 0x3A49, 0x4249, 0x3A49, 0x3A49, 0x3A49, 0x3A49, 0x3A49, 0x3A49,
  0x3A49, 0x426A, 0x426A, 0x4269, 0x426A, 0x4249, 0x3A49, 0x3A49, 0x4249, 0x426A, 0x428A, 0x426A,
  0x426A, 0x426A, 0x426A, 0x426A, 0x4A8A, 0x4AAB, 0x4ACB, 0x4ACB, 0x4AAB, 0x428A, 0x4249, 0x4269,
  0x428A, 0x4269, 0x3A49, 0x3A49, 0x3A28, 0x3A08, 0x3208, 0x3A28, 0x3A28, 0x3A28, 0x3A08, 0x3A08,
  0x3A08, 0x3A08, 0x3208, 0x3208, 0x31E7, 0x31E8, 0x3A08, 0x3A08, 0x3208, 0x3A08, 0x3A28, 0x3A28,
  0x3A28, 0x3A27, 0x3A08, 0x3207, 0x3A08, 0x3A08, 0x3208, 0x31E7, 0x3208, 0x3A28, 0x3A28, 0x3228,
  0x3A28, 0x3A28, 0x3A28, 0x3A28, 0x4249, 0x4269, 0x3A49, 0x3A28, 0x3A08, 0x3A28, 0x3A48, 0x4269,
  0x4249, 0x3A48, 0x4248, 0x4A89, 0x4AA9, 0x4AAA, 0x4AA9, 0x4AAA, 0x4AAA, 0x4AAA, 0x4AAB, 0x52CB,
  0x4AAA, 0x4ACA, 0x52CA, 0x4AAA, 0x4AAA, 0x4AAA, 0x4AAA, 0x4AAA, 0x4AAA, 0x52AA, 0x4A89, 0x4AAA,
  0x52CB, 0x52AA, 0x4AAA, 0x4AAA, 0x4ACA, 0x52CA, 0x4A8A, 0x4A8A, 0x4A8A, 0x426A, 0x4269, 0x4269,
  0x4269, 0x4AA9, 0x52CA, 0x52EB, 0x52EB, 0x52EB, 0x52EB, 0x4ACA, 0x4AAA, 0x4AAA, 0x4AAA, 0x428A,
  0x428A, 0x428A, 0x426A, 0x428A, 0x4A8A, 0x4269, 0x4269, 0x4269, 0x3A49, 0x4269, 0x426A, 0x3A49,
  0x3A49, 0x3A49, 0x3A49, 0x3A49, 0x3A49, 0x3A29, 0x3A49, 0x3A28, 0x3A49, 0x3A49, 0x4269, 0x3A28,
  0x4248, 0x4268, 0x4A67, 0x4247, 0x3A27, 0x4248, 0x4248, 0x3A28, 0x3A28, 0x3A08, 0x3A07, 0x4227,
  0x4A67, 0x5288, 0x4247, 0x4247, 0x4247, 0x4247, 0x3A27, 0x3A27, 0x3A07, 0x3A07, 0x3A27, 0x3206,
  0x3206, 0x31E7, 0x31C6, 0x31C6, 0x31E7, 0x31E8, 0x31C7, 0x3A08, 0x3A08, 0x31E8, 0x31C7, 0x31E7,
  0x3208, 0x3208, 0x3208, 0x3A28, 0x3A48, 0x3A48, 0x3A28, 0x3A28, 0x3A28, 0x3A28, 0x4269, 0x4269,
  0x4269, 0x3A49, 0x3A29, 0x3A49, 0x3A49, 0x3A49, 0x4269, 0x4269, 0x4249, 0x4249, 0x3A28, 0x3A28,
  0x3A08, 0x31E8, 0x31E8, 0x3208, 0x31E7, 0x3A28, 0x3A28, 0x3A28, 0x3207, 0x31E7, 0x31E7, 0x31E7,
  0x3A07, 0x31E7, 0x29C6, 0x29A7, 0x31C7, 0x31C6, 0x31C6, 0x31C7, 0x29A6, 0x29A7, 0x31C7, 0x31C7,
  0x29A6, 0x29C7, 0x29A6, 0x29A7, 0x2186, 0x2186, 0x2986, 0x29A6, 0x2186, 0x2986, 0x29A7, 0x21A6,
  0x29A6, 0x21A6, 0x29A7, 0x29C7, 0x29A7, 0x29C7, 0x29C7, 0x29C7, 0x1904, 0x10E3, 0x1904, 0x1924,
  0x1924, 0x1944, 0x1944, 0x1924, 0x2145, 0x2145, 0x2145, 0x2145, 0x1924, 0x1924, 0x1924, 0x1924,
  0x2144, 0x2145, 0x2124, 0x2145, 0x2145, 0x1924, 0x2145, 0x2165, 0x2165, 0x1945, 0x2165, 0x2165,
  0x2185, 0x2986, 0x2185, 0x2185, 0x31C6, 0x31C6, 0x29C6, 0x31E6, 0x3207, 0x31C6, 0x29C6, 0x31E6,
  0x31E7, 0x29C6, 0x2986, 0x29A6, 0x29A6, 0x2986, 0x2987, 0x29A7, 0x29C7, 0x31C7, 0x31E7, 0x31E7,
  0x3208, 0x3A28, 0x3208, 0x29A7, 0x2986, 0x2986, 0x2986, 0x2986, 0x31C7, 0x3A49, 0x3A29, 0x3A49,
  0x3A49, 0x3A49, 0x3A49, 0x4249, 0x3A49, 0x3A49, 0x3A49, 0x3A49, 0x3A49, 0x3A49, 0x3A49, 0x3A6A,
  0x3A49, 0x3A49, 0x3A49, 0x3A49, 0x4249, 0x426A, 0x426A, 0x426A, 0x426A, 0x426A, 0x426A, 0x426A,
  0x428A, 0x42AB, 0x4AAB, 0x4AAA, 0x4AAA, 0x428A, 0x4269, 0x4269, 0x4269, 0x3A49, 0x3A49, 0x3A49,
  0x3A49, 0x3A08, 0x3208, 0x3208, 0x3A28, 0x3A28, 0x3A08, 0x3A08, 0x3208, 0x3208, 0x3208, 0x31E8,
  0x31E8, 0x3208, 0x3A08, 0x3A28, 0x3A28, 0x3A08, 0x3A28, 0x3A28, 0x3A27, 0x3A27, 0x3207, 0x3207,
  0x3A28, 0x3A08, 0x3208, 0x31E7, 0x31E7, 0x3208, 0x3208, 0x3228, 0x3208, 0x3A28, 0x3208, 0x3207,
  0x3A28, 0x3A48, 0x3A28, 0x3A08, 0x3208, 0x3A08, 0x3A08, 0x3A28, 0x3A28, 0x3A48, 0x3A28, 0x4268,
  0x4269, 0x4289, 0x4268, 0x4269, 0x4AAA, 0x4A8A, 0x4AAA, 0x4ACA, 0x4AAA, 0x52CA, 0x4AAA, 0x4AAA,
  0x4AAA, 0x4AAA, 0x4AAA, 0x4AAA, 0x4AAA, 0x4AAA, 0x4A8A, 0x4AAA, 0x52AA, 0x4A8A, 0x4A8A, 0x4269,
  0x4AAA, 0x4A8A, 0x4249, 0x4269, 0x4269, 0x4269, 0x4269, 0x4269, 0x4289, 0x4289, 0x4289, 0x4AAA,
  0x4AAA, 0x4A89, 0x4269, 0x4289, 0x4AAA, 0x4AAA, 0x4AAA, 0x4AAA, 0x4AAA, 0x4AAA, 0x4AAA, 0x4A8A,
  0x4A8A, 0x4269, 0x4269, 0x4269, 0x4269, 0x426A, 0x426A, 0x4249, 0x3A49, 0x4249, 0x3A49, 0x3A49,
  0x3A49, 0x3A28, 0x3A29, 0x3A49, 0x3A49, 0x3A49, 0x3A49, 0x3A28, 0x4248, 0x4A88, 0x4A67, 0x4A68,
  0x4247, 0x3A27, 0x4228, 0x3A27, 0x3A27, 0x3A28, 0x39E7, 0x3A27, 0x4A68, 0x4A88, 0x4A67, 0x4247,
  0x4247, 0x4227, 0x3A27, 0x3A27, 0x3A08, 0x31E7, 0x3A27, 0x3A27, 0x3206, 0x31E6, 0x31C7, 0x29C6,
  0x31C7, 0x31E7, 0x31C7, 0x3A08, 0x31E8, 0x31C7, 0x31E7, 0x31C7, 0x31E7, 0x3208, 0x3A28, 0x3A28,
  0x3A28, 0x3A28, 0x3A28, 0x3A28, 0x3208, 0x3A28, 0x3A28, 0x3A49, 0x3A49, 0x3A28, 0x3A08, 0x3A49,
  0x4269, 0x4269, 0x4269, 0x3A49, 0x4249, 0x4249, 0x3A28, 0x3208, 0x3A08, 0x3A08, 0x3A28, 0x3207,
  0x3A28, 0x3A48, 0x3A47, 0x3A27, 0x3A07, 0x3208, 0x31E8, 0x31E7, 0x3A07, 0x31C7, 0x29C6, 0x31C7,
  0x29A7, 0x31C6, 0x31C7, 0x31C7, 0x29C6, 0x29A7, 0x29A7, 0x31E7, 0x29C7, 0x29C7, 0x29A6, 0x29A6,
  0x29A6, 0x29A6, 0x29A7, 0x29A6, 0x2186, 0x2186, 0x2186, 0x2186, 0x21A6, 0x29C7, 0x29A7, 0x29A7,
  0x21A7, 0x29C7, 0x29C7, 0x29A7, 0x1103, 0x10E3, 0x1904, 0x1924, 0x1904, 0x1924, 0x2165, 0x1924,
  0x1944, 0x2145, 0x1924, 0x1944, 0x2145, 0x1924, 0x1904, 0x1924, 0x2165, 0x2145, 0x1924, 0x2144,
  0x2145, 0x1924, 0x2145, 0x2145, 0x2145, 0x1925, 0x2145, 0x2165, 0x2165, 0x2165, 0x2185, 0x29A6,
  0x29A6, 0x29C6, 0x2985, 0x29C5, 0x31C6, 0x29A6, 0x29A5, 0x29A5, 0x29C6, 0x29C6, 0x31E6, 0x31E6,
  0x29A6, 0x2986, 0x2986, 0x2986, 0x29C7, 0x29A7, 0x29C7, 0x31E7, 0x3208, 0x31E7, 0x3208, 0x31C7,
  0x29A6, 0x29A6, 0x31C7, 0x29A6, 0x31E7, 0x31E7, 0x3A28, 0x3A49, 0x3A49, 0x3A29, 0x3A49, 0x3A49,
  0x3A49, 0x3A29, 0x3A29, 0x3A49, 0x3A49, 0x3A49, 0x3A69, 0x3A49, 0x3A49, 0x3A49, 0x3A49, 0x3A49,
  0x4249, 0x4249, 0x3A49, 0x426A, 0x426A, 0x424A, 0x426A, 0x426A, 0x426A, 0x428A, 0x428A, 0x428A,
  0x428A, 0x428A, 0x428A, 0x4269, 0x4269, 0x3A49, 0x3A49, 0x3A49, 0x3A28, 0x3208, 0x3208, 0x3208,
  0x3208, 0x3A28, 0x3A08, 0x3208, 0x3208, 0x3208, 0x31E8, 0x31E7, 0x31E8, 0x3208, 0x3A28, 0x3A28,
  0x3A08, 0x3A08, 0x3A08, 0x3A28, 0x3A28, 0x3A27, 0x3207, 0x31E7, 0x3A08, 0x3A08, 0x3208, 0x31E7,
  0x31E7, 0x31E7, 0x3208, 0x3208, 0x3208, 0x3208, 0x3208, 0x31E7, 0x3A08, 0x3A28, 0x3A08, 0x3208,
  0x3208, 0x3208, 0x3208, 0x3A28, 0x3A08, 0x3A08, 0x3A28, 0x3A28, 0x4248, 0x3A48, 0x3A27, 0x3A28,
  0x4269, 0x4249, 0x4269, 0x4289, 0x52CA, 0x4ACA, 0x4AA9, 0x4AAA, 0x4ACA, 0x52CA, 0x4AAA, 0x4289,
  0x4289, 0x4A69, 0x4A89, 0x4A8A, 0x4A8A, 0x4A8A, 0x4269, 0x4269, 0x4A89, 0x4269, 0x3A28, 0x4249,
  0x4269, 0x4A89, 0x4A89, 0x4A89, 0x4269, 0x3A48, 0x3A48, 0x4268, 0x4248, 0x4A69, 0x4248, 0x3A48,
  0x4A89, 0x4AAA, 0x4AAA, 0x4AAA, 0x4AAA, 0x4AAA, 0x4ACA, 0x4AAA, 0x4A8A, 0x4269, 0x428A, 0x4269,
  0x4269, 0x426A, 0x426A, 0x3A49, 0x4249, 0x3A49, 0x3A49, 0x3A29, 0x3A29, 0x3A28, 0x3A29, 0x3A29,
  0x3A28, 0x3A49, 0x4269, 0x4249, 0x4AA9, 0x4A67, 0x4A88, 0x4A68, 0x3A27, 0x3A28, 0x3A07, 0x3A27,
  0x4247, 0x3A27, 0x4228, 0x4247, 0x4A48, 0x4A47, 0x4247, 0x4227, 0x4227, 0x3A27, 0x3A47, 0x3A27,
  0x3A08, 0x31E7, 0x3A48, 0x3A27, 0x3A27, 0x31E7, 0x31C7, 0x31C7, 0x31C7, 0x31E7, 0x31E8, 0x31E8,
  0x31E8, 0x31E8, 0x31E7, 0x31E7, 0x31E7, 0x3A08, 0x3A28, 0x3A28, 0x3A48, 0x3A28, 0x3A28, 0x3A28,
  0x3208, 0x3208, 0x3208, 0x3A28, 0x3208, 0x3A28, 0x3A28, 0x3A29, 0x3A29, 0x3A49, 0x3A48, 0x3A28,
  0x4249, 0x3A29, 0x3A28, 0x3A28, 0x3208, 0x3A27, 0x3A28, 0x3A27, 0x3A47, 0x3A47, 0x3A27, 0x3A27,
  0x3A07, 0x3A07, 0x3A08, 0x3208, 0x3207, 0x31C7, 0x31C7, 0x29A6, 0x29A7, 0x31E7, 0x31C7, 0x31C7,
  0x31C7, 0x29A7, 0x29C7, 0x31C7, 0x31C7, 0x29C6, 0x29A6, 0x29A6, 0x29A7, 0x29A6, 0x29A7, 0x29A7,
  0x2186, 0x2186, 0x2186, 0x2186, 0x29A6, 0x29C7, 0x21A7, 0x29C7, 0x29C7, 0x29A7, 0x29A7, 0x21A7,
  0x18E3, 0x18E3, 0x18E3, 0x18E3, 0x1904, 0x1924, 0x1924, 0x2165, 0x2144, 0x1944, 0x1924, 0x1924,
  0x2165, 0x1924, 0x1904, 0x1924, 0x2125, 0x1924, 0x2124, 0x2145, 0x2165, 0x2145, 0x2125, 0x2145,
  0x1925, 0x1925, 0x1945, 0x2144, 0x2145, 0x1944, 0x2165, 0x29A6, 0x29A5, 0x29A5, 0x2985, 0x29A5,
  0x29A5, 0x29C6, 0x29A5, 0x29A5, 0x29C6, 0x31E6, 0x31C6, 0x31C6, 0x29A5, 0x29A5, 0x31C6, 0x31C6,
  0x29A7, 0x29A7, 0x29A7, 0x31C7, 0x31C7, 0x29A7, 0x31C7, 0x31C7, 0x31C7, 0x29A6, 0x29A6, 0x29A6,
  0x29A7, 0x31C7, 0x3A08, 0x3A28, 0x3A28, 0x3A28, 0x3A29, 0x3A29, 0x3A29, 0x3A29, 0x3A29, 0x3A29,
  0x3A29, 0x3A29, 0x3A49, 0x3A49, 0x3A49, 0x3A49, 0x3A49, 0x3A49, 0x4249, 0x4249, 0x3A49, 0x3A49,
  0x4249, 0x4249, 0x426A, 0x426A, 0x426A, 0x426A, 0x428A, 0x426A, 0x426A, 0x428A, 0x426A, 0x426A,
  0x4269, 0x3A49, 0x3A49, 0x3A49, 0x3A28, 0x3A08, 0x3A08, 0x3208, 0x3208, 0x3A08, 0x3A08, 0x31E8,
  0x3208, 0x3208, 0x31E7, 0x31E8, 0x3208, 0x3A08, 0x3A08, 0x3208, 0x3A08, 0x3A08, 0x3A08, 0x3A28,
  0x3A08, 0x31E7, 0x31E8, 0x3A08, 0x31E8, 0x31E8, 0x31E8, 0x31E7, 0x31C7, 0x31E7, 0x31E8, 0x3208,
  0x31E7, 0x31E8, 0x3208, 0x31E7, 0x31E7, 0x3208, 0x31E8, 0x31E8, 0x31E8, 0x3A08, 0x31E8, 0x3A08,
  0x3208, 0x3A08, 0x3A28, 0x3A28, 0x3A28, 0x3208, 0x31E8, 0x3208, 0x3A49, 0x4249, 0x3A29, 0x4269,
  0x4AAA, 0x4AA9, 0x4289, 0x4AAA, 0x4AAA, 0x52AA, 0x52AA, 0x4A8A, 0x4249, 0x4A69, 0x4A89, 0x4A89,
  0x4A89, 0x4AAA, 0x4A89, 0x4269, 0x4AAA, 0x4289, 0x3A48, 0x3A49, 0x4269, 0x4269, 0x3A48, 0x3A48,
  0x4269, 0x3A48, 0x3A28, 0x3A28, 0x4248, 0x4AA9, 0x4248, 0x3A28, 0x3A48, 0x4A89, 0x4AAA, 0x4AAA,
  0x4A8A, 0x4AAB, 0x52CB, 0x4A8A, 0x4A8A, 0x4289, 0x428A, 0x426A, 0x4269, 0x4269, 0x4249, 0x4269,
  0x4269, 0x4A8A, 0x4269, 0x3A28, 0x3A48, 0x3A49, 0x3A49, 0x3249, 0x3A49, 0x3A49, 0x3A48, 0x4A88,
  0x52A9, 0x4247, 0x4A68, 0x4268, 0x4248, 0x3A28, 0x3A07, 0x3A07, 0x4228, 0x3A27, 0x4267, 0x4247,
  0x4247, 0x4247, 0x4227, 0x3A26, 0x3A27, 0x3A07, 0x3A47, 0x3A27, 0x3207, 0x3A27, 0x3A47, 0x3A27,
  0x31E7, 0x3207, 0x31E7, 0x31E7, 0x31E7, 0x31E7, 0x31E7, 0x31E7, 0x31E7, 0x31E7, 0x31C7, 0x31E7,
  0x31E8, 0x3208, 0x3208, 0x3A28, 0x3208, 0x3A28, 0x3A28, 0x3208, 0x3208, 0x3208, 0x3A08, 0x3A08,
  0x3208, 0x3A08, 0x3228, 0x3228, 0x3A29, 0x3A49, 0x3A49, 0x3A49, 0x3A29, 0x3A09, 0x3A09, 0x3A08,
  0x3A08, 0x3A28, 0x3A48, 0x4248, 0x3A47, 0x3A26, 0x3A07, 0x3A07, 0x3A07, 0x3207, 0x3A07, 0x31E7,
  0x31C7, 0x31C7, 0x31C7, 0x31C7, 0x31C6, 0x31E7, 0x31C7, 0x31C7, 0x31C7, 0x29A7, 0x31C7, 0x29A7,
  0x29A7, 0x29A6, 0x2986, 0x29A6, 0x29A6, 0x29A6, 0x29A6, 0x29A7, 0x2186, 0x2166, 0x2186, 0x2186,
  0x2186, 0x2186, 0x2186, 0x29A7, 0x29C7, 0x29C7, 0x2186, 0x21A6, 0x18E3, 0x18E3, 0x18E3, 0x1904,
  0x1924, 0x1904, 0x1904, 0x1924, 0x2144, 0x1924, 0x1924, 0x1924, 0x2165, 0x2145, 0x1904, 0x1924,
  0x2145, 0x1924, 0x1904, 0x1924, 0x2165, 0x2965, 0x2124, 0x2165, 0x2986, 0x2165, 0x1944, 0x2145,
  0x2145, 0x1924, 0x2145, 0x2165, 0x2184, 0x2164, 0x2985, 0x29A5, 0x29A5, 0x29A5, 0x29A5, 0x29A5,
  0x29C6, 0x31C6, 0x29A6, 0x29A6, 0x31C6, 0x31E6, 0x31E6, 0x31C7, 0x29A6, 0x29A6, 0x29A6, 0x31C7,
  0x31E7, 0x29A6, 0x2986, 0x2986, 0x29A6, 0x29A6, 0x2986, 0x2986, 0x2986, 0x31C7, 0x3A08, 0x3A28,
  0x3A28, 0x3A28, 0x3A29, 0x3A29, 0x3A29, 0x3A29, 0x3A08, 0x3208, 0x3208, 0x3A29, 0x3A29, 0x3A29,
  0x3228, 0x3229, 0x3A49, 0x3A29, 0x3A29, 0x3A49, 0x3A49, 0x3A49, 0x4249, 0x4249, 0x426A, 0x426A,
  0x426A, 0x426A, 0x4269, 0x428A, 0x428A, 0x426A, 0x426A, 0x4269, 0x4269, 0x4269, 0x4269, 0x3A49,
  0x3A28, 0x3A08, 0x3A08, 0x3A08, 0x3208, 0x3208, 0x31E8, 0x31E8, 0x31E7, 0x31E7, 0x31E8, 0x31E8,
  0x31E8, 0x3208, 0x3208, 0x3A08, 0x3A08, 0x3A08, 0x3A08, 0x3A08, 0x31E8, 0x31E8, 0x31E7, 0x31E8,
  0x31E7, 0x31E8, 0x31C7, 0x31C7, 0x31E7, 0x31E7, 0x31E8, 0x31E7, 0x31E7, 0x31E7, 0x31E7, 0x31E7,
  0x31E7, 0x31E8, 0x3208, 0x31E7, 0x31E7, 0x31E8, 0x31E7, 0x31E8, 0x3208, 0x3A08, 0x3A28, 0x4248,
  0x3A28, 0x31E8, 0x31E7, 0x3208, 0x3A08, 0x3A49, 0x3A29, 0x4269, 0x4A89, 0x4268, 0x4268, 0x4269,
  0x4269, 0x4AAA, 0x4AAA, 0x4A8A, 0x426A, 0x4269, 0x4289, 0x4A8A, 0x4289, 0x4AAA, 0x4AAA, 0x4A89,
  0x4A89, 0x4269, 0x3A28, 0x3A28, 0x4249, 0x4249, 0x3A08, 0x3A27, 0x4248, 0x3A28, 0x3A27, 0x3A07,
  0x3A28, 0x4269, 0x3A48, 0x3A28, 0x4289, 0x4ACA, 0x4AAA, 0x4A89, 0x4AAA, 0x52CB, 0x4AAB, 0x4A8A,
  0x4A8A, 0x428A, 0x4A8A, 0x426A, 0x4269, 0x4269, 0x52CA, 0x5B0B, 0x52AA, 0x5AEA, 0x52A9, 0x4A89,
  0x4268, 0x3A28, 0x3A49, 0x3A28, 0x3A28, 0x3A28, 0x4268, 0x4AA9, 0x4AA8, 0x4A68, 0x4248, 0x4248,
  0x4228, 0x3A28, 0x3A07, 0x3A07, 0x3A07, 0x4227, 0x4247, 0x3A06, 0x3A06, 0x4207, 0x4227, 0x3A06,
  0x3A07, 0x3A07, 0x3A27, 0x3A07, 0x31C6, 0x3A07, 0x3A47, 0x3207, 0x31E7, 0x31E7, 0x31C7, 0x31C7,
  0x31E7, 0x31E7, 0x3207, 0x3A08, 0x31E7, 0x31E7, 0x31E7, 0x31E7, 0x31E8, 0x3208, 0x31E8, 0x3A08,
  0x31E8, 0x3207, 0x3A28, 0x3208, 0x3208, 0x3208, 0x3208, 0x3A08, 0x3208, 0x3A08, 0x3208, 0x3208,
  0x3A28, 0x3228, 0x3A28, 0x3A49, 0x3A28, 0x3A29, 0x3A08, 0x3A08, 0x4248, 0x3A48, 0x3A48, 0x4268,
  0x3A47, 0x3206, 0x3207, 0x31E7, 0x31E7, 0x3207, 0x3A07, 0x3A08, 0x31E7, 0x31E7, 0x31C7, 0x31C7,
  0x31E7, 0x31E7, 0x31C7, 0x31C7, 0x31C7, 0x31A7, 0x29A7, 0x29A6, 0x29A6, 0x29A7, 0x29A6, 0x29A6,
  0x29A6, 0x2986, 0x29A6, 0x29A7, 0x2986, 0x2186, 0x2186, 0x2166, 0x2186, 0x2186, 0x2186, 0x2186,
  0x29A7, 0x29A7, 0x2186, 0x2186, 0x18E3, 0x18E4, 0x18E4, 0x1904, 0x2124, 0x1924, 0x1924, 0x1924,
  0x2145, 0x2144, 0x1924, 0x1944, 0x1944, 0x1944, 0x1924, 0x2145, 0x2985, 0x2965, 0x1924, 0x1924,
  0x2124, 0x2164, 0x2965, 0x2985, 0x29A6, 0x29C6, 0x2985, 0x2165, 0x2165, 0x2144, 0x2986, 0x29A6,
  0x2165, 0x2185, 0x29A5, 0x29A5, 0x2985, 0x29A5, 0x29A5, 0x29A5, 0x29A5, 0x29A5, 0x29A6, 0x29C6,
  0x31C6, 0x29A6, 0x29A5, 0x29A6, 0x2986, 0x29A6, 0x29A6, 0x31C7, 0x31E7, 0x31C7, 0x29A6, 0x29A6,
  0x29A7, 0x2986, 0x2986, 0x2986, 0x2986, 0x31C7, 0x39E8, 0x3A08, 0x3A28, 0x3A28, 0x3A28, 0x3A29,
  0x3A29, 0x3A29, 0x3208, 0x3208, 0x3208, 0x3208, 0x3A28, 0x3A29, 0x3A28, 0x3A08, 0x3A28, 0x3A29,
  0x3A29, 0x3A29, 0x3A49, 0x3A29, 0x3A49, 0x3A49, 0x3A49, 0x3A49, 0x3A49, 0x3A49, 0x4269, 0x426A,
  0x426A, 0x4269, 0x426A, 0x426A, 0x4249, 0x4269, 0x4269, 0x3A29, 0x3A28, 0x3A08, 0x3A08, 0x3A28,
  0x3208, 0x31E8, 0x31E8, 0x31E7, 0x31E7, 0x31E7, 0x31E8, 0x31E7, 0x31E7, 0x3208, 0x3208, 0x3208,
  0x31E7, 0x31E8, 0x31E8, 0x31E7, 0x31E7, 0x31E8, 0x31E7, 0x31E7, 0x31E7, 0x31E7, 0x31C7, 0x31C7,
  0x31C7, 0x31C7, 0x31E7, 0x31C7, 0x31C7, 0x31C7, 0x31C7, 0x31E7, 0x31C7, 0x31E7, 0x31E8, 0x31E7,
  0x31E7, 0x31E8, 0x31E7, 0x31E7, 0x31E7, 0x3208, 0x3A28, 0x3A28, 0x3A08, 0x31E8, 0x31E7, 0x31E7,
  0x31E8, 0x3A08, 0x4249, 0x4269, 0x4268, 0x4248, 0x4248, 0x4248, 0x4269, 0x4269, 0x4A8A, 0x4269,
  0x4249, 0x4269, 0x4269, 0x4269, 0x4269, 0x4A8A, 0x4AAA, 0x4AAA, 0x4269, 0x3A28, 0x3A28, 0x3A08,
  0x3A28, 0x4249, 0x3A07, 0x3A27, 0x3A28, 0x3A28, 0x3A27, 0x3A07, 0x3A27, 0x3A27, 0x3A28, 0x4248,
  0x4248, 0x4269, 0x4289, 0x4248, 0x4AAA, 0x52CB, 0x4A8A, 0x4A8A, 0x4A8A, 0x4A8A, 0x428A, 0x4A6A,
  0x4A69, 0x52EA, 0x5B0A, 0x5AEA, 0x52C9, 0x52A9, 0x52C9, 0x52A9, 0x52CA, 0x4268, 0x4248, 0x4A89,
  0x4248, 0x3A48, 0x4268, 0x3A27, 0x4247, 0x4A68, 0x4247, 0x4248, 0x3A27, 0x3A07, 0x3A28, 0x39E7,
  0x3A07, 0x3A27, 0x4268, 0x3A07, 0x39E6, 0x39E6, 0x4247, 0x3A07, 0x39E6, 0x3A07, 0x3A47, 0x3A27,
  0x31E7, 0x3A28, 0x3A27, 0x31E6, 0x31E7, 0x3207, 0x31E7, 0x31E7, 0x31E7, 0x31E7, 0x31E7, 0x31E7,
  0x31E7, 0x31E7, 0x31E7, 0x31E7, 0x31E8, 0x3208, 0x3208, 0x31E8, 0x3208, 0x3207, 0x3A28, 0x3208,
  0x3208, 0x3208, 0x3208, 0x31E8, 0x31E8, 0x3208, 0x3A28, 0x3228, 0x3208, 0x3208, 0x3228, 0x3A28,
  0x3A28, 0x3A29, 0x3A08, 0x3A28, 0x4268, 0x3A48, 0x3A48, 0x3A27, 0x3A27, 0x3207, 0x3A07, 0x31E7,
  0x31E7, 0x31E7, 0x31E7, 0x31E7, 0x31E7, 0x31E7, 0x31C7, 0x31E7, 0x31E7, 0x31C7, 0x31C7, 0x29A6,
  0x31C7, 0x31C7, 0x31C7, 0x29C7, 0x31C7, 0x29C7, 0x29C7, 0x29C7, 0x29A6, 0x2986, 0x2186, 0x2186,
  0x2186, 0x2186, 0x2186, 0x2186, 0x2186, 0x2186, 0x2186, 0x2186, 0x29A7, 0x21A7, 0x21A6, 0x21A7,
  0x10E3, 0x18E4, 0x10E3, 0x18E4, 0x1924, 0x2144, 0x1924, 0x2144, 0x1944, 0x2145, 0x2144, 0x1944,
  0x2145, 0x1924, 0x1924, 0x2985, 0x31C6, 0x2144, 0x1924, 0x2145, 0x1904, 0x2124, 0x2965, 0x2185,
  0x2985, 0x29A5, 0x2985, 0x2985, 0x2985, 0x2985, 0x2985, 0x2985, 0x2985, 0x2985, 0x2165, 0x2165,
  0x2185, 0x2985, 0x2165, 0x2165, 0x29A5, 0x2985, 0x2985, 0x29A5, 0x2985, 0x2985, 0x29A6, 0x29A6,
  0x29A6, 0x31C6, 0x31C6, 0x31E7, 0x31E7, 0x31E7, 0x31C7, 0x29A6, 0x29A6, 0x2986, 0x2166, 0x29A6,
  0x2986, 0x2986, 0x29A6, 0x3208, 0x3A28, 0x3A28, 0x3208, 0x3208, 0x3208, 0x3A29, 0x3A08, 0x3208,
  0x3208, 0x3208, 0x3A08, 0x3A08, 0x3A28, 0x3A08, 0x3A08, 0x3A28, 0x3A29, 0x3A29, 0x3A29, 0x3A29,
  0x3A29, 0x3A29, 0x3A29, 0x3A49, 0x3A49, 0x3A49, 0x3A49, 0x3A69, 0x4269, 0x4249, 0x4269, 0x4269,
  0x4269, 0x4269, 0x4269, 0x3A29, 0x3A28, 0x3A08, 0x3A28, 0x3A08, 0x3208, 0x31E8, 0x31E8, 0x31E8,
  0x31E8, 0x31E7, 0x31E8, 0x31E8, 0x31E8, 0x3A08, 0x3A28, 0x3A08, 0x3A08, 0x3A08, 0x31E8, 0x31E7,
  0x31E8, 0x31E7, 0x31E7, 0x31E7, 0x31E7, 0x31E7, 0x31C7, 0x31C7, 0x29C7, 0x29C7, 0x29C7, 0x31C7,
  0x29C7, 0x29C7, 0x31C7, 0x29C7, 0x31C7, 0x31E7, 0x31E7, 0x31E7, 0x31E7, 0x31E7, 0x31E7, 0x31E7,
  0x31E8, 0x3208, 0x3A08, 0x3208, 0x31E7, 0x31E7, 0x31C7, 0x31C7, 0x31E7, 0x31E7, 0x3A28, 0x4248,
  0x4248, 0x3A28, 0x3A49, 0x4249, 0x4248, 0x4269, 0x4AAA, 0x4269, 0x3A49, 0x4249, 0x4249, 0x4269,
  0x4249, 0x426A, 0x4A8A, 0x4289, 0x4249, 0x3A08, 0x3A08, 0x3208, 0x3A28, 0x3A28, 0x31E7, 0x31E7,
  0x3A07, 0x3A28, 0x3A28, 0x3A07, 0x3A07, 0x3A07, 0x3A48, 0x3A49, 0x3A08, 0x3A08, 0x3A28, 0x3A28,
  0x4269, 0x4AAA, 0x4A8A, 0x4A8A, 0x4AAA, 0x4A8A, 0x426A, 0x4269, 0x4A89, 0x5B0B, 0x52CA, 0x52A9,
  0x4AA9, 0x4A89, 0x4AA9, 0x52A9, 0x52CA, 0x4268, 0x4A89, 0x4A89, 0x4268, 0x4268, 0x4248, 0x3A27,
  0x3A27, 0x4268, 0x4247, 0x4248, 0x4268, 0x3A07, 0x3A08, 0x31E7, 0x3A07, 0x4247, 0x4247, 0x3A27,
  0x31E7, 0x39E7, 0x4227, 0x3A07, 0x3A07, 0x39E7, 0x3A27, 0x3A07, 0x3A07, 0x3A28, 0x3A27, 0x31E6,
  0x31E6, 0x31E7, 0x31E7, 0x31E7, 0x31E7, 0x31E7, 0x3207, 0x31E7, 0x31E7, 0x31E7, 0x31C7, 0x31E7,
  0x31E7, 0x31E7, 0x3208, 0x31E7, 0x3207, 0x3A28, 0x3A48, 0x3A28, 0x3208, 0x3A08, 0x3208, 0x31E7,
  0x31E8, 0x3208, 0x3A28, 0x3208, 0x3208, 0x3228, 0x3A29, 0x3A28, 0x3A28, 0x3A28, 0x31E7, 0x4248,
  0x4268, 0x3A27, 0x3A27, 0x3A07, 0x3A07, 0x31E7, 0x3A07, 0x31E7, 0x31E7, 0x31E7, 0x31E7, 0x31E7,
  0x31C7, 0x31E7, 0x31C7, 0x31C7, 0x29C6, 0x29C6, 0x31C7, 0x29A6, 0x29A7, 0x29A6, 0x29A7, 0x29C7,
  0x29C7, 0x29A6, 0x29A7, 0x29C7, 0x29A6, 0x29A6, 0x2186, 0x2186, 0x2186, 0x2186, 0x2186, 0x2186,
  0x2186, 0x2186, 0x2186, 0x2186, 0x2186, 0x21A6, 0x29A7, 0x2186, 0x18E4, 0x10E3, 0x18E4, 0x18E4,
  0x18E4, 0x1924, 0x2145, 0x1944, 0x2144, 0x2165, 0x2165, 0x2145, 0x2165, 0x1924, 0x1924, 0x2164,
  0x31E6, 0x2144, 0x1904, 0x2145, 0x1904, 0x2125, 0x2145, 0x2144, 0x2165, 0x2185, 0x2164, 0x2165,
  0x2185, 0x2985, 0x2985, 0x2165, 0x2165, 0x2144, 0x2144, 0x2144, 0x2144, 0x2144, 0x2144, 0x2144,
  0x2144, 0x2145, 0x2164, 0x2165, 0x2185, 0x2985, 0x29A6, 0x29C6, 0x29A6, 0x29C6, 0x31C6, 0x31E6,
  0x31E7, 0x31C7, 0x29A7, 0x29A6, 0x2986, 0x2986, 0x2986, 0x2986, 0x2986, 0x2986, 0x2986, 0x29C7,
  0x3228, 0x3A28, 0x3208, 0x3208, 0x3208, 0x3208, 0x3208, 0x3208, 0x3208, 0x3208, 0x3208, 0x31E7,
  0x29C7, 0x3A08, 0x3A08, 0x3A28, 0x3229, 0x3228, 0x3229, 0x3229, 0x3A29, 0x3A29, 0x3A29, 0x3A29,
  0x3A29, 0x3A49, 0x3A49, 0x3A49, 0x3A49, 0x4249, 0x4249, 0x4269, 0x4269, 0x4269, 0x4269, 0x3A49,
  0x3A08, 0x3A08, 0x3208, 0x3A08, 0x3208, 0x3208, 0x31E7, 0x31E7, 0x31E7, 0x31E7, 0x31E7, 0x31E8,
  0x31E8, 0x3208, 0x3208, 0x3208, 0x31E8, 0x31E8, 0x3A08, 0x31E8, 0x31E7, 0x31C7, 0x31C7, 0x31C7,
  0x31C7, 0x31E7, 0x31C7, 0x29C7, 0x29C7, 0x29C7, 0x31C7, 0x31C7, 0x29C7, 0x29A7, 0x29C7, 0x29C7,
  0x31C7, 0x31E7, 0x31E7, 0x31E7, 0x31E7, 0x29E7, 0x31E7, 0x31E7, 0x31E7, 0x31E7, 0x31E7, 0x31E7,
  0x31E7, 0x31E7, 0x31E7, 0x31E8, 0x31E7, 0x3208, 0x3A28, 0x3A28, 0x3A27, 0x3A28, 0x3A08, 0x3A28,
  0x3A48, 0x4249, 0x4A8A, 0x4269, 0x3A49, 0x4249, 0x4269, 0x4269, 0x4249, 0x4269, 0x4269, 0x4249,
  0x4249, 0x3A28, 0x3A08, 0x3208, 0x3A28, 0x3A07, 0x31E7, 0x31E7, 0x3A07, 0x3A27, 0x3A27, 0x3A07,
  0x3A07, 0x3A07, 0x3A48, 0x3A28, 0x3208, 0x3208, 0x3208, 0x3A28, 0x3A48, 0x3A48, 0x3A28, 0x4A8A,
  0x4AAA, 0x4A8A, 0x426A, 0x4A8A, 0x52AA, 0x52C9, 0x4ACA, 0x4289, 0x4269, 0x4A89, 0x4A89, 0x4A69,
  0x4A89, 0x4A89, 0x4AA9, 0x4269, 0x3A48, 0x4247, 0x4268, 0x4248, 0x3A28, 0x4267, 0x4248, 0x4227,
  0x4248, 0x3A27, 0x3A08, 0x31E7, 0x3A07, 0x3A27, 0x3A07, 0x3A07, 0x39E7, 0x39E7, 0x4228, 0x3A27,
  0x31E6, 0x39E7, 0x3A07, 0x31E6, 0x31E6, 0x3A27, 0x3A27, 0x31E6, 0x31C6, 0x31E7, 0x31C7, 0x31C7,
  0x31C7, 0x31C7, 0x31E7, 0x31E7, 0x31E7, 0x31E7, 0x31E7, 0x31E8, 0x3208, 0x3A08, 0x3A08, 0x3208,
  0x3207, 0x3A48, 0x3A48, 0x3A28, 0x3208, 0x3208, 0x31E7, 0x31E7, 0x31E7, 0x3208, 0x3208, 0x3208,
  0x3208, 0x3228, 0x3228, 0x3208, 0x3208, 0x3208, 0x31E7, 0x3A28, 0x3A27, 0x3A27, 0x3A07, 0x3A07,
  0x31E7, 0x31E7, 0x3207, 0x31E7, 0x31E7, 0x31E7, 0x31E7, 0x31E7, 0x31E7, 0x31E7, 0x31C7, 0x31E7,
  0x31C7, 0x31C6, 0x29A6, 0x29A6, 0x31C7, 0x2986, 0x29A6, 0x29A6, 0x29A6, 0x29A6, 0x29A7, 0x29A6,
  0x21A6, 0x29A6, 0x29A6, 0x2186, 0x2186, 0x2166, 0x2186, 0x2186, 0x2166, 0x2166, 0x2186, 0x2186,
  0x2186, 0x2186, 0x2186, 0x29A6, 0x10C3, 0x10E3, 0x10E4, 0x10E4, 0x18E4, 0x1924, 0x2145, 0x2144,
  0x2144, 0x2145, 0x2965, 0x2124, 0x2145, 0x18E4, 0x1904, 0x2145, 0x2965, 0x2985, 0x2144, 0x2164,
  0x1903, 0x2144, 0x2145, 0x1944, 0x2144, 0x2165, 0x2164, 0x2165, 0x2164, 0x2164, 0x2164, 0x2144,
  0x2145, 0x1944, 0x1924, 0x1944, 0x1944, 0x2145, 0x2144, 0x1924, 0x1944, 0x1924, 0x2144, 0x2144,
  0x2144, 0x2144, 0x2985, 0x2985, 0x2185, 0x2985, 0x2985, 0x29A6, 0x29C6, 0x31C7, 0x29A6, 0x2986,
  0x2986, 0x2166, 0x2166, 0x2166, 0x2986, 0x2986, 0x29A6, 0x31E7, 0x3208, 0x3208, 0x31E8, 0x3208,
  0x3208, 0x3208, 0x3208, 0x3208, 0x3208, 0x3208, 0x31E8, 0x29A7, 0x2986, 0x31E7, 0x3208, 0x31E8,
  0x3208, 0x3208, 0x3208, 0x3208, 0x3A29, 0x3A29, 0x3A29, 0x3A29, 0x3A29, 0x3A49, 0x3A49, 0x3A49,
  0x3A49, 0x3A49, 0x3A49, 0x4269, 0x4249, 0x4249, 0x3A49, 0x3A49, 0x3A28, 0x3A08, 0x3208, 0x3A08,
  0x3208, 0x31E8, 0x31E8, 0x31E7, 0x31E7, 0x31E7, 0x31E7, 0x31E8, 0x31E7, 0x31E7, 0x31E7, 0x3208,
  0x31E8, 0x31E7, 0x31E8, 0x31E7, 0x31C7, 0x31C7, 0x31C7, 0x31C7, 0x31C7, 0x31C7, 0x31C7, 0x31C7,
  0x29C7, 0x29A6, 0x29A7, 0x29C7, 0x29A7, 0x29A7, 0x29C7, 0x29C7, 0x31C7, 0x31C7, 0x31C7, 0x31C7,
  0x31C7, 0x31C7, 0x29C7, 0x31C7, 0x31E7, 0x29C7, 0x31C7, 0x31E7, 0x31C7, 0x31C7, 0x31E7, 0x31E7,
  0x31C7, 0x31E7, 0x3A07, 0x3A07, 0x3A28, 0x3A28, 0x3A07, 0x3A08, 0x3A28, 0x3A48, 0x4249, 0x4269,
  0x4269, 0x4269, 0x4269, 0x3A49, 0x3A49, 0x3A49, 0x4249, 0x4249, 0x3A49, 0x3A08, 0x3A08, 0x3A08,
  0x3A08, 0x3A08, 0x31E7, 0x31E7, 0x3A28, 0x3A28, 0x3A07, 0x31E7, 0x3207, 0x3A08, 0x3A08, 0x3A08,
  0x3208, 0x3207, 0x3207, 0x3A08, 0x3A28, 0x3A48, 0x3A28, 0x4A89, 0x4A8A, 0x4A89, 0x4A69, 0x52CA,
  0x52CA, 0x4A69, 0x4A89, 0x4A6A, 0x4269, 0x4A69, 0x4A8A, 0x4A89, 0x4A89, 0x4AA9, 0x4A69, 0x4249,
  0x4248, 0x4A68, 0x4A89, 0x4A68, 0x4A48, 0x4A68, 0x4248, 0x4227, 0x3A27, 0x3A07, 0x3A28, 0x3A07,
  0x3A06, 0x3A27, 0x3A07, 0x3A07, 0x3A07, 0x39E7, 0x4227, 0x4227, 0x39E6, 0x39E7, 0x3A07, 0x31E6,
  0x31E6, 0x3A27, 0x3A06, 0x31E6, 0x31C6, 0x31C6, 0x31C7, 0x31E7, 0x31C7, 0x31C7, 0x31E7, 0x31E7,
  0x31E7, 0x31E7, 0x3207, 0x3A07, 0x3207, 0x3A28, 0x3A08, 0x3208, 0x3A28, 0x3A28, 0x3207, 0x3208,
  0x31E7, 0x31C7, 0x31E7, 0x31E7, 0x31E8, 0x3208, 0x3208, 0x3208, 0x3208, 0x3208, 0x3208, 0x3208,
  0x31E9, 0x31E8, 0x31C7, 0x3A07, 0x3A27, 0x3A27, 0x3A27, 0x3207, 0x3207, 0x3A08, 0x3A07, 0x31E7,
  0x31E7, 0x31C7, 0x31C7, 0x31C7, 0x31E7, 0x31E7, 0x31C7, 0x31C7, 0x31C7, 0x29C7, 0x29A7, 0x29A6,
  0x31C7, 0x29A6, 0x29A6, 0x29A6, 0x29A7, 0x29C7, 0x2986, 0x29A6, 0x29A6, 0x2186, 0x2986, 0x2986,
  0x2186, 0x2186, 0x2186, 0x2166, 0x2166, 0x2145, 0x2166, 0x2166, 0x2186, 0x2186, 0x2186, 0x29A6,
  0x10E4, 0x10E3, 0x10E3, 0x10E3, 0x1904, 0x2124, 0x2145, 0x2124, 0x1904, 0x1904, 0x2964, 0x2965,
  0x1904, 0x1904, 0x1904, 0x1924, 0x2964, 0x2985, 0x2984, 0x29A5, 0x2164, 0x1924, 0x2164, 0x1924,
  0x1924, 0x2144, 0x2144, 0x2164, 0x2144, 0x2164, 0x2144, 0x2144, 0x2145, 0x2145, 0x2145, 0x2145,
  0x1924, 0x1924, 0x2145, 0x1944, 0x2145, 0x1945, 0x2144, 0x2144, 0x2144, 0x2144, 0x2144, 0x2165,
  0x2145, 0x2165, 0x2165, 0x29A6, 0x2185, 0x2185, 0x2986, 0x2186, 0x2986, 0x2986, 0x2166, 0x2166,
  0x2986, 0x2986, 0x31C7, 0x31E8, 0x31E7, 0x31E8, 0x31E8, 0x3208, 0x3208, 0x3208, 0x3208, 0x31E8,
  0x3208, 0x31E7, 0x29A7, 0x2986, 0x2986, 0x29A7, 0x31E7, 0x3208, 0x31E8, 0x3208, 0x3208, 0x3208,
  0x3A29, 0x3A29, 0x3A29, 0x3A29, 0x3A08, 0x3A29, 0x3A29, 0x3A49, 0x3A49, 0x3A49, 0x3A49, 0x3A49,
  0x3A49, 0x4249, 0x3A49, 0x3A49, 0x3A28, 0x3A08, 0x3A28, 0x3A08, 0x31E8, 0x31E8, 0x31E8, 0x31E8,
  0x31E8, 0x31E8, 0x31E7, 0x31E8, 0x31E8, 0x31E8, 0x31E7, 0x31E8, 0x3208, 0x31E8, 0x31E8, 0x31E7,
  0x31E7, 0x31E7, 0x31C7, 0x29C7, 0x29C7, 0x29C7, 0x29A7, 0x29C7, 0x29A7, 0x29A6, 0x29A6, 0x29A7,
  0x29C7, 0x29C7, 0x29C7, 0x29A7, 0x29C7, 0x29C7, 0x29C7, 0x31C7, 0x29C7, 0x29C7, 0x29C7, 0x29C7,
  0x31C7, 0x29C7, 0x29C7, 0x29C7, 0x31C7, 0x31C7, 0x31C7, 0x29C7, 0x31C7, 0x31C7, 0x31E7, 0x3A08,
  0x3A08, 0x31E7, 0x31E7, 0x3A28, 0x3A28, 0x3A08, 0x3A28, 0x4249, 0x4249, 0x3A49, 0x3A49, 0x3A48,
  0x3A28, 0x3A28, 0x3A48, 0x3A48, 0x3A28, 0x3208, 0x31E8, 0x3207, 0x3A28, 0x3A28, 0x31E7, 0x3207,
  0x3A07, 0x3A08, 0x3207, 0x3207, 0x3208, 0x3A08, 0x3A08, 0x3A07, 0x31E7, 0x31E7, 0x31E7, 0x4249,
  0x3A48, 0x3A48, 0x3A28, 0x4248, 0x4A89, 0x52A9, 0x52CA, 0x52A9, 0x4A89, 0x4A6A, 0x4269, 0x4A8A,
  0x4A69, 0x4A89, 0x4A69, 0x4A89, 0x4AA9, 0x4A69, 0x4A69, 0x4269, 0x4A89, 0x52C9, 0x4A88, 0x4A68,
  0x4A68, 0x4A68, 0x4248, 0x4228, 0x3A27, 0x3A27, 0x3A27, 0x4227, 0x4267, 0x4268, 0x4248, 0x3A07,
  0x3A07, 0x39E6, 0x3A06, 0x4227, 0x3A06, 0x31E7, 0x39E7, 0x3A07, 0x3A28, 0x3A07, 0x31C6, 0x31E6,
  0x31E6, 0x29A6, 0x31C7, 0x31E7, 0x31C7, 0x31C7, 0x31E7, 0x31E7, 0x31E7, 0x31E8, 0x3208, 0x3A08,
  0x3A08, 0x3207, 0x31E7, 0x3207, 0x3A28, 0x31E7, 0x31E7, 0x31E8, 0x31C7, 0x31C7, 0x31E7, 0x31E8,
  0x31E7, 0x31E7, 0x31E8, 0x3208, 0x3208, 0x3208, 0x3208, 0x3208, 0x3208, 0x31E7, 0x3207, 0x3A07,
  0x3A27, 0x3A27, 0x3A27, 0x3207, 0x31E7, 0x31E7, 0x31E7, 0x31E7, 0x31C7, 0x31C7, 0x31C7, 0x31C7,
  0x31C7, 0x31C7, 0x31C7, 0x29A7, 0x29A7, 0x29A7, 0x29A6, 0x29A6, 0x29A6, 0x2986, 0x29A6, 0x29A6,
  0x29A6, 0x29A6, 0x2986, 0x2986, 0x29A6, 0x2986, 0x2186, 0x2986, 0x29A6, 0x2186, 0x2186, 0x2166,
  0x2166, 0x2166, 0x2166, 0x2186, 0x2186, 0x2186, 0x2986, 0x2186, 0x10E4, 0x1904, 0x1904, 0x10E4,
  0x1904, 0x1924, 0x2144, 0x1924, 0x1904, 0x1924, 0x2144, 0x2965, 0x1904, 0x1904, 0x1924, 0x2165,
  0x2164, 0x2965, 0x2185, 0x2185, 0x2164, 0x2165, 0x2144, 0x1924, 0x2144, 0x2144, 0x2165, 0x2165,
  0x2144, 0x2144, 0x2144, 0x1924, 0x1944, 0x1924, 0x1944, 0x1944, 0x1924, 0x1924, 0x1924, 0x1924,
  0x1924, 0x2145, 0x2144, 0x1924, 0x1944, 0x2144, 0x2145, 0x2165, 0x2165, 0x2144, 0x2144, 0x2165,
  0x2985, 0x2985, 0x2185, 0x2986, 0x29A6, 0x2986, 0x2986, 0x2986, 0x2986, 0x2166, 0x29A6, 0x29A6,
  0x29A6, 0x31E8, 0x31E7, 0x31E8, 0x31E8, 0x31E8, 0x31E8, 0x31E8, 0x31E7, 0x31C7, 0x2986, 0x2166,
  0x2166, 0x2986, 0x31C7, 0x31E8, 0x31E8, 0x3208, 0x3208, 0x3A08, 0x3208, 0x3208, 0x3208, 0x3208,
  0x3A29, 0x3A29, 0x3A29, 0x3A29, 0x3A29, 0x3A49, 0x3A29, 0x3A29, 0x3A49, 0x3A49, 0x3A49, 0x3A49,
  0x3A28, 0x3A08, 0x3A28, 0x3A08, 0x3208, 0x3208, 0x3208, 0x31E8, 0x31E8, 0x31E8, 0x31E8, 0x31E8,
  0x31E8, 0x31E7, 0x31E7, 0x31E7, 0x31E8, 0x3208, 0x3208, 0x31E8, 0x31E7, 0x29C7, 0x29C7, 0x29A7,
  0x29C7, 0x29C7, 0x29A7, 0x29A7, 0x29A6, 0x29A6, 0x29A6, 0x29A6, 0x29A7, 0x29A7, 0x29A7, 0x29A7,
  0x29A7, 0x29A7, 0x29A7, 0x29A7, 0x29A7, 0x29A7, 0x29A7, 0x29A7, 0x29C7, 0x29C7, 0x29A7, 0x29A7,
  0x29C7, 0x31C7, 0x31C7, 0x31C7, 0x31C7, 0x31C7, 0x31E7, 0x31E7, 0x31C7, 0x31C7, 0x31E7, 0x3A08,
  0x3A08, 0x3A08, 0x3A08, 0x3A28, 0x4249, 0x3A29, 0x3A29, 0x3A28, 0x3208, 0x3A08, 0x3A28, 0x3A08,
  0x3A08, 0x3208, 0x3208, 0x3A08, 0x3A28, 0x3A07, 0x3A07, 0x31E7, 0x3207, 0x3A07, 0x3A07, 0x3A28,
  0x3A08, 0x3A08, 0x3A28, 0x3A08, 0x31E7, 0x31E7, 0x31E7, 0x3A28, 0x3A08, 0x3207, 0x3207, 0x31E7,
  0x4A8A, 0x52CA, 0x5AEB, 0x4AA9, 0x4248, 0x4A69, 0x4A89, 0x4A89, 0x52AA, 0x4A89, 0x4AA9, 0x4A89,
  0x4A89, 0x4A89, 0x4269, 0x4269, 0x52A9, 0x52A8, 0x52A9, 0x4A88, 0x4A68, 0x4A67, 0x4248, 0x4227,
  0x3A07, 0x4228, 0x4228, 0x4248, 0x4248, 0x3A27, 0x4227, 0x3A07, 0x3A07, 0x3A27, 0x3A07, 0x3A07,
  0x3A07, 0x39E7, 0x31E7, 0x31E7, 0x3A07, 0x31E7, 0x31C6, 0x3A07, 0x3207, 0x31E7, 0x29C6, 0x31C7,
  0x31C7, 0x31C7, 0x31E7, 0x31E7, 0x31E7, 0x31E7, 0x31E7, 0x3207, 0x3A08, 0x3207, 0x3208, 0x3A08,
  0x3A08, 0x31E7, 0x31E7, 0x31E8, 0x31E8, 0x31E8, 0x31E7, 0x31E8, 0x31E8, 0x31E7, 0x31E8, 0x3208,
  0x3208, 0x3208, 0x3208, 0x3208, 0x3208, 0x3A28, 0x3A48, 0x3A27, 0x3A07, 0x3A07, 0x3A07, 0x3A07,
  0x31E7, 0x31E7, 0x31E7, 0x31C6, 0x31C7, 0x31C7, 0x31C7, 0x31C7, 0x31C7, 0x31C7, 0x29A7, 0x29A7,
  0x29A7, 0x29A6, 0x29A6, 0x29A6, 0x29C7, 0x29A6, 0x29A6, 0x29A7, 0x29A6, 0x2986, 0x29A6, 0x2986,
  0x2186, 0x2986, 0x2186, 0x2986, 0x29A7, 0x2186, 0x2166, 0x2166, 0x2166, 0x2166, 0x2166, 0x2166,
  0x2186, 0x2186, 0x2186, 0x29C6, 0x10E3, 0x10E4, 0x10E4, 0x1904, 0x1904, 0x1903, 0x1903, 0x1904,
  0x1904, 0x2124, 0x2124, 0x2965, 0x1904, 0x1904, 0x1924, 0x2165, 0x2965, 0x2144, 0x2144, 0x1944,
  0x1944, 0x2144, 0x1924, 0x2144, 0x2144, 0x2144, 0x2145, 0x2144, 0x1944, 0x1924, 0x1924, 0x1924,
  0x1924, 0x1924, 0x1924, 0x1924, 0x1924, 0x1924, 0x1924, 0x1924, 0x1944, 0x1924, 0x1924, 0x1944,
  0x1944, 0x1944, 0x2144, 0x2144, 0x2144, 0x2144, 0x1924, 0x2144, 0x2165, 0x2985, 0x2986, 0x29A6,
  0x29A6, 0x2165, 0x2166, 0x2986, 0x2986, 0x2166, 0x2166, 0x2166, 0x2986, 0x31C7, 0x31E7, 0x31E7,
  0x31E7, 0x31E8, 0x31E7, 0x31E8, 0x31C7, 0x29A6, 0x2986, 0x2165, 0x2165, 0x2166, 0x2986, 0x29A7,
  0x31E8, 0x31E8, 0x3208, 0x3208, 0x31E8, 0x3208, 0x3208, 0x3208, 0x3208, 0x3208, 0x3A08, 0x3A29,
  0x3A29, 0x3A29, 0x3A29, 0x3A29, 0x3A29, 0x3A49, 0x3A49, 0x3A29, 0x3A29, 0x3A28, 0x3A08, 0x3A08,
  0x3208, 0x3208, 0x3208, 0x3208, 0x3208, 0x31E8, 0x31E8, 0x31E8, 0x31E8, 0x31E8, 0x31E8, 0x31E8,
  0x31E8, 0x31E8, 0x3208, 0x31E8, 0x31C7, 0x31C7, 0x29C7, 0x29A7, 0x29C7, 0x29A7, 0x29A7, 0x29A6,
  0x29A6, 0x29A6, 0x29A6, 0x2986, 0x29A6, 0x29A6, 0x29A6, 0x29A6, 0x29A6, 0x29C7, 0x29A7, 0x29A7,
  0x29A7, 0x29A7, 0x29A7, 0x29A7, 0x29A7, 0x29A7, 0x29C7, 0x29C7, 0x29A7, 0x29A7, 0x31C7, 0x31C7,
  0x31C7, 0x31C7, 0x31C7, 0x31C7, 0x29A7, 0x29A7, 0x31C7, 0x31C7, 0x31C7, 0x31E7, 0x31E8, 0x3A08,
  0x3A28, 0x3A49, 0x3A28, 0x3208, 0x3208, 0x3208, 0x31E7, 0x3208, 0x3208, 0x3207, 0x3A28, 0x3A07,
  0x3A07, 0x3A08, 0x31E7, 0x31E7, 0x3A07, 0x3A07, 0x3A07, 0x3A08, 0x3A08, 0x3A08, 0x3207, 0x31E7,
  0x31E7, 0x3207, 0x31E7, 0x31E7, 0x31E7, 0x31E7, 0x31E7, 0x3A08, 0x3A28, 0x3A27, 0x4269, 0x4A89,
  0x4A89, 0x4A89, 0x52AA, 0x4A89, 0x52CA, 0x4AA9, 0x4A89, 0x4AA9, 0x4A89, 0x4A89, 0x4269, 0x4248,
  0x4A89, 0x4A88, 0x52A9, 0x4A88, 0x4A68, 0x4267, 0x4247, 0x4227, 0x3A07, 0x3A27, 0x3A27, 0x3A07,
  0x3A07, 0x3A07, 0x3A27, 0x3A07, 0x3A27, 0x3A06, 0x3A06, 0x31C6, 0x31C6, 0x31C7, 0x31E7, 0x31C6,
  0x31E7, 0x31E7, 0x31E7, 0x3A07, 0x31E7, 0x31E7, 0x29C6, 0x31C7, 0x31C6, 0x31C7, 0x31E7, 0x31E7,
  0x31E7, 0x31E7, 0x31E8, 0x31E7, 0x3208, 0x3208, 0x31E8, 0x3208, 0x31E7, 0x31E7, 0x31E7, 0x31C7,
  0x31E8, 0x31E7, 0x31E7, 0x31E7, 0x31E8, 0x31E7, 0x31E8, 0x31E7, 0x31E8, 0x31E7, 0x31E8, 0x31E7,
  0x3207, 0x3A48, 0x3A27, 0x3A07, 0x31E6, 0x3A07, 0x3A07, 0x31E7, 0x31E7, 0x31E7, 0x31C7, 0x31C6,
  0x31C7, 0x29C6, 0x31C7, 0x29A7, 0x29A7, 0x29A7, 0x29A6, 0x29A7, 0x31C7, 0x29A6, 0x29A6, 0x29A6,
  0x29A6, 0x29A6, 0x29A6, 0x29A6, 0x29A6, 0x29A6, 0x29A6, 0x2986, 0x2986, 0x2986, 0x2986, 0x2186,
  0x2986, 0x2186, 0x2186, 0x2186, 0x2166, 0x2166, 0x2166, 0x2166, 0x2166, 0x2186, 0x2186, 0x29A6,
  0x10E3, 0x10E3, 0x10E4, 0x10E3, 0x10E3, 0x18E3, 0x1903, 0x2144, 0x1924, 0x1924, 0x1903, 0x2145,
  0x2124, 0x1903, 0x2165, 0x2164, 0x2165, 0x1944, 0x1924, 0x1924, 0x1944, 0x1924, 0x1924, 0x2144,
  0x2165, 0x2144, 0x2144, 0x1924, 0x1924, 0x1944, 0x1924, 0x1924, 0x1924, 0x1924, 0x1924, 0x1924,
  0x1924, 0x1924, 0x1924, 0x1924, 0x1944, 0x1924, 0x1924, 0x1944, 0x1924, 0x1944, 0x1944, 0x1924,
  0x1924, 0x1944, 0x2145, 0x2145, 0x2165, 0x2165, 0x2985, 0x2985, 0x2986, 0x2165, 0x2165, 0x2166,
  0x2166, 0x2166, 0x2166, 0x2166, 0x2986, 0x31C7, 0x31E7, 0x31E7, 0x31E7, 0x31E8, 0x31E7, 0x31E7,
  0x31E7, 0x2186, 0x2166, 0x2165, 0x2145, 0x2166, 0x2986, 0x31C7, 0x31C8, 0x31E8, 0x31E8, 0x31E8,
  0x31E8, 0x31E8, 0x31E8, 0x3208, 0x3208, 0x3208, 0x3208, 0x3A09, 0x3A29, 0x3A09, 0x3A29, 0x3A29,
  0x3A29, 0x3A29, 0x3A49, 0x3A29, 0x3A08, 0x3A28, 0x3A28, 0x3A08, 0x3A08, 0x3A08, 0x3208, 0x31E8,
  0x31E8, 0x3208, 0x31E7, 0x31E8, 0x31E8, 0x31E8, 0x31E8, 0x31C8, 0x31E8, 0x31E7, 0x31E7, 0x31E7,
  0x31C7, 0x31C7, 0x29C7, 0x31C7, 0x31C7, 0x29A7, 0x29A7, 0x29A6, 0x29A6, 0x29A6, 0x2986, 0x29A6,
  0x2986, 0x29A6, 0x29A6, 0x29A6, 0x29A6, 0x29A7, 0x29A6, 0x29A6, 0x29A7, 0x29A6, 0x29A6, 0x29A6,
  0x29A7, 0x29A7, 0x29C7, 0x29C7, 0x29A7, 0x29A6, 0x29A7, 0x29A7, 0x31A7, 0x29A7, 0x29A7, 0x31C7,
  0x29A7, 0x29A7, 0x29A7, 0x29A7, 0x31C7, 0x31C7, 0x31E7, 0x31E8, 0x3A08, 0x3A08, 0x3208, 0x31E8,
  0x31E7, 0x31E7, 0x31E8, 0x31E7, 0x31E7, 0x3207, 0x3A28, 0x3A28, 0x3A28, 0x3A07, 0x31E7, 0x31E7,
  0x31E7, 0x31E7, 0x31E7, 0x31E7, 0x31C7, 0x31C7, 0x31E7, 0x31E7, 0x31E7, 0x3A08, 0x3A08, 0x31E7,
  0x31C7, 0x31C7, 0x31E7, 0x31C7, 0x3A28, 0x3A27, 0x3A48, 0x4A8A, 0x4269, 0x4269, 0x4AAA, 0x4A69,
  0x4A8A, 0x4A8A, 0x4A69, 0x4A89, 0x4AAA, 0x4AAA, 0x4269, 0x4268, 0x4268, 0x4A88, 0x4A68, 0x4268,
  0x4A68, 0x4248, 0x4248, 0x4227, 0x4247, 0x4227, 0x4207, 0x3A07, 0x3A07, 0x3A27, 0x4247, 0x3A27,
  0x3A27, 0x39E6, 0x31C6, 0x31A6, 0x31A6, 0x31C6, 0x31E7, 0x31C7, 0x31E7, 0x29C6, 0x31C6, 0x3207,
  0x31E6, 0x31C6, 0x31C6, 0x31C7, 0x31C7, 0x31C7, 0x3207, 0x31E7, 0x31E7, 0x31C7, 0x31E7, 0x31E7,
  0x31E7, 0x31E7, 0x31E8, 0x3208, 0x31E7, 0x31E8, 0x31E7, 0x31E8, 0x31E8, 0x31E7, 0x31E7, 0x31E7,
  0x31E7, 0x31E7, 0x29C7, 0x29E7, 0x31E8, 0x29E7, 0x29E7, 0x31E7, 0x3207, 0x3A28, 0x3A07, 0x31E6,
  0x39E7, 0x3A27, 0x3A07, 0x31E7, 0x31E7, 0x31C7, 0x31C7, 0x29C6, 0x31C7, 0x31C7, 0x29A7, 0x29A7,
  0x29A7, 0x29A6, 0x29A7, 0x29A7, 0x29A7, 0x2986, 0x29A6, 0x29A6, 0x29A7, 0x29A6, 0x29A6, 0x29A6,
  0x2986, 0x2986, 0x29A6, 0x29A6, 0x2986, 0x2986, 0x2186, 0x2166, 0x2166, 0x2186, 0x2186, 0x2186,
  0x2186, 0x2166, 0x2166, 0x2166, 0x2166, 0x2166, 0x2186, 0x2186, 0x10E4, 0x10E3, 0x10E3, 0x10E4,
  0x10E3, 0x10E3, 0x18E3, 0x1924, 0x1903, 0x1903, 0x1903, 0x2144, 0x2965, 0x1903, 0x2165, 0x29A5,
  0x2165, 0x1924, 0x1924, 0x1924, 0x1923, 0x1904, 0x1903, 0x1904, 0x1924, 0x1924, 0x1924, 0x1924,
  0x1924, 0x1924, 0x1924, 0x1924, 0x1924, 0x1944, 0x1944, 0x1924, 0x1924, 0x1924, 0x1924, 0x1924,
  0x1924, 0x1924, 0x1924, 0x1924, 0x1924, 0x2144, 0x2145, 0x1944, 0x1924, 0x2144, 0x2144, 0x2165,
  0x2165, 0x2985, 0x29A6, 0x2986, 0x2165, 0x2145, 0x2145, 0x2145, 0x2145, 0x2145, 0x2166, 0x2166,
  0x31C7, 0x31C7, 0x31E7, 0x31E7, 0x31E7, 0x31E8, 0x31E8, 0x29C7, 0x29A6, 0x2986, 0x2166, 0x2166,
  0x2165, 0x2166, 0x2986, 0x29A7, 0x29A7, 0x31C7, 0x31E8, 0x31E7, 0x31E8, 0x31E8, 0x31E8, 0x31E8,
  0x3208, 0x3208, 0x3208, 0x3A08, 0x3A08, 0x3A08, 0x3A08, 0x3208, 0x3A28, 0x3A28, 0x3A28, 0x3A28,
  0x3A28, 0x3A28, 0x3A28, 0x3A08, 0x3A28, 0x3A08, 0x3208, 0x31E8, 0x31E8, 0x31E8, 0x31E8, 0x31E7,
  0x31E8, 0x31C7, 0x31E8, 0x31E8, 0x31E7, 0x31E7, 0x31E7, 0x31C7, 0x29C7, 0x29C7, 0x29C7, 0x29C7,
  0x29C7, 0x29C7, 0x29A7, 0x29A6, 0x29A6, 0x2986, 0x2986, 0x29A6, 0x2986, 0x2986, 0x29A6, 0x2986,
  0x2986, 0x2986, 0x2986, 0x29A6, 0x29A7, 0x29A6, 0x29A6, 0x29A6, 0x2986, 0x2986, 0x2986, 0x29A7,
  0x29A7, 0x29A7, 0x29A7, 0x29A7, 0x29A6, 0x2987, 0x29A7, 0x29A7, 0x29A7, 0x29A7, 0x29A7, 0x29C7,
  0x29C7, 0x31C7, 0x31C7, 0x31C7, 0x31E8, 0x31E7, 0x31E8, 0x31E7, 0x31C7, 0x31C7, 0x31E7, 0x31E7,
  0x31C7, 0x3207, 0x3A28, 0x3A07, 0x3A07, 0x3A07, 0x3A07, 0x31E7, 0x31E7, 0x31C7, 0x31C7, 0x31C6,
  0x29A6, 0x31C7, 0x31E7, 0x31E7, 0x3A08, 0x3208, 0x31E7, 0x31E7, 0x31C7, 0x31C7, 0x31E7, 0x3A08,
  0x4A8A, 0x4289, 0x4269, 0x4269, 0x4249, 0x4269, 0x4269, 0x4A8A, 0x52AA, 0x4A69, 0x4269, 0x4A69,
  0x4A69, 0x4A69, 0x52AA, 0x4A88, 0x4268, 0x4248, 0x4248, 0x4A69, 0x4228, 0x4227, 0x4247, 0x4227,
  0x4247, 0x4A68, 0x4248, 0x4228, 0x3A07, 0x3A27, 0x3A27, 0x3A27, 0x3A07, 0x31E6, 0x31C6, 0x31A6,
  0x31C6, 0x31C6, 0x31C6, 0x29A6, 0x29C6, 0x31C6, 0x29C6, 0x3A07, 0x3207, 0x31C6, 0x31C7, 0x31E7,
  0x31C7, 0x31E7, 0x3A08, 0x31E7, 0x31E7, 0x31C7, 0x31C7, 0x31C7, 0x31E7, 0x31E8, 0x31E8, 0x31E7,
  0x31E8, 0x31E8, 0x31E8, 0x31E8, 0x31E8, 0x31E7, 0x31E7, 0x31E7, 0x31E7, 0x31E7, 0x29E7, 0x29E7,
  0x29C7, 0x29C7, 0x29E7, 0x3A08, 0x3208, 0x31E7, 0x31E7, 0x31E7, 0x31E7, 0x3A07, 0x3A07, 0x31E7,
  0x31C6, 0x31C6, 0x31C6, 0x29A6, 0x29A6, 0x29A6, 0x29A6, 0x31C7, 0x29A6, 0x29A6, 0x29A6, 0x2986,
  0x29A6, 0x2986, 0x29A6, 0x29A6, 0x29A6, 0x29A6, 0x2986, 0x2986, 0x2986, 0x2986, 0x2186, 0x2186,
  0x2186, 0x2986, 0x2166, 0x2166, 0x2166, 0x2186, 0x2186, 0x2166, 0x2166, 0x2166, 0x2166, 0x2166,
  0x2186, 0x2166, 0x2166, 0x2166, 0x10E3, 0x10E3, 0x10C3, 0x10E3, 0x10E4, 0x10C3, 0x1924, 0x2164,
  0x1924, 0x18E3, 0x18E3, 0x2124, 0x2144, 0x1923, 0x1923, 0x2164, 0x2165, 0x1924, 0x1924, 0x1904,
  0x1904, 0x1904, 0x1904, 0x1104, 0x1904, 0x1924, 0x1904, 0x1924, 0x2145, 0x1944, 0x1904, 0x1924,
  0x1904, 0x1924, 0x1924, 0x1924, 0x1944, 0x1924, 0x1924, 0x1924, 0x1924, 0x1944, 0x1944, 0x1924,
  0x2145, 0x1944, 0x1924, 0x2144, 0x2145, 0x2165, 0x2144, 0x2145, 0x2144, 0x2165, 0x2165, 0x2985,
  0x2165, 0x2165, 0x2145, 0x2145, 0x2145, 0x2165, 0x2165, 0x2166, 0x2986, 0x29A7, 0x31C7, 0x31C7,
  0x31C7, 0x31E7, 0x3208, 0x31E7, 0x29A6, 0x2166, 0x2166, 0x2986, 0x2166, 0x2166, 0x2986, 0x2986,
  0x2166, 0x29A6, 0x31C7, 0x31C7, 0x31E7, 0x31E8, 0x31E8, 0x31E8, 0x3208, 0x31E8, 0x31E7, 0x3208,
  0x3A08, 0x3A08, 0x3A08, 0x3A28, 0x3A08, 0x3A08, 0x3A28, 0x3A28, 0x3A28, 0x3A28, 0x3A08, 0x3208,
  0x3208, 0x31E8, 0x31E8, 0x31E8, 0x31E7, 0x31E7, 0x31E7, 0x31E7, 0x31E7, 0x31C7, 0x31C7, 0x31E7,
  0x31E7, 0x31E7, 0x31E7, 0x29C7, 0x29C7, 0x29C6, 0x29C7, 0x29A7, 0x29A7, 0x29A7, 0x29A7, 0x2986,
  0x2986, 0x2986, 0x29A6, 0x2986, 0x2986, 0x2186, 0x2986, 0x2986, 0x2186, 0x2186, 0x2186, 0x2186,
  0x2986, 0x29A7, 0x2186, 0x2986, 0x2986, 0x2186, 0x2986, 0x2986, 0x2986, 0x29A7, 0x29A7, 0x29A7,
  0x2987, 0x29A7, 0x29A6, 0x29A6, 0x29A7, 0x29A7, 0x29A7, 0x29C7, 0x29A7, 0x29C7, 0x31C7, 0x31C7,
  0x31C7, 0x29C7, 0x31E7, 0x29C7, 0x31C7, 0x31C7, 0x31E7, 0x3A07, 0x31C6, 0x31E7, 0x31E7, 0x31E7,
  0x3A07, 0x31E7, 0x31E7, 0x31E7, 0x31C7, 0x31C6, 0x31C7, 0x31C7, 0x29A7, 0x29A7, 0x31C7, 0x31E7,
  0x31E7, 0x31E7, 0x29C7, 0x29C7, 0x31C7, 0x31E7, 0x31C7, 0x3A28, 0x4269, 0x4269, 0x31E8, 0x3A29,
  0x4269, 0x4289, 0x52AA, 0x5AEA, 0x52C9, 0x4A89, 0x4269, 0x4A89, 0x4A69, 0x4A69, 0x52C9, 0x4AA8,
  0x4248, 0x4228, 0x4228, 0x4228, 0x4A68, 0x4227, 0x4227, 0x3A27, 0x3A27, 0x4248, 0x4248, 0x4228,
  0x4228, 0x3A07, 0x3A07, 0x3A07, 0x31E6, 0x31E6, 0x31C6, 0x31E7, 0x31E7, 0x29C6, 0x29A6, 0x31C6,
  0x29A6, 0x31C6, 0x31E7, 0x3A07, 0x3207, 0x31C6, 0x31C6, 0x31C7, 0x31C7, 0x31C7, 0x31E7, 0x31C7,
  0x31C7, 0x29C7, 0x31C7, 0x31E7, 0x31C7, 0x31E7, 0x31C7, 0x31E7, 0x31E7, 0x3208, 0x3208, 0x3208,
  0x3208, 0x31E7, 0x31E7, 0x31E7, 0x31E8, 0x31C7, 0x29C7, 0x29C7, 0x29C7, 0x29C7, 0x31E7, 0x3A08,
  0x31E7, 0x31E7, 0x31C7, 0x31C6, 0x31E7, 0x39E7, 0x39E7, 0x31E7, 0x31C6, 0x31C6, 0x29A6, 0x29A6,
  0x29A6, 0x29A6, 0x31C6, 0x29C6, 0x29A6, 0x29A6, 0x29A6, 0x29A6, 0x2986, 0x2986, 0x2986, 0x2986,
  0x2986, 0x2986, 0x2186, 0x2986, 0x2986, 0x2986, 0x2186, 0x2986, 0x2986, 0x2186, 0x2186, 0x2166,
  0x2166, 0x19A5, 0x2186, 0x2186, 0x2185, 0x2186, 0x2967, 0x2166, 0x2186, 0x2186, 0x2166, 0x29A6,
  0x10C3, 0x10E3, 0x10E3, 0x10C3, 0x10C3, 0x10C3, 0x18E3, 0x2164, 0x2144, 0x18E3, 0x18C3, 0x18E3,
  0x2144, 0x1924, 0x2124, 0x2165, 0x2144, 0x1924, 0x1924, 0x1904, 0x1904, 0x1904, 0x1904, 0x1904,
  0x1924, 0x1924, 0x1904, 0x1904, 0x1924, 0x1924, 0x1904, 0x1904, 0x1904, 0x1924, 0x1924, 0x1924,
  0x1924, 0x1904, 0x1924, 0x1924, 0x1944, 0x1944, 0x1944, 0x2145, 0x1924, 0x1924, 0x1944, 0x1924,
  0x2145, 0x2144, 0x2144, 0x2165, 0x2144, 0x1924, 0x2165, 0x2145, 0x2165, 0x2165, 0x1925, 0x2145,
  0x2145, 0x2165, 0x2166, 0x2166, 0x2165, 0x29A7, 0x31C7, 0x31C7, 0x31C7, 0x31E7, 0x31E7, 0x31E7,
  0x29C7, 0x2186, 0x2165, 0x2165, 0x2165, 0x2165, 0x2145, 0x2165, 0x2145, 0x29A6, 0x31C7, 0x31C7,
  0x31E7, 0x31E8, 0x31E8, 0x31E8, 0x31E8, 0x31E8, 0x31E7, 0x31E8, 0x3208, 0x3208, 0x3A08, 0x3A08,
  0x3208, 0x3208, 0x3208, 0x3A08, 0x3A08, 0x3A08, 0x3208, 0x3208, 0x3208, 0x31E8, 0x31E7, 0x31E7,
  0x31E7, 0x31E8, 0x31E7, 0x31E7, 0x31C7, 0x31C7, 0x31C7, 0x31E7, 0x31C7, 0x31C7, 0x31E7, 0x29C7,
  0x29C7, 0x29A7, 0x29A7, 0x29C7, 0x29A7, 0x29A6, 0x29A7, 0x29A6, 0x2986, 0x29A6, 0x2986, 0x2986,
  0x2986, 0x2986, 0x2186, 0x2186, 0x2166, 0x2166, 0x2186, 0x2186, 0x2186, 0x2186, 0x2186, 0x2166,
  0x2166, 0x2166, 0x2166, 0x2166, 0x2986, 0x2186, 0x2166, 0x2986, 0x2986, 0x2986, 0x2986, 0x2986,
  0x2986, 0x29A6, 0x29A7, 0x29A7, 0x29A7, 0x29A7, 0x29A7, 0x29C7, 0x29C7, 0x29C7, 0x29C7, 0x31C7,
  0x29C7, 0x29C6, 0x31E7, 0x31E7, 0x29C6, 0x31E7, 0x31E7, 0x31E7, 0x31E7, 0x31E7, 0x29A6, 0x31C7,
  0x31E7, 0x31C7, 0x29C6, 0x31C7, 0x31C7, 0x29A7, 0x29A7, 0x29C7, 0x29C7, 0x31E7, 0x31C7, 0x29C7,
  0x29C7, 0x31C7, 0x29C7, 0x31E7, 0x3208, 0x31E7, 0x31E7, 0x3A28, 0x4289, 0x4A89, 0x52CA, 0x52AA,
  0x52A9, 0x4A89, 0x4269, 0x4A89, 0x52AA, 0x4A69, 0x4AA8, 0x4248, 0x4228, 0x4228, 0x3A28, 0x3A27,
  0x4A68, 0x4A68, 0x4248, 0x3A07, 0x3A27, 0x3A07, 0x4227, 0x4247, 0x3A06, 0x4247, 0x4248, 0x3A06,
  0x3A06, 0x3207, 0x3A07, 0x31E7, 0x31C6, 0x31C7, 0x29A6, 0x3A07, 0x31E7, 0x31C6, 0x31E7, 0x31E7,
  0x31E7, 0x31E7, 0x29C6, 0x31C7, 0x31C7, 0x31C7, 0x31E7, 0x31E7, 0x31E7, 0x31C7, 0x31E7, 0x31E8,
  0x31C7, 0x31C7, 0x31C7, 0x31C7, 0x29C7, 0x31E7, 0x3208, 0x31E7, 0x31E7, 0x31E8, 0x31E7, 0x31E7,
  0x31E7, 0x31E7, 0x29E7, 0x29E7, 0x29C7, 0x29C7, 0x31E7, 0x31E8, 0x31C7, 0x31E7, 0x31C7, 0x31E7,
  0x31E7, 0x31C6, 0x31C6, 0x31C6, 0x31C6, 0x31C6, 0x29A6, 0x29A6, 0x29A6, 0x29A6, 0x29A6, 0x29A6,
  0x29A6, 0x29A6, 0x2986, 0x29A6, 0x2986, 0x2986, 0x2986, 0x2986, 0x2986, 0x2166, 0x2166, 0x2186,
  0x2986, 0x2186, 0x2186, 0x2186, 0x2166, 0x2166, 0x2166, 0x2186, 0x2166, 0x2186, 0x2166, 0x21A5,
  0x31E5, 0x29A6, 0x2186, 0x2186, 0x2186, 0x2186, 0x2186, 0x29C4, 0x10C3, 0x10C3, 0x10E3, 0x10E3,
  0x10E3, 0x10C3, 0x1903, 0x2165, 0x2124, 0x1903, 0x10C3, 0x1904, 0x2165, 0x2165, 0x2164, 0x2164,
  0x2165, 0x2144, 0x1924, 0x1103, 0x1904, 0x1924, 0x1904, 0x1924, 0x1904, 0x1904, 0x1904, 0x1904,
  0x1924, 0x1924, 0x1924, 0x1924, 0x1904, 0x1924, 0x1924, 0x1904, 0x1924, 0x1904, 0x1924, 0x1924,
  0x1924, 0x1904, 0x1924, 0x1924, 0x1924, 0x1924, 0x1944, 0x1924, 0x2144, 0x2165, 0x2165, 0x2144,
  0x1924, 0x1924, 0x2145, 0x2165, 0x2165, 0x2144, 0x1924, 0x2145, 0x2145, 0x2165, 0x2166, 0x2166,
  0x2986, 0x29A7, 0x31C7, 0x29A7, 0x29A7, 0x31C7, 0x29A6, 0x29A7, 0x29A6, 0x2186, 0x2165, 0x2165,
  0x2145, 0x2165, 0x2165, 0x2166, 0x2986, 0x29A7, 0x29A7, 0x29C7, 0x31C7, 0x31C7, 0x29C7, 0x31E8,
  0x31C7, 0x31C8, 0x31C7, 0x31E7, 0x31E8, 0x31E7, 0x31E8, 0x31E8, 0x3208, 0x3208, 0x3208, 0x31E8,
  0x3208, 0x31E8, 0x31E8, 0x3208, 0x31E8, 0x31E7, 0x31E8, 0x31C7, 0x31C7, 0x31E7, 0x31C7, 0x31C7,
  0x31C7, 0x31C7, 0x31C7, 0x31C7, 0x31E7, 0x31C7, 0x31C7, 0x31C7, 0x29C7, 0x29A7, 0x29A7, 0x29C7,
  0x29A7, 0x29A7, 0x29A7, 0x29A6, 0x29A6, 0x2986, 0x2986, 0x2986, 0x2986, 0x2186, 0x2186, 0x2186,
  0x2186, 0x2166, 0x2186, 0x2166, 0x2166, 0x2186, 0x2186, 0x2166, 0x2166, 0x2166, 0x2166, 0x2166,
  0x2166, 0x2166, 0x2166, 0x2186, 0x2986, 0x2986, 0x2986, 0x2986, 0x2986, 0x2986, 0x29A7, 0x29A6,
  0x29A6, 0x29A7, 0x29A6, 0x29A7, 0x29C7, 0x29C7, 0x29C7, 0x29C7, 0x29A7, 0x29A6, 0x29C6, 0x31E7,
  0x31E7, 0x3207, 0x31E7, 0x31E7, 0x31C6, 0x29A6, 0x29A6, 0x31E7, 0x31E7, 0x31C6, 0x31C7, 0x29C7,
  0x31C7, 0x29A7, 0x29A7, 0x29C7, 0x29A7, 0x29C7, 0x29C7, 0x29C7, 0x29C7, 0x29C7, 0x29A7, 0x29C7,
  0x31C7, 0x31E7, 0x3A08, 0x4289, 0x4269, 0x4269, 0x4A89, 0x4A69, 0x4A8A, 0x4A8A, 0x4A89, 0x52CA,
  0x4A89, 0x4269, 0x4A88, 0x4248, 0x4229, 0x4228, 0x4228, 0x4228, 0x4248, 0x4A68, 0x3A07, 0x3A07,
  0x3A27, 0x3A07, 0x4227, 0x4268, 0x4247, 0x4268, 0x4268, 0x3A27, 0x31E6, 0x31E6, 0x31E7, 0x31E6,
  0x31C7, 0x31C6, 0x31E7, 0x3A28, 0x31E6, 0x31C6, 0x31E7, 0x31E7, 0x31C6, 0x29C6, 0x31C7, 0x31E7,
  0x31C7, 0x29A7, 0x31C7, 0x31E7, 0x31E7, 0x31C7, 0x31C7, 0x31E7, 0x31E7, 0x31E7, 0x31C7, 0x31E7,
  0x31E7, 0x31E7, 0x31E8, 0x31E7, 0x31C7, 0x31C7, 0x31C7, 0x31E8, 0x31E7, 0x31E8, 0x3208, 0x31E8,
  0x29C7, 0x29A7, 0x31E7, 0x31C7, 0x31C7, 0x3207, 0x31E7, 0x31E7, 0x31E7, 0x31C6, 0x31C6, 0x29C6,
  0x29C6, 0x29A6, 0x29C7, 0x29A6, 0x2986, 0x29A6, 0x2986, 0x2986, 0x2986, 0x2986, 0x2986, 0x2986,
  0x2166, 0x2166, 0x2986, 0x2986, 0x2166, 0x2145, 0x2165, 0x2186, 0x2986, 0x2986, 0x2186, 0x2166,
  0x2166, 0x2145, 0x2146, 0x2146, 0x2166, 0x2186, 0x2165, 0x2164, 0x4286, 0x4246, 0x2185, 0x2165,
  0x2166, 0x2186, 0x2166, 0x3A24, 0x10C3, 0x10E3, 0x10C3, 0x10C3, 0x10C3, 0x10C3, 0x10E3, 0x1903,
  0x1924, 0x1924, 0x1903, 0x2144, 0x2144, 0x2144, 0x1923, 0x1923, 0x2144, 0x1923, 0x1903, 0x1904,
  0x1904, 0x1924, 0x1904, 0x1924, 0x1103, 0x10E3, 0x1904, 0x1904, 0x1904, 0x1924, 0x1924, 0x1904,
  0x1904, 0x1904, 0x1904, 0x1904, 0x1904, 0x1904, 0x1924, 0x1924, 0x1904, 0x1904, 0x1904, 0x1924,
  0x1924, 0x1924, 0x1944, 0x1944, 0x1924, 0x1944, 0x1924, 0x1924, 0x2145, 0x1924, 0x2145, 0x1944,
  0x2165, 0x2165, 0x2165, 0x2165, 0x2145, 0x2165, 0x2146, 0x2166, 0x2986, 0x31C7, 0x31C7, 0x31C7,
  0x31C7, 0x31C7, 0x29A6, 0x2165, 0x2186, 0x2166, 0x2145, 0x2145, 0x2145, 0x2145, 0x2166, 0x2986,
  0x29A7, 0x29A6, 0x29A7, 0x29A7, 0x29C7, 0x29C7, 0x29C7, 0x31C7, 0x31C7, 0x29C7, 0x31C7, 0x31C8,
  0x31C8, 0x31C8, 0x31C8, 0x31E8, 0x31E8, 0x31E8, 0x31E8, 0x31E7, 0x31E8, 0x31E7, 0x31E7, 0x31E7,
  0x31E7, 0x31E7, 0x31E7, 0x31C7, 0x31E7, 0x31C7, 0x31C7, 0x29C7, 0x31C7, 0x31C7, 0x31C7, 0x31C7,
  0x31E7, 0x31E7, 0x31C7, 0x31C7, 0x29C7, 0x29C7, 0x29A7, 0x29A6, 0x29A6, 0x29A6, 0x29A7, 0x29A7,
  0x29A6, 0x2186, 0x2986, 0x2986, 0x2186, 0x2186, 0x2186, 0x2186, 0x2186, 0x2165, 0x2166, 0x2166,
  0x2166, 0x2166, 0x2166, 0x2166, 0x2166, 0x2146, 0x2166, 0x2166, 0x2166, 0x2166, 0x2186, 0x2186,
  0x2986, 0x2986, 0x2186, 0x2186, 0x2186, 0x2166, 0x2186, 0x2986, 0x2986, 0x29A6, 0x29A7, 0x29A6,
  0x29A6, 0x29A7, 0x29A7, 0x29A6, 0x29A6, 0x29A6, 0x29A6, 0x31C6, 0x31C6, 0x31C7, 0x31C6, 0x31C6,
  0x29C6, 0x29A6, 0x29A6, 0x31C7, 0x29C6, 0x29A6, 0x31C6, 0x29A7, 0x29A7, 0x29A6, 0x29A6, 0x29A7,
  0x29A7, 0x29A7, 0x29A7, 0x29A6, 0x29A7, 0x29C7, 0x29C7, 0x29A7, 0x31E7, 0x31E7, 0x3A28, 0x4289,
  0x3A48, 0x4249, 0x4289, 0x4269, 0x4269, 0x4269, 0x4AA9, 0x4A89, 0x4249, 0x4269, 0x52C9, 0x4268,
  0x4228, 0x3A28, 0x4248, 0x4248, 0x4A69, 0x4A48, 0x3A07, 0x39E7, 0x39E7, 0x3A27, 0x4247, 0x3A47,
  0x3A27, 0x3A27, 0x3A27, 0x3A07, 0x31E6, 0x31E6, 0x31E6, 0x31C6, 0x31C7, 0x29C6, 0x3207, 0x3A48,
  0x31E6, 0x31E6, 0x31E7, 0x31C6, 0x29C6, 0x29A6, 0x29A7, 0x31C7, 0x31C7, 0x29A7, 0x29A7, 0x29C7,
  0x31E7, 0x31C7, 0x29C7, 0x29C7, 0x31C7, 0x31C7, 0x31E7, 0x31E7, 0x31E7, 0x31E7, 0x31E7, 0x31C7,
  0x31E7, 0x31E7, 0x31C7, 0x31E7, 0x31C7, 0x31E7, 0x31E7, 0x29E7, 0x29C7, 0x29A7, 0x29A6, 0x2986,
  0x29A6, 0x31C7, 0x29C6, 0x31E7, 0x31E7, 0x31C7, 0x31C7, 0x31C7, 0x29A6, 0x29A6, 0x29C7, 0x29A6,
  0x2986, 0x2186, 0x2186, 0x29A6, 0x2986, 0x2166, 0x2986, 0x2166, 0x2166, 0x2166, 0x2986, 0x2986,
  0x2165, 0x2165, 0x2165, 0x2186, 0x2186, 0x2986, 0x2986, 0x2186, 0x2166, 0x2145, 0x2145, 0x2145,
  0x2166, 0x2165, 0x2185, 0x31E4, 0x4285, 0x3A04, 0x29A4, 0x29A5, 0x2166, 0x2165, 0x29C5, 0x4A86,
  0x10C3, 0x10C3, 0x10C3, 0x10E3, 0x10C3, 0x10C3, 0x10E3, 0x10C2, 0x1903, 0x2124, 0x1903, 0x2144,
  0x2144, 0x2144, 0x1923, 0x1923, 0x1903, 0x1903, 0x1904, 0x1904, 0x1904, 0x1904, 0x1904, 0x1103,
  0x10E3, 0x1103, 0x10E3, 0x1904, 0x1904, 0x1904, 0x1904, 0x10E3, 0x1103, 0x1904, 0x1103, 0x1103,
  0x1103, 0x10E3, 0x10E3, 0x1904, 0x1904, 0x1904, 0x1904, 0x1904, 0x1924, 0x1904, 0x1924, 0x1924,
  0x1924, 0x1924, 0x1924, 0x1944, 0x2165, 0x1925, 0x1944, 0x1924, 0x1944, 0x2164, 0x2985, 0x29A6,
  0x2165, 0x2145, 0x2146, 0x2145, 0x2986, 0x29A6, 0x29A6, 0x31C7, 0x29C6, 0x31C7, 0x31E7, 0x2986,
  0x2166, 0x2165, 0x2145, 0x2145, 0x2145, 0x2145, 0x2145, 0x2145, 0x2145, 0x2186, 0x29C7, 0x29C7,
  0x29A7, 0x29C7, 0x29C7, 0x31C7, 0x29C7, 0x29C7, 0x29C7, 0x31C7, 0x31C7, 0x31C7, 0x31C8, 0x31C7,
  0x31E8, 0x31E7, 0x31E7, 0x31C7, 0x31E7, 0x31E7, 0x31C7, 0x31C7, 0x31C7, 0x31E7, 0x31E7, 0x31C7,
  0x31C7, 0x31C7, 0x29C7, 0x31C7, 0x29C7, 0x29C7, 0x31C7, 0x31E7, 0x31C7, 0x31E7, 0x31E7, 0x29C7,
  0x29C7, 0x29A7, 0x29A7, 0x29A7, 0x29A6, 0x29A6, 0x29A6, 0x2986, 0x2986, 0x2986, 0x2186, 0x2166,
  0x2166, 0x2186, 0x2166, 0x2186, 0x2166, 0x2166, 0x2166, 0x2166, 0x2166, 0x2166, 0x2166, 0x2166,
  0x2166, 0x2166, 0x2146, 0x2146, 0x2166, 0x2166, 0x2166, 0x2166, 0x2166, 0x2166, 0x2186, 0x2186,
  0x2186, 0x2166, 0x2166, 0x2166, 0x2186, 0x2986, 0x2986, 0x2986, 0x29A6, 0x29A6, 0x29A6, 0x2986,
  0x29A6, 0x29C6, 0x29A6, 0x29A6, 0x29A6, 0x29A6, 0x29A6, 0x29A6, 0x29A6, 0x29A6, 0x29A6, 0x29A6,
  0x2986, 0x2986, 0x29A6, 0x29A6, 0x2986, 0x2986, 0x29A6, 0x29A6, 0x29A7, 0x29C7, 0x29C7, 0x29A7,
  0x29A6, 0x29A6, 0x29C7, 0x31C7, 0x31E7, 0x31E8, 0x3A28, 0x4248, 0x3A28, 0x3A08, 0x4269, 0x3A28,
  0x4249, 0x4A8A, 0x4A89, 0x4A89, 0x4249, 0x4249, 0x4268, 0x4268, 0x4228, 0x3A28, 0x4248, 0x4228,
  0x4248, 0x4247, 0x3A08, 0x39E7, 0x39E7, 0x3A07, 0x3A27, 0x3A07, 0x31E7, 0x3A07, 0x31E7, 0x3A28,
  0x3A28, 0x3207, 0x31E6, 0x31C6, 0x31E7, 0x29C6, 0x31E6, 0x3A27, 0x3207, 0x31E6, 0x31C6, 0x31C6,
  0x29C6, 0x29A6, 0x29A6, 0x29A7, 0x31C7, 0x29A7, 0x29A7, 0x31C7, 0x29C7, 0x29C7, 0x31C7, 0x29A7,
  0x29A7, 0x31C7, 0x29C7, 0x31C7, 0x31C7, 0x31C7, 0x31E7, 0x31E7, 0x31E7, 0x31E7, 0x31C7, 0x31E7,
  0x31E7, 0x31C7, 0x29E7, 0x29C7, 0x29C7, 0x29A7, 0x29A6, 0x29A6, 0x29A7, 0x29A6, 0x29A6, 0x31C6,
  0x31C7, 0x31C7, 0x29C7, 0x31C7, 0x29A6, 0x29A6, 0x2986, 0x2186, 0x2186, 0x2986, 0x2186, 0x29A6,
  0x2986, 0x2186, 0x2986, 0x2166, 0x2166, 0x2165, 0x2166, 0x2186, 0x2165, 0x2165, 0x2165, 0x2166,
  0x2186, 0x2166, 0x2186, 0x2166, 0x2165, 0x2145, 0x2145, 0x2146, 0x2146, 0x1944, 0x29A5, 0x4266,
  0x3203, 0x31C3, 0x31E4, 0x31C5, 0x2166, 0x2145, 0x31E5, 0x39E4, 0x10C3, 0x10C3, 0x10C3, 0x10C3,
  0x10E3, 0x10C3, 0x10C3, 0x10E3, 0x1904, 0x1924, 0x1903, 0x1924, 0x1903, 0x1924, 0x1903, 0x1904,
  0x1103, 0x1103, 0x1904, 0x10E3, 0x10E3, 0x1904, 0x1904, 0x1103, 0x1103, 0x1904, 0x10E3, 0x10E3,
  0x18E3, 0x10E3, 0x18E3, 0x18E3, 0x1904, 0x1904, 0x1904, 0x1904, 0x10E3, 0x10E3, 0x10E4, 0x1904,
  0x1904, 0x1924, 0x1924, 0x1904, 0x1904, 0x1924, 0x1904, 0x1924, 0x1924, 0x1924, 0x1924, 0x1924,
  0x2145, 0x2145, 0x1924, 0x1924, 0x2145, 0x2165, 0x2185, 0x2986, 0x2165, 0x2165, 0x2145, 0x2145,
  0x2145, 0x2145, 0x2986, 0x29A7, 0x2986, 0x2166, 0x2986, 0x2986, 0x2145, 0x2145, 0x2166, 0x2145,
  0x2145, 0x2145, 0x2145, 0x2145, 0x1925, 0x2166, 0x29A7, 0x29A7, 0x29A7, 0x29A7, 0x29C7, 0x31C7,
  0x29C7, 0x29A7, 0x29A7, 0x29A7, 0x29C7, 0x31C7, 0x31C7, 0x31C7, 0x31C7, 0x31E7, 0x31E7, 0x29C7,
  0x31E7, 0x31C7, 0x29C7, 0x29C7, 0x31C7, 0x31C7, 0x31E7, 0x31E7, 0x31C7, 0x31C7, 0x31C7, 0x29C7,
  0x29C7, 0x29C7, 0x31C7, 0x31C7, 0x31C7, 0x31C7, 0x29C7, 0x29C7, 0x29C7, 0x29A7, 0x29A7, 0x29A7,
  0x29A6, 0x29A7, 0x29A6, 0x29A6, 0x2986, 0x2186, 0x2186, 0x2186, 0x2186, 0x2186, 0x2166, 0x2166,
  0x2166, 0x2166, 0x2166, 0x2166, 0x2145, 0x2145, 0x2145, 0x2146, 0x2146, 0x2146, 0x2146, 0x2166,
  0x2166, 0x2166, 0x2166, 0x2166, 0x2166, 0x2166, 0x2166, 0x2186, 0x2166, 0x2186, 0x2166, 0x2166,
  0x2166, 0x2186, 0x2186, 0x2166, 0x2186, 0x2986, 0x2986, 0x2986, 0x29A6, 0x2986, 0x2985, 0x29A6,
  0x2985, 0x2986, 0x29A6, 0x29A6, 0x2986, 0x29A6, 0x29A6, 0x29A6, 0x2986, 0x2186, 0x29A6, 0x2986,
  0x2986, 0x2986, 0x29A6, 0x29A6, 0x29A6, 0x29A7, 0x29A7, 0x29A7, 0x29A7, 0x29A7, 0x29C7, 0x29C7,
  0x31E7, 0x31C7, 0x31E7, 0x31E7, 0x3207, 0x3A07, 0x4249, 0x3A28, 0x4249, 0x4269, 0x4269, 0x4AAA,
  0x4268, 0x4248, 0x4269, 0x4249, 0x3A48, 0x4249, 0x3A08, 0x3A08, 0x4248, 0x3A28, 0x31E7, 0x31E7,
  0x31C7, 0x3A28, 0x3A28, 0x3207, 0x3A07, 0x3A07, 0x3A07, 0x3A28, 0x3A27, 0x31E7, 0x31E7, 0x31E7,
  0x31C7, 0x31E7, 0x3A07, 0x31E7, 0x31E7, 0x31E7, 0x31E7, 0x31E7, 0x29A6, 0x29C6, 0x29A6, 0x29A6,
  0x31E7, 0x29C7, 0x29C7, 0x29A7, 0x29A7, 0x29C7, 0x29C7, 0x29A7, 0x29A7, 0x29C7, 0x29A7, 0x29C7,
  0x29C7, 0x29C7, 0x31E7, 0x31C7, 0x31C7, 0x31C7, 0x29C7, 0x31E7, 0x31C7, 0x29C7, 0x29C7, 0x29A7,
  0x29A7, 0x29A6, 0x29A7, 0x29A7, 0x29A6, 0x29A6, 0x29A6, 0x31A6, 0x31C6, 0x31C7, 0x31A6, 0x31A6,
  0x31A6, 0x29A6, 0x2986, 0x2986, 0x2986, 0x2166, 0x2986, 0x2986, 0x2186, 0x2986, 0x2186, 0x2165,
  0x2165, 0x2165, 0x2186, 0x2986, 0x2166, 0x2166, 0x2165, 0x2145, 0x2165, 0x2165, 0x2165, 0x2145,
  0x2146, 0x2145, 0x2145, 0x2146, 0x2146, 0x2165, 0x2165, 0x3A45, 0x29C2, 0x29A3, 0x29A4, 0x29C5,
  0x29C5, 0x29A5, 0x2184, 0x3A25, 0x10C3, 0x10C3, 0x10C3, 0x10C3, 0x10C3, 0x10C3, 0x10C3, 0x18E3,
  0x1904, 0x1903, 0x18E3, 0x1903, 0x1924, 0x1903, 0x1903, 0x1903, 0x10E3, 0x1103, 0x10E3, 0x10E3,
  0x10E3, 0x1904, 0x1904, 0x1103, 0x1103, 0x1103, 0x18E3, 0x18E3, 0x18E3, 0x10E3, 0x18E3, 0x1904,
  0x1904, 0x1904, 0x1904, 0x1904, 0x1103, 0x10E3, 0x10E4, 0x1904, 0x1924, 0x1904, 0x1904, 0x1904,
  0x1904, 0x1924, 0x1924, 0x1924, 0x1924, 0x1924, 0x1924, 0x1944, 0x2145, 0x2145, 0x1924, 0x1944,
  0x2145, 0x2145, 0x2165, 0x2165, 0x2165, 0x2165, 0x2166, 0x2166, 0x2165, 0x2145, 0x2986, 0x31C7,
  0x29A6, 0x2145, 0x2145, 0x2145, 0x2145, 0x2166, 0x2166, 0x2145, 0x1925, 0x2145, 0x2166, 0x2166,
  0x2145, 0x2166, 0x2165, 0x2986, 0x29A6, 0x29A6, 0x29A7, 0x29C7, 0x29C7, 0x29A7, 0x29A7, 0x29A7,
  0x29C7, 0x31C7, 0x31C7, 0x31C7, 0x31C7, 0x31C7, 0x31C7, 0x29C7, 0x29C7, 0x29C7, 0x29C7, 0x29C7,
  0x31C7, 0x31C7, 0x31E7, 0x31C7, 0x29C7, 0x29C7, 0x31C7, 0x29C7, 0x29C7, 0x29C7, 0x31C7, 0x31C7,
  0x29C7, 0x29C7, 0x29C7, 0x31C7, 0x31C7, 0x29C7, 0x29C7, 0x29A7, 0x29A7, 0x29A6, 0x2986, 0x2986,
  0x29A6, 0x29A6, 0x2986, 0x2186, 0x2986, 0x2166, 0x2166, 0x2166, 0x2166, 0x2166, 0x2146, 0x2146,
  0x2145, 0x2145, 0x2145, 0x2145, 0x2145, 0x2145, 0x2145, 0x2145, 0x2146, 0x2146, 0x2146, 0x2166,
  0x2146, 0x2166, 0x2166, 0x2166, 0x2166, 0x2166, 0x2166, 0x2166, 0x2166, 0x2166, 0x2166, 0x2166,
  0x2186, 0x2186, 0x2166, 0x2186, 0x29A6, 0x29A6, 0x2985, 0x2985, 0x2165, 0x2165, 0x29A6, 0x2185,
  0x2166, 0x2166, 0x2986, 0x29A6, 0x2986, 0x2186, 0x2186, 0x2986, 0x2186, 0x2186, 0x2986, 0x2986,
  0x29A6, 0x29A7, 0x29A6, 0x29A7, 0x29C7, 0x29C7, 0x29A7, 0x29C7, 0x29C7, 0x31C7, 0x31C7, 0x31E7,
  0x3A28, 0x3A28, 0x3A28, 0x3A08, 0x3A28, 0x3A48, 0x4249, 0x4A89, 0x4A89, 0x4248, 0x4268, 0x4A69,
  0x4248, 0x3A48, 0x3A28, 0x3A08, 0x3A28, 0x3A28, 0x31E7, 0x3207, 0x3207, 0x3A28, 0x3A27, 0x3A07,
  0x3A07, 0x31E7, 0x3207, 0x3207, 0x3A07, 0x31E7, 0x31E7, 0x31E7, 0x31E7, 0x31E7, 0x31C6, 0x31E7,
  0x31C6, 0x31C6, 0x31C6, 0x29A6, 0x29C6, 0x29A6, 0x29A6, 0x2986, 0x29A7, 0x29A7, 0x29A7, 0x29A7,
  0x29A7, 0x29C7, 0x29C7, 0x29A7, 0x29A7, 0x29A7, 0x29A7, 0x29A7, 0x29A6, 0x29C7, 0x31E7, 0x31C7,
  0x31E7, 0x29C7, 0x29A7, 0x29C7, 0x29C7, 0x29A6, 0x29A7, 0x29C7, 0x29A7, 0x2986, 0x2986, 0x2986,
  0x2986, 0x29A6, 0x31C7, 0x31C7, 0x29A6, 0x29A6, 0x2986, 0x29A6, 0x29A6, 0x2986, 0x29A6, 0x2986,
  0x2166, 0x2166, 0x2165, 0x2986, 0x2986, 0x2986, 0x2986, 0x2166, 0x2165, 0x2165, 0x2986, 0x2986,
  0x2165, 0x2165, 0x2145, 0x2145, 0x2145, 0x1945, 0x2165, 0x2145, 0x2145, 0x1945, 0x2145, 0x2145,
  0x2145, 0x2145, 0x2164, 0x3A45, 0x29A2, 0x29C4, 0x2163, 0x2184, 0x29C4, 0x3225, 0x3204, 0x3204,
  0x08A3, 0x10C3, 0x10C3, 0x08A3, 0x10C3, 0x10C3, 0x1904, 0x1904, 0x1904, 0x10E3, 0x1903, 0x1923,
  0x18E3, 0x1903, 0x1924, 0x1903, 0x1904, 0x1103, 0x1103, 0x10E3, 0x10E3, 0x1103, 0x1103, 0x10E3,
  0x10E3, 0x10E3, 0x18E3, 0x18E3, 0x10E3, 0x18E3, 0x18E3, 0x10E3, 0x1904, 0x1103, 0x1103, 0x1904,
  0x1103, 0x10E3, 0x1904, 0x10E4, 0x10E4, 0x1904, 0x1904, 0x1904, 0x1904, 0x1924, 0x1925, 0x1924,
  0x1924, 0x1924, 0x1924, 0x1944, 0x1924, 0x1944, 0x2145, 0x1924, 0x1924, 0x2145, 0x1924, 0x1944,
  0x2145, 0x2145, 0x2986, 0x2166, 0x2165, 0x2186, 0x29A6, 0x29A7, 0x31C7, 0x29A6, 0x2166, 0x2145,
  0x2145, 0x2165, 0x2145, 0x1925, 0x1925, 0x1925, 0x2145, 0x2145, 0x2145, 0x2166, 0x2986, 0x2966,
  0x2166, 0x2186, 0x29A6, 0x29A7, 0x29A7, 0x29A7, 0x29A7, 0x29A7, 0x29A7, 0x29C7, 0x31C7, 0x29C7,
  0x29C7, 0x29C7, 0x29A7, 0x29A7, 0x29A6, 0x29A6, 0x29A7, 0x29C7, 0x31C7, 0x31C7, 0x29C7, 0x29C7,
  0x29C7, 0x29C7, 0x29C7, 0x29C7, 0x29C7, 0x29C7, 0x31C7, 0x31C7, 0x31C7, 0x31C7, 0x29C7, 0x29C7,
  0x29C7, 0x29C7, 0x29A7, 0x29A6, 0x29A6, 0x29A6, 0x2986, 0x2986, 0x2986, 0x29A6, 0x2986, 0x2986,
  0x2166, 0x2166, 0x2166, 0x2166, 0x2166, 0x2166, 0x2166, 0x2166, 0x2146, 0x2146, 0x2145, 0x2166,
  0x2166, 0x2166, 0x2146, 0x2145, 0x2146, 0x2145, 0x2146, 0x2166, 0x2166, 0x2166, 0x2166, 0x2166,
  0x2166, 0x2166, 0x2166, 0x2166, 0x2166, 0x2166, 0x2166, 0x2166, 0x2166, 0x2166, 0x2186, 0x29A6,
  0x29A6, 0x29A6, 0x2986, 0x2165, 0x2145, 0x2165, 0x2986, 0x2165, 0x2166, 0x2166, 0x2986, 0x2986,
  0x2165, 0x2165, 0x2986, 0x2186, 0x2186, 0x2986, 0x2986, 0x2986, 0x2986, 0x2986, 0x29A6, 0x29A6,
  0x29A7, 0x29C7, 0x29C7, 0x31C7, 0x29C7, 0x31E7, 0x31C7, 0x31E7, 0x3A28, 0x3A48, 0x3A28, 0x3A08,
  0x3A28, 0x4249, 0x3A48, 0x4268, 0x4A89, 0x52A9, 0x4A69, 0x4248, 0x4228, 0x3A28, 0x3A28, 0x3A28,
  0x3A08, 0x3A07, 0x3A08, 0x3207, 0x3207, 0x31E7, 0x3A07, 0x3A07, 0x3207, 0x3A07, 0x3A07, 0x31E7,
  0x31E7, 0x3207, 0x31E7, 0x31E7, 0x31E7, 0x3A07, 0x31E7, 0x31C7, 0x31C7, 0x31C7, 0x29A6, 0x29A6,
  0x29A6, 0x29A6, 0x29A6, 0x2986, 0x29A7, 0x29A6, 0x29A6, 0x29A7, 0x29C7, 0x29A7, 0x29A7, 0x29C7,
  0x29C7, 0x29C7, 0x29C7, 0x29A7, 0x29C7, 0x31E7, 0x31E7, 0x31E7, 0x29C7, 0x29A7, 0x29C7, 0x29C7,
  0x29A7, 0x29A7, 0x29A6, 0x29C7, 0x29A7, 0x2986, 0x29A6, 0x29A7, 0x2186, 0x2986, 0x29C7, 0x29A6,
  0x29A6, 0x2986, 0x2986, 0x29A6, 0x2986, 0x2986, 0x2986, 0x2986, 0x2166, 0x2165, 0x2166, 0x2166,
  0x2986, 0x2986, 0x2186, 0x2165, 0x2165, 0x2986, 0x2986, 0x2165, 0x2145, 0x2166, 0x2145, 0x2165,
  0x2165, 0x2145, 0x2165, 0x2145, 0x2145, 0x2145, 0x1925, 0x1945, 0x1925, 0x2165, 0x29A5, 0x3A44,
  0x3A43, 0x29A3, 0x29C4, 0x1942, 0x2183, 0x3204, 0x3223, 0x29C2, 0x08A3, 0x08A2, 0x08A3, 0x08A3,
  0x10C3, 0x10C3, 0x10E3, 0x18E3, 0x1903, 0x10E3, 0x1903, 0x1903, 0x1903, 0x1903, 0x1903, 0x1903,
  0x1904, 0x1904, 0x10E3, 0x10E3, 0x10E3, 0x10E3, 0x10E3, 0x10E3, 0x10E3, 0x10E3, 0x10E3, 0x18E3,
  0x18E3, 0x10E3, 0x10E3, 0x10E3, 0x1103, 0x10E3, 0x1904, 0x10E3, 0x1904, 0x1904, 0x1904, 0x10E4,
  0x1904, 0x1904, 0x1904, 0x1904, 0x1924, 0x1904, 0x1924, 0x1924, 0x1904, 0x1924, 0x1924, 0x1924,
  0x1924, 0x2145, 0x2145, 0x1944, 0x2145, 0x2165, 0x2144, 0x2145, 0x2145, 0x2145, 0x2145, 0x2165,
  0x2165, 0x2986, 0x29A6, 0x31C7, 0x31C7, 0x31C7, 0x2986, 0x2145, 0x2145, 0x1925, 0x1925, 0x1904,
  0x1925, 0x2145, 0x1925, 0x1925, 0x2145, 0x2165, 0x2145, 0x2165, 0x2145, 0x2145, 0x2166, 0x29A6,
  0x29A7, 0x29A7, 0x29A7, 0x29A7, 0x29A7, 0x29A7, 0x29C7, 0x29C7, 0x29A7, 0x29A7, 0x2986, 0x2986,
  0x2986, 0x2986, 0x29A6, 0x29A7, 0x29C7, 0x29C7, 0x29A7, 0x29A7, 0x29A7, 0x29C7, 0x29C7, 0x29A7,
  0x29C7, 0x29A7, 0x29C7, 0x31C7, 0x29C7, 0x29C7, 0x29A7, 0x29A7, 0x29A7, 0x29A7, 0x29A6, 0x29A6,
  0x29A7, 0x29A6, 0x2986, 0x2986, 0x2986, 0x2986, 0x2986, 0x2986, 0x2986, 0x2166, 0x2166, 0x2166,
  0x2145, 0x2166, 0x2166, 0x2166, 0x2166, 0x2166, 0x2146, 0x2166, 0x2166, 0x2166, 0x2146, 0x2146,
  0x2145, 0x2145, 0x2146, 0x2146, 0x2146, 0x2166, 0x2166, 0x2146, 0x2166, 0x2146, 0x2146, 0x2166,
  0x2166, 0x2166, 0x2146, 0x2146, 0x2146, 0x2166, 0x2166, 0x29A6, 0x29A6, 0x2985, 0x2165, 0x2165,
  0x2165, 0x2165, 0x2165, 0x2166, 0x2166, 0x2166, 0x2986, 0x2986, 0x2166, 0x2166, 0x2986, 0x2186,
  0x2186, 0x2186, 0x2186, 0x2186, 0x2986, 0x29A6, 0x2986, 0x2986, 0x29A6, 0x29C7, 0x29C7, 0x29A7,
  0x31C7, 0x31C7, 0x31C7, 0x31E7, 0x3A28, 0x3A28, 0x31E7, 0x31E7, 0x31E7, 0x3A28, 0x3A48, 0x4248,
  0x4248, 0x4A69, 0x4248, 0x4269, 0x4248, 0x3A28, 0x3A08, 0x3A28, 0x3A28, 0x3A28, 0x3A28, 0x3207,
  0x31E7, 0x31E7, 0x3A07, 0x3A48, 0x3A07, 0x3A07, 0x3A07, 0x3207, 0x31E7, 0x31E7, 0x31E7, 0x31E7,
  0x31E7, 0x31E7, 0x31E7, 0x31C7, 0x31C7, 0x31C7, 0x29A6, 0x29A6, 0x29A6, 0x29A6, 0x29A6, 0x29A7,
  0x29A7, 0x29A6, 0x29A7, 0x29C7, 0x29A7, 0x29A7, 0x29A6, 0x29A7, 0x29C7, 0x29C7, 0x29A7, 0x31E7,
  0x31C7, 0x29C7, 0x29C7, 0x29C7, 0x29C7, 0x29A6, 0x29A6, 0x29A6, 0x29A6, 0x2986, 0x2986, 0x29A7,
  0x29A7, 0x29A6, 0x29A7, 0x21A6, 0x2186, 0x2986, 0x29A6, 0x29A6, 0x2986, 0x2986, 0x2986, 0x2186,
  0x2166, 0x2186, 0x2986, 0x2986, 0x2166, 0x2165, 0x2166, 0x2166, 0x2986, 0x2186, 0x2186, 0x2165,
  0x29A6, 0x2165, 0x2165, 0x2165, 0x2165, 0x2166, 0x2166, 0x2166, 0x2145, 0x2165, 0x2145, 0x2145,
  0x2145, 0x1945, 0x1925, 0x1945, 0x1925, 0x2165, 0x29C5, 0x42A5, 0x3A23, 0x29A3, 0x29A4, 0x2163,
  0x2142, 0x29A3, 0x29A2, 0x29A2, 0x08A3, 0x08A3, 0x08A3, 0x10C3, 0x08A3, 0x10A3, 0x10A3, 0x10C3,
  0x1903, 0x1904, 0x1903, 0x1903, 0x1903, 0x1903, 0x18E3, 0x1903, 0x1104, 0x10E3, 0x1904, 0x1103,
  0x1103, 0x10E3, 0x10E3, 0x10E3, 0x10E3, 0x10E3, 0x10E3, 0x18E3, 0x18E3, 0x10E3, 0x10E3, 0x10E3,
  0x10E3, 0x10E3, 0x1103, 0x10E3, 0x10E3, 0x10E3, 0x10E4, 0x10E4, 0x1904, 0x1904, 0x1904, 0x1904,
  0x1904, 0x1904, 0x1904, 0x1904, 0x1904, 0x1924, 0x1904, 0x1904, 0x1924, 0x1924, 0x1924, 0x1924,
  0x1944, 0x2145, 0x2165, 0x2165, 0x2145, 0x2145, 0x2125, 0x2165, 0x2185, 0x2986, 0x29A6, 0x29A6,
  0x2986, 0x2986, 0x2165, 0x1925, 0x2145, 0x2145, 0x1925, 0x1925, 0x1924, 0x1924, 0x1925, 0x1924,
  0x1925, 0x2145, 0x2145, 0x2145, 0x2145, 0x1925, 0x2145, 0x2986, 0x29A7, 0x29A7, 0x29A7, 0x29A7,
  0x29A7, 0x29A7, 0x29A7, 0x29A7, 0x29A6, 0x29A6, 0x2986, 0x2986, 0x2966, 0x2186, 0x2986, 0x29A6,
  0x29A6, 0x29A7, 0x29A7, 0x29A6, 0x29A7, 0x29A7, 0x29A7, 0x29A7, 0x29A7, 0x29A7, 0x29C7, 0x29C7,
  0x29C7, 0x29C7, 0x29A7, 0x29A7, 0x29A7, 0x29A7, 0x29C7, 0x29C7, 0x29A7, 0x29A6, 0x2986, 0x2186,
  0x2966, 0x2986, 0x2986, 0x2986, 0x2986, 0x2166, 0x2166, 0x2166, 0x2166, 0x2166, 0x2166, 0x2166,
  0x2166, 0x2166, 0x2166, 0x2166, 0x2166, 0x2186, 0x2166, 0x2146, 0x2145, 0x2145, 0x2145, 0x2146,
  0x2146, 0x2146, 0x2146, 0x2146, 0x2145, 0x2146, 0x2146, 0x2146, 0x2146, 0x2145, 0x2146, 0x2146,
  0x2146, 0x2165, 0x2165, 0x2986, 0x2985, 0x2985, 0x2986, 0x2145, 0x2145, 0x2145, 0x2165, 0x2165,
  0x2165, 0x2145, 0x2165, 0x2165, 0x2165, 0x2166, 0x2186, 0x2166, 0x2186, 0x2186, 0x2186, 0x2186,
  0x2986, 0x29A6, 0x2986, 0x2986, 0x29A7, 0x29A7, 0x29C7, 0x29A7, 0x31C7, 0x31C7, 0x29A7, 0x31E7,
  0x3A07, 0x3207, 0x31C7, 0x31E8, 0x31E7, 0x3A07, 0x3A48, 0x4248, 0x3A28, 0x3208, 0x3A28, 0x3A28,
  0x3A28, 0x3A08, 0x3A08, 0x3A28, 0x3A28, 0x3A28, 0x3A28, 0x3A28, 0x3A28, 0x3A28, 0x3A27, 0x3A28,
  0x3A07, 0x3A07, 0x3A27, 0x3A07, 0x3A07, 0x3A07, 0x31E7, 0x31E7, 0x31E7, 0x31C6, 0x29C6, 0x29C6,
  0x31C7, 0x29C6, 0x29A6, 0x29C7, 0x29A7, 0x29A6, 0x2986, 0x2987, 0x2987, 0x29A6, 0x29A7, 0x29C7,
  0x29A7, 0x29A7, 0x29A6, 0x29A6, 0x29A6, 0x29A6, 0x29A6, 0x29C7, 0x29C7, 0x31C7, 0x31C7, 0x29A7,
  0x29A6, 0x29A6, 0x29A6, 0x29A6, 0x29A6, 0x2986, 0x2986, 0x2986, 0x2986, 0x2986, 0x2186, 0x2186,
  0x2186, 0x2186, 0x2986, 0x2986, 0x2186, 0x2186, 0x2186, 0x2186, 0x2166, 0x2186, 0x2166, 0x2166,
  0x2166, 0x2165, 0x2166, 0x2986, 0x2186, 0x2166, 0x2186, 0x29A6, 0x2986, 0x2165, 0x2186, 0x2165,
  0x1945, 0x2145, 0x2165, 0x2165, 0x2165, 0x2165, 0x2145, 0x2145, 0x2145, 0x1925, 0x1945, 0x1945,
  0x1925, 0x1925, 0x2163, 0x42A5, 0x3A63, 0x29C3, 0x2143, 0x2123, 0x2143, 0x29A4, 0x29A3, 0x2162,
  0x10A3, 0x10A3, 0x10A3, 0x10A3, 0x10C3, 0x08A2, 0x10C2, 0x10E3, 0x10E3, 0x1903, 0x1903, 0x1903,
  0x1903, 0x10E3, 0x10E3, 0x10E3, 0x10E3, 0x10E3, 0x10E3, 0x18E4, 0x18E4, 0x18E4, 0x18E4, 0x10E3,
  0x10E3, 0x10E3, 0x10E3, 0x10E3, 0x10C3, 0x10C3, 0x10C3, 0x10E3, 0x10E3, 0x10E3, 0x10E3, 0x10E3,
  0x10E4, 0x10E3, 0x10E4, 0x10E4, 0x10E4, 0x1904, 0x1904, 0x1904, 0x1904, 0x1904, 0x1904, 0x1904,
  0x1904, 0x1904, 0x1904, 0x1904, 0x1904, 0x1924, 0x1924, 0x1904, 0x1924, 0x1904, 0x1944, 0x2165,
  0x2165, 0x2165, 0x2165, 0x2165, 0x2165, 0x2186, 0x2986, 0x2145, 0x1924, 0x1925, 0x1924, 0x1925,
  0x1925, 0x1925, 0x1904, 0x1924, 0x1924, 0x1904, 0x1924, 0x1925, 0x1924, 0x1925, 0x1925, 0x2145,
  0x1925, 0x1925, 0x2145, 0x2166, 0x2986, 0x29A7, 0x29A7, 0x29A7, 0x29A7, 0x29A7, 0x29A7, 0x2987,
  0x2986, 0x2986, 0x2986, 0x2986, 0x2166, 0x2186, 0x29A6, 0x2986, 0x2986, 0x2987, 0x2987, 0x2987,
  0x29A7, 0x2987, 0x29A6, 0x2986, 0x29A6, 0x29A7, 0x29A7, 0x29A7, 0x29A7, 0x29A7, 0x29A7, 0x29A7,
  0x29A7, 0x29A7, 0x29C7, 0x29A7, 0x29A7, 0x29A7, 0x2986, 0x2986, 0x2986, 0x2986, 0x2986, 0x2986,
  0x2966, 0x2186, 0x2186, 0x2166, 0x2166, 0x2166, 0x2166, 0x2186, 0x2166, 0x2166, 0x2165, 0x2166,
  0x2166, 0x2166, 0x2166, 0x2145, 0x2145, 0x2145, 0x2145, 0x2145, 0x2145, 0x2145, 0x2145, 0x2145,
  0x2145, 0x2145, 0x2145, 0x2166, 0x2145, 0x2145, 0x2145, 0x2146, 0x2145, 0x2166, 0x2986, 0x2185,
  0x2165, 0x2165, 0x2166, 0x2145, 0x2145, 0x2145, 0x2145, 0x2145, 0x2145, 0x2145, 0x2145, 0x2166,
  0x2165, 0x2165, 0x2165, 0x2165, 0x2186, 0x2186, 0x2166, 0x2186, 0x2186, 0x2186, 0x2186, 0x2986,
  0x2987, 0x2986, 0x2986, 0x29A7, 0x29A7, 0x29A7, 0x29C7, 0x31C7, 0x31E7, 0x31E7, 0x31E7, 0x31E7,
  0x3207, 0x31E7, 0x31E7, 0x31E7, 0x31E8, 0x3208, 0x3A28, 0x3A49, 0x3A49, 0x3A49, 0x3A49, 0x3A29,
  0x3A49, 0x4249, 0x4248, 0x4248, 0x3A28, 0x3A28, 0x3A07, 0x3A07, 0x3A07, 0x3A07, 0x3207, 0x3207,
  0x3A07, 0x3207, 0x31E7, 0x31C6, 0x31C7, 0x29A6, 0x29A6, 0x29A6, 0x29A6, 0x29A7, 0x31C7, 0x29A7,
  0x2986, 0x2986, 0x2986, 0x29A7, 0x2986, 0x2987, 0x29A7, 0x29A7, 0x29A6, 0x29A7, 0x2986, 0x2986,
  0x2986, 0x2986, 0x2986, 0x29A6, 0x29A6, 0x29A6, 0x29C7, 0x29A6, 0x29A6, 0x29A6, 0x29A6, 0x2986,
  0x2986, 0x2186, 0x2986, 0x2986, 0x29A6, 0x2186, 0x2166, 0x2166, 0x2166, 0x2166, 0x2166, 0x2166,
  0x2166, 0x2166, 0x2166, 0x2166, 0x2166, 0x2166, 0x2166, 0x2165, 0x2166, 0x2986, 0x2986, 0x2986,
  0x2165, 0x2186, 0x2186, 0x2165, 0x2165, 0x2186, 0x2165, 0x2145, 0x2145, 0x2166, 0x2145, 0x2145,
  0x2166, 0x2145, 0x1925, 0x1925, 0x2125, 0x2145, 0x2125, 0x1925, 0x2185, 0x3224, 0x3A24, 0x3A04,
  0x29A2, 0x29C3, 0x2163, 0x1923, 0x2163, 0x2983, 0x2162, 0x1943, 0x10A3, 0x10A3, 0x10A3, 0x10A3,
  0x10C2, 0x10C2, 0x10E3, 0x10E3, 0x10E3, 0x1103, 0x10E3, 0x10E3, 0x10E3, 0x10E3, 0x10E3, 0x18E4,
  0x18E4, 0x18E4, 0x18E4, 0x18E4, 0x18E4, 0x10E3, 0x10E3, 0x10E3, 0x10E3, 0x18E4, 0x10E3, 0x10C3,
  0x10C3, 0x10C3, 0x10C3, 0x10E3, 0x10C3, 0x10E3, 0x10E3, 0x10E3, 0x10E4, 0x10E3, 0x10E3, 0x10E4,
  0x10E4, 0x1904, 0x10E4, 0x10E4, 0x10E3, 0x1904, 0x1904, 0x1904, 0x1904, 0x1904, 0x1904, 0x10E4,
  0x1904, 0x1904, 0x1904, 0x1904, 0x1904, 0x1904, 0x1924, 0x1924, 0x2145, 0x2145, 0x2144, 0x2165,
  0x2166, 0x2166, 0x2986, 0x2165, 0x2145, 0x2145, 0x1925, 0x1925, 0x2145, 0x1924, 0x1904, 0x1924,
  0x1904, 0x1925, 0x1925, 0x1924, 0x1924, 0x1924, 0x1924, 0x1924, 0x1924, 0x1925, 0x1925, 0x2145,
  0x2986, 0x29A6, 0x29A6, 0x29A6, 0x29A7, 0x29A6, 0x2987, 0x29A6, 0x2186, 0x2186, 0x2186, 0x2186,
  0x2166, 0x2186, 0x2986, 0x2986, 0x2986, 0x2186, 0x2987, 0x2987, 0x2987, 0x2986, 0x29A6, 0x29A7,
  0x29A7, 0x2986, 0x29A6, 0x29A6, 0x29A7, 0x29A7, 0x29A7, 0x29C7, 0x29A7, 0x29A7, 0x29A7, 0x29A6,
  0x29A7, 0x29A7, 0x2986, 0x2986, 0x2986, 0x2986, 0x2986, 0x2986, 0x2166, 0x2186, 0x2186, 0x2186,
  0x2186, 0x2186, 0x2166, 0x2186, 0x2166, 0x2165, 0x2165, 0x2186, 0x2166, 0x2166, 0x2166, 0x2145,
  0x2145, 0x2145, 0x2145, 0x2145, 0x2145, 0x2145, 0x2145, 0x2145, 0x2145, 0x2145, 0x2145, 0x2146,
  0x1945, 0x2145, 0x2145, 0x2145, 0x2145, 0x2146, 0x2986, 0x2165, 0x2145, 0x2145, 0x2165, 0x2145,
  0x2145, 0x2145, 0x1925, 0x2145, 0x2145, 0x2145, 0x2145, 0x2145, 0x2165, 0x2165, 0x2165, 0x2166,
  0x2165, 0x2165, 0x2186, 0x2186, 0x2166, 0x2186, 0x2186, 0x2986, 0x2987, 0x2986, 0x2987, 0x2987,
  0x29A7, 0x29A7, 0x29C7, 0x29C7, 0x29A7, 0x29C7, 0x31E7, 0x29C7, 0x31C7, 0x31E7, 0x31C7, 0x31C7,
  0x31E7, 0x3208, 0x3A29, 0x3A49, 0x3A49, 0x3A49, 0x3A49, 0x3A28, 0x3A49, 0x3A28, 0x3A08, 0x3A28,
  0x3A28, 0x3A28, 0x3A28, 0x3A08, 0x3207, 0x3207, 0x31E7, 0x31E7, 0x31E7, 0x31E6, 0x31C6, 0x31C6,
  0x31C6, 0x29A6, 0x2986, 0x2986, 0x29A6, 0x29A7, 0x29A6, 0x29A6, 0x2986, 0x2986, 0x29A6, 0x2986,
  0x2986, 0x2167, 0x2166, 0x2186, 0x2986, 0x29A7, 0x29A6, 0x29A6, 0x29A6, 0x2986, 0x2986, 0x29A6,
  0x29A6, 0x29A6, 0x29A6, 0x29A6, 0x2986, 0x2986, 0x2186, 0x2186, 0x2986, 0x2186, 0x2986, 0x2986,
  0x2186, 0x2166, 0x2166, 0x2166, 0x2166, 0x2166, 0x2146, 0x2166, 0x2166, 0x2145, 0x2165, 0x2165,
  0x2165, 0x2165, 0x2165, 0x2165, 0x2166, 0x2186, 0x2185, 0x2185, 0x2165, 0x2165, 0x2165, 0x2165,
  0x2165, 0x2166, 0x2145, 0x2145, 0x2145, 0x2145, 0x2146, 0x2146, 0x2145, 0x1925, 0x1925, 0x1925,
  0x1925, 0x1925, 0x1925, 0x1925, 0x31E6, 0x4284, 0x3202, 0x29A1, 0x2161, 0x29A3, 0x1942, 0x1102,
  0x1943, 0x2182, 0x1942, 0x1923, 0x08A3, 0x10A3, 0x08A2, 0x10A2, 0x10C2, 0x10C3, 0x10E3, 0x10E3,
  0x10E3, 0x10E3, 0x10E3, 0x10E3, 0x10E3, 0x10E3, 0x1904, 0x18E4, 0x10E3, 0x18E4, 0x18E4, 0x18E4,
  0x10E3, 0x10C3, 0x10C3, 0x10C3, 0x10E3, 0x10E3, 0x10E3, 0x10C3, 0x10C3, 0x10C3, 0x10C3, 0x10C3,
  0x10C3, 0x10E3, 0x10E3, 0x10E3, 0x10E3, 0x10E3, 0x10E3, 0x10E3, 0x10E3, 0x10E3, 0x10E3, 0x10E3,
  0x10E3, 0x10E4, 0x10E4, 0x10E4, 0x10E4, 0x1904, 0x1904, 0x1904, 0x1904, 0x1904, 0x1904, 0x1904,
  0x1924, 0x1904, 0x1904, 0x1924, 0x1924, 0x1944, 0x1944, 0x2145, 0x2145, 0x2145, 0x2165, 0x2986,
  0x2166, 0x2145, 0x1924, 0x1904, 0x1904, 0x1924, 0x1904, 0x1924, 0x1925, 0x1904, 0x1924, 0x1925,
  0x1924, 0x1924, 0x1924, 0x1924, 0x1925, 0x1924, 0x2145, 0x2166, 0x2986, 0x29A6, 0x2986, 0x29A6,
  0x29A6, 0x2986, 0x2987, 0x2986, 0x2186, 0x2986, 0x2186, 0x2165, 0x2166, 0x2186, 0x2166, 0x2186,
  0x2186, 0x2186, 0x2966, 0x2166, 0x2987, 0x2986, 0x2986, 0x29A6, 0x29A6, 0x29A6, 0x29A6, 0x29A6,
  0x29A6, 0x29A7, 0x29C7, 0x29A7, 0x29A7, 0x29A7, 0x29A6, 0x29A7, 0x29A7, 0x29A6, 0x29A6, 0x2986,
  0x2986, 0x2986, 0x2986, 0x2986, 0x2166, 0x2186, 0x2986, 0x2986, 0x2986, 0x2986, 0x2186, 0x2186,
  0x2166, 0x2166, 0x2166, 0x2166, 0x2166, 0x2166, 0x2166, 0x2145, 0x2145, 0x2125, 0x2125, 0x2145,
  0x2145, 0x2145, 0x2145, 0x2145, 0x2145, 0x1945, 0x2145, 0x2145, 0x1945, 0x2145, 0x2145, 0x2145,
  0x2145, 0x2145, 0x2165, 0x2165, 0x2145, 0x2145, 0x2145, 0x2145, 0x2145, 0x2145, 0x2145, 0x2145,
  0x2145, 0x2145, 0x2145, 0x2145, 0x2145, 0x2145, 0x2165, 0x2165, 0x2165, 0x2165, 0x2166, 0x2165,
  0x2165, 0x2186, 0x2186, 0x2186, 0x2986, 0x2986, 0x2987, 0x2986, 0x29A7, 0x29A7, 0x29A6, 0x29A7,
  0x29A6, 0x29A6, 0x29C7, 0x29C7, 0x31E7, 0x31C7, 0x31C7, 0x31E7, 0x31E7, 0x31E8, 0x3A28, 0x3A49,
  0x3A49, 0x3A49, 0x3A28, 0x3A49, 0x3A28, 0x3A08, 0x3A28, 0x3A28, 0x3A28, 0x3A08, 0x3207, 0x31E7,
  0x31E7, 0x31E7, 0x31C7, 0x31E7, 0x31E7, 0x31C6, 0x29C6, 0x29C6, 0x29A6, 0x29A6, 0x2986, 0x2986,
  0x2986, 0x2986, 0x2986, 0x2986, 0x2986, 0x2986, 0x2986, 0x2986, 0x2166, 0x2166, 0x2166, 0x2166,
  0x2986, 0x2986, 0x2986, 0x2986, 0x2986, 0x2986, 0x2986, 0x2986, 0x29C7, 0x29A6, 0x29A6, 0x29A6,
  0x2986, 0x2186, 0x2186, 0x2186, 0x2186, 0x2186, 0x2186, 0x2186, 0x2165, 0x2145, 0x2145, 0x2145,
  0x2166, 0x2145, 0x2145, 0x2146, 0x2145, 0x2145, 0x2145, 0x2145, 0x2145, 0x2145, 0x2145, 0x2145,
  0x2165, 0x2165, 0x2165, 0x2165, 0x2145, 0x1945, 0x2165, 0x2165, 0x2145, 0x2145, 0x2145, 0x1945,
  0x1945, 0x2165, 0x2145, 0x2146, 0x2145, 0x1925, 0x1925, 0x1925, 0x1925, 0x1925, 0x1926, 0x1925,
  0x2165, 0x29C4, 0x4244, 0x4242, 0x2160, 0x1942, 0x1922, 0x1923, 0x1923, 0x1922, 0x1901, 0x10E2,
  0x08A3, 0x08A2, 0x08A2, 0x10A3, 0x10C3, 0x10C3, 0x10E3, 0x10C3, 0x10E3, 0x10E3, 0x10E3, 0x10E3,
  0x10E3, 0x1904, 0x1904, 0x10E3, 0x18E4, 0x18E4, 0x18E4, 0x10C3, 0x10C3, 0x10C3, 0x10C3, 0x10C3,
  0x10E3, 0x10C3, 0x10C3, 0x10C3, 0x10C3, 0x10C3, 0x18E3, 0x10C3, 0x10C3, 0x10C3, 0x10C3, 0x10C3,
  0x10C3, 0x10E3, 0x10E3, 0x10C3, 0x10E3, 0x10C3, 0x10C3, 0x10C3, 0x10E3, 0x10E3, 0x10E3, 0x10E4,
  0x10E4, 0x1904, 0x1904, 0x1904, 0x10E4, 0x1904, 0x1904, 0x1904, 0x1924, 0x1924, 0x1904, 0x1904,
  0x1904, 0x1944, 0x1944, 0x1945, 0x2145, 0x2145, 0x2145, 0x2166, 0x2165, 0x1924, 0x1904, 0x1904,
  0x1904, 0x1904, 0x1904, 0x1924, 0x1925, 0x1925, 0x1924, 0x1925, 0x1924, 0x1924, 0x1924, 0x1925,
  0x1925, 0x1925, 0x2145, 0x1925, 0x2145, 0x2166, 0x2986, 0x2986, 0x2186, 0x2166, 0x2186, 0x2986,
  0x2986, 0x2986, 0x2166, 0x2165, 0x2186, 0x2166, 0x2145, 0x2166, 0x2186, 0x2166, 0x2166, 0x2966,
  0x2166, 0x2966, 0x2986, 0x2986, 0x29A6, 0x29A6, 0x29A6, 0x29A6, 0x29A6, 0x29A6, 0x29A6, 0x29A7,
  0x29A7, 0x29A7, 0x29A6, 0x29A6, 0x2986, 0x2986, 0x2986, 0x2986, 0x2986, 0x2986, 0x2986, 0x2986,
  0x2986, 0x2186, 0x2986, 0x2186, 0x2986, 0x2986, 0x2986, 0x2986, 0x2186, 0x2166, 0x2186, 0x2166,
  0x2166, 0x2146, 0x2146, 0x2166, 0x2146, 0x2146, 0x2145, 0x2146, 0x2145, 0x2145, 0x2145, 0x2145,
  0x2145, 0x2145, 0x2145, 0x2145, 0x1945, 0x2146, 0x2145, 0x2145, 0x2146, 0x2145, 0x2165, 0x2165,
  0x2145, 0x2145, 0x2145, 0x2145, 0x1925, 0x2145, 0x2145, 0x2145, 0x2145, 0x2145, 0x2145, 0x2145,
  0x2145, 0x2145, 0x2145, 0x2145, 0x2165, 0x2166, 0x2166, 0x2166, 0x2166, 0x2166, 0x2166, 0x2986,
  0x2186, 0x2186, 0x2186, 0x2186, 0x2986, 0x29A6, 0x2986, 0x29A7, 0x29A7, 0x29A6, 0x29A6, 0x29A7,
  0x31C7, 0x31C7, 0x29C7, 0x31C7, 0x29C7, 0x31C7, 0x31E7, 0x3A28, 0x3A28, 0x3A28, 0x3A49, 0x4249,
  0x3A29, 0x3A28, 0x3A08, 0x31E7, 0x3A08, 0x3207, 0x3A08, 0x3207, 0x31E7, 0x31C7, 0x31C7, 0x29C6,
  0x29C6, 0x31C7, 0x31C7, 0x29C7, 0x29A6, 0x29A6, 0x2986, 0x29A6, 0x2986, 0x2986, 0x2986, 0x2986,
  0x2986, 0x2166, 0x2986, 0x2166, 0x2145, 0x2166, 0x2166, 0x2166, 0x2166, 0x2166, 0x2166, 0x2166,
  0x2145, 0x2186, 0x2986, 0x29A6, 0x29A6, 0x2986, 0x2986, 0x2986, 0x2986, 0x2986, 0x2986, 0x2186,
  0x2165, 0x2186, 0x2166, 0x2165, 0x2165, 0x2165, 0x1945, 0x1945, 0x2145, 0x2145, 0x2145, 0x2145,
  0x1945, 0x2145, 0x2145, 0x1925, 0x1925, 0x1925, 0x1945, 0x2165, 0x2166, 0x2145, 0x2165, 0x2145,
  0x2165, 0x2145, 0x1945, 0x2165, 0x1945, 0x1945, 0x2145, 0x1945, 0x2145, 0x2145, 0x1945, 0x1945,
  0x1945, 0x1945, 0x1925, 0x1925, 0x2145, 0x1925, 0x1925, 0x1925, 0x1904, 0x2144, 0x29A3, 0x4264,
  0x2982, 0x1923, 0x2143, 0x1902, 0x2143, 0x2162, 0x2983, 0x1902, 0x10A3, 0x08A3, 0x10A3, 0x10A3,
  0x10C3, 0x10C3, 0x10C3, 0x10C3, 0x10C3, 0x10C3, 0x10C3, 0x10E3, 0x10E3, 0x10E3, 0x10E3, 0x10E3,
  0x10C3, 0x10C3, 0x10C3, 0x10C3, 0x10C3, 0x10C3, 0x10C3, 0x10C3, 0x10C3, 0x10C3, 0x10C3, 0x10C3,
  0x10C3, 0x10C3, 0x10C3, 0x10C3, 0x10C3, 0x10C3, 0x10C3, 0x10C3, 0x10C3, 0x10C3, 0x10C3, 0x10C3,
  0x10C3, 0x10C3, 0x10E4, 0x10E3, 0x10E4, 0x10E3, 0x10E3, 0x10E4, 0x10E4, 0x10E3, 0x10E3, 0x10E4,
  0x10E4, 0x10E3, 0x1904, 0x1904, 0x1904, 0x1924, 0x1904, 0x1103, 0x1904, 0x1924, 0x1924, 0x1945,
  0x1925, 0x1925, 0x1925, 0x1924, 0x1904, 0x1904, 0x1904, 0x1904, 0x1904, 0x1904, 0x1904, 0x1904,
  0x1904, 0x1925, 0x1925, 0x1904, 0x1904, 0x1904, 0x1924, 0x1924, 0x1924, 0x1904, 0x1904, 0x1924,
  0x2145, 0x2166, 0x2166, 0x2166, 0x2166, 0x2166, 0x2166, 0x2166, 0x2986, 0x2186, 0x2166, 0x2145,
  0x2165, 0x2165, 0x2165, 0x2166, 0x2166, 0x2166, 0x2146, 0x2146, 0x2146, 0x2166, 0x2986, 0x2986,
  0x2186, 0x29A6, 0x2186, 0x2186, 0x2186, 0x2986, 0x2986, 0x29A6, 0x29A6, 0x29A6, 0x2986, 0x2986,
  0x2986, 0x2986, 0x2986, 0x2986, 0x2986, 0x2986, 0x2986, 0x2986, 0x2986, 0x2186, 0x2986, 0x29A6,
  0x2986, 0x2986, 0x2986, 0x2986, 0x2186, 0x2186, 0x2186, 0x2186, 0x2166, 0x2166, 0x2146, 0x2166,
  0x2166, 0x2146, 0x2166, 0x2146, 0x2146, 0x2145, 0x2145, 0x2146, 0x2146, 0x2146, 0x2145, 0x2145,
  0x2145, 0x1945, 0x1945, 0x2146, 0x2166, 0x2145, 0x2165, 0x2165, 0x2145, 0x1945, 0x2125, 0x2145,
  0x2145, 0x1925, 0x1925, 0x1925, 0x2145, 0x2145, 0x2145, 0x2145, 0x2145, 0x2145, 0x2145, 0x2165,
  0x2145, 0x2165, 0x2165, 0x2165, 0x2165, 0x2165, 0x2165, 0x2166, 0x2166, 0x2166, 0x2986, 0x2186,
  0x2986, 0x2986, 0x2986, 0x2986, 0x29A7, 0x29A7, 0x29A6, 0x29A7, 0x29A7, 0x29A6, 0x29A7, 0x29A7,
  0x29A7, 0x29C7, 0x29C7, 0x3208, 0x3A28, 0x3A48, 0x3A28, 0x3A29, 0x3A28, 0x3A08, 0x31E7, 0x31E8,
  0x31E8, 0x31E8, 0x31E7, 0x31E7, 0x31C7, 0x31E7, 0x31E7, 0x31C7, 0x29C7, 0x31C6, 0x31C6, 0x29A6,
  0x2986, 0x2986, 0x2986, 0x2986, 0x2986, 0x2986, 0x2986, 0x2166, 0x2166, 0x2166, 0x2166, 0x2165,
  0x2145, 0x2166, 0x2186, 0x2186, 0x2166, 0x2186, 0x2166, 0x2166, 0x2165, 0x2165, 0x2986, 0x2986,
  0x2186, 0x2186, 0x2186, 0x2186, 0x2166, 0x2186, 0x2165, 0x2165, 0x2186, 0x2166, 0x2145, 0x1945,
  0x2145, 0x2145, 0x2165, 0x1945, 0x2146, 0x2145, 0x1945, 0x2145, 0x1925, 0x1945, 0x1945, 0x1925,
  0x1925, 0x1925, 0x2145, 0x2165, 0x2165, 0x2165, 0x2145, 0x2165, 0x2165, 0x2165, 0x1945, 0x1925,
  0x2145, 0x1924, 0x1925, 0x1924, 0x1945, 0x1925, 0x1925, 0x1925, 0x1925, 0x1925, 0x1925, 0x1944,
  0x2165, 0x2145, 0x1924, 0x1924, 0x1944, 0x29A4, 0x2162, 0x3A23, 0x31E3, 0x2142, 0x1922, 0x1902,
  0x2143, 0x31E4, 0x2162, 0x2143, 0x08A3, 0x10A3, 0x10A3, 0x10A3, 0x08A2, 0x08A3, 0x10C3, 0x10C3,
  0x10C3, 0x10C3, 0x10C3, 0x10C3, 0x10C3, 0x10C3, 0x10E3, 0x10E3, 0x10E3, 0x10C3, 0x10C3, 0x10C3,
  0x10E3, 0x10C3, 0x10C3, 0x10C3, 0x10E3, 0x10C3, 0x10C3, 0x10C3, 0x10C3, 0x10C3, 0x10C3, 0x10C3,
  0x10C3, 0x10C3, 0x10C3, 0x10C3, 0x10C3, 0x10C3, 0x10C3, 0x10C3, 0x10C3, 0x10C3, 0x10E3, 0x10E3,
  0x10E3, 0x10E4, 0x10E4, 0x10E3, 0x10E3, 0x10E4, 0x10E3, 0x10E4, 0x1904, 0x10E3, 0x1104, 0x1904,
  0x1904, 0x1904, 0x1904, 0x1904, 0x1904, 0x1924, 0x1924, 0x2145, 0x1924, 0x1924, 0x1924, 0x1924,
  0x1924, 0x1904, 0x1925, 0x1904, 0x1904, 0x1904, 0x1904, 0x1904, 0x1904, 0x1904, 0x1925, 0x1904,
  0x1904, 0x1904, 0x1904, 0x1925, 0x1925, 0x1904, 0x1925, 0x2145, 0x2145, 0x2145, 0x2145, 0x2166,
  0x2166, 0x2166, 0x2166, 0x2166, 0x2986, 0x2186, 0x2165, 0x2145, 0x2145, 0x2145, 0x2145, 0x2146,
  0x2145, 0x1925, 0x2125, 0x2146, 0x2145, 0x2145, 0x2166, 0x2166, 0x2186, 0x2986, 0x2986, 0x2186,
  0x2986, 0x2186, 0x2186, 0x2186, 0x2986, 0x2986, 0x2986, 0x2986, 0x2986, 0x2986, 0x2986, 0x2986,
  0x2986, 0x2986, 0x2986, 0x2986, 0x2986, 0x2186, 0x2186, 0x2986, 0x2986, 0x29A6, 0x29A6, 0x2986,
  0x2186, 0x2186, 0x2186, 0x2186, 0x2166, 0x2166, 0x2166, 0x2166, 0x2166, 0x2146, 0x2166, 0x2166,
  0x2166, 0x2166, 0x2145, 0x2166, 0x2166, 0x2166, 0x2166, 0x2145, 0x2146, 0x2145, 0x1945, 0x2145,
  0x2145, 0x2145, 0x2145, 0x2165, 0x1944, 0x1925, 0x2145, 0x2145, 0x2145, 0x1945, 0x1925, 0x1945,
  0x1925, 0x1945, 0x2145, 0x2145, 0x2145, 0x1945, 0x2145, 0x2145, 0x2165, 0x2165, 0x2165, 0x2165,
  0x2165, 0x2145, 0x2165, 0x2166, 0x2166, 0x2166, 0x2166, 0x2166, 0x2186, 0x2986, 0x2186, 0x2186,
  0x29A6, 0x29A6, 0x2986, 0x29A6, 0x29A6, 0x2986, 0x29A7, 0x29A7, 0x29A6, 0x29A7, 0x29A7, 0x31E7,
  0x31E8, 0x3208, 0x3208, 0x3A08, 0x31E8, 0x3A08, 0x31E7, 0x31E7, 0x31E7, 0x31E7, 0x31E7, 0x31C7,
  0x31C7, 0x31C7, 0x31C7, 0x31C7, 0x31A7, 0x29A6, 0x29A6, 0x29A6, 0x2986, 0x2986, 0x2986, 0x2166,
  0x2166, 0x2986, 0x2986, 0x2986, 0x2986, 0x2166, 0x2145, 0x2145, 0x2145, 0x2166, 0x2986, 0x29A7,
  0x2986, 0x2986, 0x2166, 0x2165, 0x2165, 0x2186, 0x2986, 0x2186, 0x2186, 0x2166, 0x2186, 0x2186,
  0x2166, 0x2165, 0x2165, 0x2166, 0x2165, 0x2145, 0x2145, 0x1925, 0x1925, 0x1925, 0x1945, 0x2145,
  0x2145, 0x1925, 0x1945, 0x1945, 0x1925, 0x1925, 0x1945, 0x1925, 0x1925, 0x1925, 0x1945, 0x2145,
  0x2165, 0x2165, 0x2145, 0x2165, 0x2145, 0x1925, 0x1924, 0x1924, 0x1925, 0x1904, 0x1925, 0x1925,
  0x1925, 0x1925, 0x1905, 0x1925, 0x1925, 0x1925, 0x1925, 0x29A5, 0x31E5, 0x29A5, 0x2164, 0x1903,
  0x2144, 0x31C3, 0x3A23, 0x4244, 0x29A2, 0x31E2, 0x29A2, 0x1922, 0x2983, 0x2162, 0x2121, 0x1902,
  0x08A3, 0x10A3, 0x10A3, 0x10A2, 0x10A2, 0x10C3, 0x08A3, 0x10C3, 0x10C3, 0x10C3, 0x08A3, 0x08A3,
  0x10C3, 0x10C3, 0x10E3, 0x10E4, 0x10E3, 0x10C3, 0x10C3, 0x10C3, 0x10C3, 0x10C3, 0x10C3, 0x10C3,
  0x10C3, 0x10C3, 0x10C3, 0x10C3, 0x10A3, 0x10C3, 0x10C3, 0x10C3, 0x10C3, 0x10C3, 0x10C3, 0x10C3,
  0x10C3, 0x10C3, 0x10E3, 0x10C3, 0x10E3, 0x10E3, 0x10E3, 0x10E3, 0x10E4, 0x10E4, 0x10E4, 0x10E4,
  0x10E3, 0x10E4, 0x10E3, 0x10E3, 0x10E4, 0x10E4, 0x10E4, 0x10E4, 0x1904, 0x1904, 0x1904, 0x1924,
  0x1924, 0x1904, 0x1924, 0x1924, 0x2144, 0x2144, 0x2145, 0x2166, 0x1925, 0x1905, 0x1905, 0x1905,
  0x1904, 0x1905, 0x1904, 0x1904, 0x1905, 0x1904, 0x1904, 0x1904, 0x1905, 0x1905, 0x18E4, 0x1905,
  0x1905, 0x1904, 0x1904, 0x1924, 0x1924, 0x1924, 0x2145, 0x2166, 0x2166, 0x2166, 0x2166, 0x2166,
  0x2165, 0x2165, 0x2165, 0x2146, 0x1945, 0x2145, 0x2145, 0x1945, 0x1945, 0x1945, 0x1925, 0x2125,
  0x2125, 0x2145, 0x2146, 0x2165, 0x2165, 0x2166, 0x2186, 0x2186, 0x2986, 0x2186, 0x2186, 0x2186,
  0x2186, 0x2186, 0x2186, 0x2986, 0x2186, 0x2186, 0x2186, 0x2186, 0x2986, 0x2986, 0x2166, 0x2986,
  0x2186, 0x2986, 0x2986, 0x2986, 0x2987, 0x2987, 0x2186, 0x2186, 0x2986, 0x2986, 0x2186, 0x2186,
  0x2166, 0x2166, 0x2166, 0x2166, 0x2186, 0x2166, 0x2186, 0x2186, 0x2186, 0x2165, 0x2165, 0x2186,
  0x2186, 0x2166, 0x2165, 0x2165, 0x2146, 0x2165, 0x2145, 0x1945, 0x2145, 0x2165, 0x2145, 0x2145,
  0x2145, 0x2125, 0x1945, 0x1945, 0x1945, 0x1945, 0x1925, 0x1924, 0x1925, 0x1945, 0x1945, 0x1945,
  0x1924, 0x1945, 0x2145, 0x2145, 0x2165, 0x2165, 0x2165, 0x2166, 0x2166, 0x2165, 0x2165, 0x2166,
  0x2166, 0x2166, 0x2166, 0x2166, 0x2186, 0x2986, 0x2186, 0x2186, 0x2986, 0x29A7, 0x29A7, 0x2986,
  0x2186, 0x29A7, 0x29A7, 0x29A7, 0x29A6, 0x29A6, 0x2986, 0x29C7, 0x31E7, 0x31C7, 0x31E7, 0x31E7,
  0x31C7, 0x31E7, 0x31E7, 0x31E7, 0x31E7, 0x31E7, 0x31E7, 0x31C7, 0x31C6, 0x31A6, 0x31C7, 0x31C7,
  0x31C7, 0x2986, 0x2986, 0x2986, 0x2166, 0x2166, 0x2986, 0x2166, 0x2166, 0x2986, 0x2186, 0x2986,
  0x2166, 0x2166, 0x2146, 0x2146, 0x2146, 0x2166, 0x2986, 0x2986, 0x2986, 0x2166, 0x2165, 0x2165,
  0x2165, 0x2186, 0x2986, 0x2186, 0x2166, 0x2166, 0x2166, 0x2166, 0x2166, 0x2166, 0x2166, 0x2166,
  0x2146, 0x2145, 0x2145, 0x1945, 0x1925, 0x1925, 0x1925, 0x1945, 0x1925, 0x1925, 0x1925, 0x1925,
  0x1925, 0x1925, 0x1925, 0x1925, 0x1925, 0x1925, 0x1925, 0x1945, 0x1945, 0x1945, 0x2145, 0x1945,
  0x1925, 0x2145, 0x1904, 0x1904, 0x1904, 0x1905, 0x1905, 0x1905, 0x1925, 0x2125, 0x1925, 0x1905,
  0x1925, 0x1924, 0x1925, 0x3206, 0x3A45, 0x29A3, 0x29A4, 0x1943, 0x29A5, 0x39E3, 0x31E2, 0x3A44,
  0x31C3, 0x4A63, 0x3A43, 0x1921, 0x2162, 0x2982, 0x1922, 0x1903, 0x10A3, 0x10A3, 0x10A3, 0x10A3,
  0x10C3, 0x08A3, 0x08A2, 0x08A3, 0x10C3, 0x08A3, 0x08A3, 0x08A3, 0x10C3, 0x10C3, 0x10C3, 0x10E4,
  0x10E3, 0x10E3, 0x10C3, 0x10C3, 0x10C3, 0x10C3, 0x10C3, 0x10C3, 0x10C3, 0x10A3, 0x10C3, 0x10C3,
  0x10C3, 0x10C3, 0x10A3, 0x10C3, 0x10C3, 0x10C3, 0x10C3, 0x10C3, 0x10C3, 0x10C3, 0x10C3, 0x10C3,
  0x10C3, 0x10E3, 0x10E3, 0x10E3, 0x10E3, 0x10C3, 0x10E3, 0x10E4, 0x10C3, 0x10E4, 0x10E3, 0x10E3,
  0x10C3, 0x10E3, 0x10E4, 0x10E4, 0x10E4, 0x10E4, 0x1103, 0x1903, 0x1904, 0x1904, 0x1924, 0x1904,
  0x1924, 0x1944, 0x1925, 0x1925, 0x1904, 0x1904, 0x1904, 0x1905, 0x1905, 0x1904, 0x1904, 0x1904,
  0x1905, 0x1904, 0x1904, 0x1904, 0x1905, 0x1905, 0x1904, 0x1904, 0x1904, 0x1904, 0x1904, 0x1904,
  0x1924, 0x1925, 0x1945, 0x2146, 0x2166, 0x2146, 0x2166, 0x2145, 0x2165, 0x2145, 0x2145, 0x1945,
  0x1925, 0x2145, 0x2145, 0x1925, 0x1925, 0x1925, 0x1925, 0x1925, 0x1925, 0x1925, 0x2125, 0x2145,
  0x2165, 0x2165, 0x2166, 0x2166, 0x2186, 0x2186, 0x2186, 0x2186, 0x2166, 0x2186, 0x2166, 0x2186,
  0x2166, 0x2166, 0x2166, 0x2186, 0x2186, 0x2186, 0x2186, 0x2986, 0x2186, 0x2986, 0x2986, 0x2986,
  0x2986, 0x2986, 0x2986, 0x2166, 0x2166, 0x2166, 0x2186, 0x2186, 0x2166, 0x2166, 0x2166, 0x2186,
  0x2166, 0x2166, 0x2166, 0x2186, 0x2186, 0x2186, 0x2166, 0x2986, 0x2986, 0x2166, 0x2166, 0x2166,
  0x2146, 0x2145, 0x2145, 0x2165, 0x2165, 0x2165, 0x2165, 0x2145, 0x2145, 0x1925, 0x1945, 0x1945,
  0x1945, 0x1945, 0x1925, 0x1925, 0x1925, 0x2145, 0x2145, 0x1945, 0x1924, 0x1945, 0x1945, 0x1945,
  0x2165, 0x2145, 0x2165, 0x2166, 0x2166, 0x2145, 0x2145, 0x2166, 0x2146, 0x2166, 0x2166, 0x2166,
  0x2166, 0x2186, 0x2166, 0x2166, 0x2186, 0x29A7, 0x2186, 0x2986, 0x2986, 0x29A7, 0x2986, 0x2986,
  0x2986, 0x2186, 0x2986, 0x29A6, 0x29A7, 0x29A6, 0x31C7, 0x31C7, 0x31C7, 0x31C7, 0x31C7, 0x31C7,
  0x31C7, 0x31C7, 0x31C7, 0x29A7, 0x29A7, 0x29A7, 0x31C7, 0x29A7, 0x2986, 0x2986, 0x2986, 0x2166,
  0x2166, 0x2166, 0x2166, 0x2166, 0x2166, 0x2166, 0x2166, 0x2986, 0x2166, 0x2166, 0x2146, 0x2145,
  0x2145, 0x2145, 0x2166, 0x2166, 0x2166, 0x2166, 0x2165, 0x2165, 0x2166, 0x2166, 0x2166, 0x2166,
  0x2165, 0x2145, 0x2165, 0x2165, 0x2165, 0x2145, 0x2146, 0x2145, 0x2145, 0x1925, 0x1925, 0x1925,
  0x1925, 0x1925, 0x1925, 0x1925, 0x1925, 0x1925, 0x1925, 0x1925, 0x1925, 0x1925, 0x1925, 0x1925,
  0x1925, 0x1925, 0x1925, 0x1924, 0x1925, 0x1925, 0x1945, 0x1945, 0x1904, 0x1924, 0x1925, 0x1904,
  0x1904, 0x1904, 0x1904, 0x1905, 0x1925, 0x1925, 0x1925, 0x1905, 0x1925, 0x1925, 0x1925, 0x2144,
  0x2142, 0x2984, 0x2163, 0x2163, 0x29C5, 0x31E3, 0x3203, 0x2160, 0x3A03, 0x4A83, 0x4264, 0x2141,
  0x2142, 0x1942, 0x1902, 0x10E3, 0x10A3, 0x10A3, 0x10A3, 0x10A3, 0x10A2, 0x08A3, 0x08A3, 0x08A3,
  0x08A3, 0x08A3, 0x10C3, 0x08A3, 0x10C3, 0x10C3, 0x10C3, 0x10C3, 0x10C3, 0x10E3, 0x10E3, 0x10E4,
  0x10E3, 0x10C3, 0x10C3, 0x10C3, 0x10A3, 0x10A3, 0x10A3, 0x10C3, 0x10C3, 0x10A3, 0x10C3, 0x10C3,
  0x10C3, 0x10C3, 0x10C3, 0x10C3, 0x10C3, 0x10C3, 0x10C3, 0x10C3, 0x10C3, 0x10C3, 0x10C3, 0x10C3,
  0x10C3, 0x10C3, 0x10C3, 0x10C3, 0x10C3, 0x10E3, 0x10E4, 0x10E4, 0x10E3, 0x10E4, 0x10E4, 0x10E3,
  0x10E4, 0x1904, 0x10E3, 0x1103, 0x1904, 0x1904, 0x1924, 0x1904, 0x1903, 0x1924, 0x1924, 0x1904,
  0x1904, 0x18E4, 0x1904, 0x1905, 0x1905, 0x1904, 0x18E4, 0x10E4, 0x1904, 0x1904, 0x1905, 0x1904,
  0x18E4, 0x1904, 0x1904, 0x18E4, 0x1904, 0x1904, 0x1904, 0x1904, 0x1925, 0x2145, 0x2145, 0x2146,
  0x2146, 0x2166, 0x2166, 0x2165, 0x2165, 0x2166, 0x2145, 0x1925, 0x1925, 0x1945, 0x1945, 0x1925,
  0x1905, 0x1925, 0x1905, 0x1905, 0x1905, 0x1925, 0x1925, 0x2145, 0x2145, 0x2145, 0x2145, 0x2165,
  0x2165, 0x2165, 0x2166, 0x2165, 0x2165, 0x2166, 0x2166, 0x2166, 0x2166, 0x2166, 0x2166, 0x2166,
  0x2166, 0x2166, 0x2166, 0x2186, 0x2186, 0x2166, 0x2186, 0x2166, 0x2186, 0x2186, 0x2986, 0x2186,
  0x2166, 0x2166, 0x2166, 0x2166, 0x2166, 0x2166, 0x2166, 0x2166, 0x2166, 0x2166, 0x2166, 0x2986,
  0x2986, 0x2186, 0x2986, 0x2186, 0x2986, 0x2186, 0x2186, 0x2166, 0x2166, 0x2145, 0x2165, 0x2166,
  0x2165, 0x2165, 0x2145, 0x2145, 0x2145, 0x1925, 0x1945, 0x2145, 0x1945, 0x1924, 0x1945, 0x1925,
  0x1945, 0x1945, 0x1945, 0x2145, 0x1945, 0x1925, 0x1925, 0x1945, 0x2145, 0x2145, 0x2145, 0x2146,
  0x2145, 0x2145, 0x2145, 0x2145, 0x2146, 0x2166, 0x2166, 0x2166, 0x2166, 0x2166, 0x2166, 0x2186,
  0x2186, 0x2986, 0x2186, 0x2186, 0x2186, 0x2186, 0x2186, 0x2986, 0x2987, 0x2986, 0x2166, 0x2166,
  0x2166, 0x2186, 0x2986, 0x29A7, 0x31C7, 0x29C7, 0x29A7, 0x29A7, 0x29A7, 0x31C7, 0x31C7, 0x29A6,
  0x29A6, 0x29A6, 0x29A6, 0x2986, 0x2986, 0x2986, 0x2166, 0x2166, 0x2166, 0x2145, 0x2165, 0x2145,
  0x2166, 0x2166, 0x2166, 0x2166, 0x2166, 0x2165, 0x2166, 0x2166, 0x2145, 0x2145, 0x2165, 0x2165,
  0x2165, 0x2166, 0x2986, 0x2165, 0x2145, 0x2165, 0x2186, 0x2165, 0x2145, 0x2145, 0x2145, 0x2145,
  0x1945, 0x1945, 0x2145, 0x1945, 0x1925, 0x1925, 0x1925, 0x1925, 0x1925, 0x1925, 0x1925, 0x1925,
  0x1925, 0x1925, 0x1925, 0x1905, 0x1925, 0x1925, 0x1925, 0x1925, 0x1925, 0x1905, 0x1904, 0x1904,
  0x1904, 0x1925, 0x1925, 0x1925, 0x1924, 0x1904, 0x1904, 0x1904, 0x1904, 0x1904, 0x1904, 0x1904,
  0x1905, 0x1925, 0x1924, 0x1924, 0x1925, 0x1925, 0x1904, 0x10E2, 0x2143, 0x29A4, 0x2162, 0x2163,
  0x2184, 0x21A3, 0x3202, 0x3202, 0x4223, 0x4242, 0x39E2, 0x2142, 0x1922, 0x2162, 0x1102, 0x10E2,
  0x08A3, 0x10A3, 0x10A3, 0x10A3, 0x10C3, 0x08C3, 0x10C3, 0x08A3, 0x08A3, 0x08A3, 0x08A3, 0x08A3,
  0x10C3, 0x10C3, 0x10C3, 0x10C3, 0x10C3, 0x10C3, 0x10E3, 0x10E3, 0x10C3, 0x10A3, 0x10C3, 0x10C3,
  0x10A3, 0x10A3, 0x10A3, 0x10A3, 0x10A3, 0x10C3, 0x10A3, 0x10C3, 0x10C3, 0x10C3, 0x10C3, 0x10C3,
  0x10C3, 0x10C3, 0x10C3, 0x10C3, 0x10C3, 0x10C3, 0x10C3, 0x10C3, 0x10C3, 0x10C3, 0x10C3, 0x10E3,
  0x10E4, 0x10E3, 0x10C3, 0x10E4, 0x10E4, 0x10E4, 0x10E3, 0x10E4, 0x10E4, 0x1904, 0x1904, 0x1904,
  0x10E3, 0x1103, 0x1904, 0x1924, 0x1924, 0x1924, 0x1904, 0x10E4, 0x10E4, 0x1904, 0x1905, 0x1905,
  0x1904, 0x1904, 0x10E4, 0x1904, 0x1904, 0x1905, 0x1905, 0x18E4, 0x10E4, 0x10E4, 0x10E4, 0x10E4,
  0x10E4, 0x1904, 0x1904, 0x1904, 0x1904, 0x1925, 0x1945, 0x1945, 0x1945, 0x2145, 0x2166, 0x2145,
  0x2145, 0x2145, 0x2145, 0x1945, 0x1925, 0x1925, 0x1925, 0x1925, 0x1925, 0x1904, 0x1904, 0x1904,
  0x1905, 0x1925, 0x2125, 0x2145, 0x2145, 0x1945, 0x2165, 0x2165, 0x2145, 0x2145, 0x2145, 0x2145,
  0x2145, 0x2145, 0x2166, 0x2166, 0x2146, 0x2146, 0x2166, 0x2166, 0x2166, 0x2166, 0x2186, 0x2166,
  0x2166, 0x2166, 0x2186, 0x2166, 0x2166, 0x2166, 0x2166, 0x2166, 0x2166, 0x2166, 0x2166, 0x2166,
  0x2166, 0x2166, 0x2166, 0x2166, 0x2166, 0x2186, 0x2986, 0x29A6, 0x2986, 0x2986, 0x2986, 0x2186,
  0x2986, 0x2986, 0x2186, 0x2186, 0x2166, 0x2166, 0x2186, 0x2166, 0x2165, 0x2985, 0x2165, 0x2165,
  0x2165, 0x2145, 0x1945, 0x1945, 0x2145, 0x1945, 0x1945, 0x1925, 0x1945, 0x1945, 0x1925, 0x2145,
  0x1924, 0x1925, 0x1945, 0x2145, 0x2145, 0x1945, 0x2145, 0x2145, 0x2145, 0x2146, 0x2146, 0x2145,
  0x2146, 0x2166, 0x2166, 0x2166, 0x2166, 0x2166, 0x2166, 0x2186, 0x2186, 0x2186, 0x2186, 0x2186,
  0x2986, 0x29A7, 0x2186, 0x2186, 0x2166, 0x2986, 0x2166, 0x2166, 0x2186, 0x2986, 0x2986, 0x2186,
  0x29C7, 0x29C7, 0x29A7, 0x29A7, 0x29A7, 0x31C7, 0x29A7, 0x29A6, 0x29A6, 0x29A6, 0x2986, 0x2186,
  0x2986, 0x2986, 0x2186, 0x2166, 0x2165, 0x2166, 0x2145, 0x2145, 0x2166, 0x2166, 0x2166, 0x2166,
  0x2166, 0x2166, 0x29A6, 0x2986, 0x2166, 0x2165, 0x2165, 0x29A6, 0x2986, 0x2986, 0x29A6, 0x2986,
  0x2186, 0x2986, 0x2186, 0x2165, 0x2145, 0x2165, 0x2166, 0x2186, 0x2145, 0x1925, 0x1925, 0x1925,
  0x1925, 0x1925, 0x1925, 0x1925, 0x1925, 0x1925, 0x1925, 0x1904, 0x1904, 0x1904, 0x1904, 0x1905,
  0x1925, 0x1925, 0x1925, 0x1925, 0x1925, 0x1904, 0x10E4, 0x10E4, 0x1904, 0x1905, 0x1905, 0x1904,
  0x1904, 0x1904, 0x1904, 0x1904, 0x1904, 0x18E4, 0x1904, 0x1905, 0x1904, 0x1904, 0x1924, 0x1925,
  0x1925, 0x1925, 0x2144, 0x29A5, 0x2984, 0x2142, 0x2162, 0x2163, 0x1923, 0x29C4, 0x4264, 0x4263,
  0x3A03, 0x31E2, 0x2981, 0x29A4, 0x2143, 0x2142, 0x1102, 0x10E2, 0x0882, 0x10A3, 0x10A3, 0x10A2,
  0x08A2, 0x08A3, 0x08A3, 0x08A3, 0x08A2, 0x08A3, 0x08A2, 0x08A2, 0x08A3, 0x08A3, 0x10C3, 0x10C3,
  0x10C3, 0x10C3, 0x10E3, 0x10C3, 0x10C3, 0x10A3, 0x10C3, 0x10C3, 0x10A3, 0x10A3, 0x10A3, 0x10A3,
  0x10C3, 0x10C3, 0x10C3, 0x10C3, 0x08A3, 0x08A3, 0x10C3, 0x10C3, 0x10C3, 0x10C3, 0x10C3, 0x10C3,
  0x10C3, 0x10C3, 0x10C3, 0x10C3, 0x10C3, 0x10C3, 0x10C3, 0x10C3, 0x10C3, 0x10E3, 0x10E3, 0x10E3,
  0x10E3, 0x10E3, 0x10E3, 0x10E3, 0x10E4, 0x1904, 0x1904, 0x1904, 0x1103, 0x1904, 0x1104, 0x1903,
  0x1904, 0x1904, 0x1904, 0x10E4, 0x1904, 0x1904, 0x1904, 0x1905, 0x18E4, 0x10E4, 0x10E4, 0x1904,
  0x1904, 0x1904, 0x1904, 0x18E4, 0x18E4, 0x10E4, 0x18E4, 0x10E4, 0x10E4, 0x10E4, 0x1904, 0x1904,
  0x1924, 0x1925, 0x1945, 0x1945, 0x1945, 0x1945, 0x2165, 0x2165, 0x1945, 0x1945, 0x1925, 0x1945,
  0x1925, 0x1925, 0x1904, 0x1904, 0x1904, 0x1904, 0x1904, 0x1904, 0x1905, 0x1925, 0x1925, 0x1945,
  0x1925, 0x1925, 0x1945, 0x2145, 0x2145, 0x2145, 0x2165, 0x2145, 0x1925, 0x2145, 0x2145, 0x2145,
  0x2145, 0x2166, 0x2166, 0x2166, 0x2146, 0x2146, 0x2166, 0x2166, 0x2166, 0x2166, 0x2166, 0x2166,
  0x2166, 0x2166, 0x2166, 0x2166, 0x2166, 0x2166, 0x2166, 0x2166, 0x2166, 0x2166, 0x2166, 0x2166,
  0x2166, 0x2186, 0x2186, 0x2986, 0x2986, 0x2986, 0x2186, 0x2186, 0x2186, 0x2186, 0x2166, 0x2186,
  0x2166, 0x2166, 0x2166, 0x2186, 0x2166, 0x2165, 0x2165, 0x2165, 0x2145, 0x2145, 0x2145, 0x1945,
  0x2145, 0x1945, 0x2145, 0x1945, 0x1945, 0x2145, 0x1945, 0x1945, 0x1945, 0x1925, 0x1925, 0x1945,
  0x1945, 0x1945, 0x2145, 0x1925, 0x2146, 0x2146, 0x2146, 0x2145, 0x2145, 0x2146, 0x2146, 0x2146,
  0x2146, 0x2166, 0x2166, 0x2166, 0x2166, 0x2186, 0x2166, 0x2186, 0x2186, 0x2186, 0x2186, 0x2166,
  0x2166, 0x2166, 0x2166, 0x2186, 0x2186, 0x2986, 0x2987, 0x2986, 0x29A7, 0x29C7, 0x29A7, 0x29A6,
  0x29A7, 0x2986, 0x29A6, 0x2986, 0x29A6, 0x2986, 0x2186, 0x2166, 0x2166, 0x2166, 0x2986, 0x2166,
  0x2165, 0x2165, 0x2145, 0x2145, 0x2166, 0x2166, 0x2986, 0x2166, 0x2986, 0x2986, 0x2186, 0x2166,
  0x2165, 0x2165, 0x2986, 0x2986, 0x2986, 0x2986, 0x2165, 0x2165, 0x2166, 0x2145, 0x2145, 0x2145,
  0x2145, 0x2165, 0x2165, 0x2165, 0x2145, 0x1925, 0x1925, 0x1925, 0x1905, 0x1925, 0x1925, 0x1925,
  0x1925, 0x1925, 0x1905, 0x1905, 0x1905, 0x1905, 0x1904, 0x1905, 0x1905, 0x1905, 0x1905, 0x1905,
  0x1905, 0x1925, 0x18E5, 0x18E5, 0x18E5, 0x1905, 0x1905, 0x1904, 0x10E4, 0x10E4, 0x1904, 0x1904,
  0x10E4, 0x1904, 0x1904, 0x1905, 0x1904, 0x1905, 0x1905, 0x1905, 0x1925, 0x1904, 0x2184, 0x2984,
  0x2143, 0x2142, 0x2983, 0x1943, 0x2144, 0x1942, 0x31C2, 0x4243, 0x31C3, 0x29C2, 0x2182, 0x2163,
  0x1902, 0x2162, 0x2983, 0x1902, 0x08A2, 0x10A3, 0x10A3, 0x08A2, 0x10A3, 0x10A3, 0x10A3, 0x10A3,
  0x0882, 0x10A3, 0x08A2, 0x0882, 0x08A2, 0x10A3, 0x10A3, 0x10C3, 0x10C3, 0x10C3, 0x10C3, 0x10C3,
  0x10C3, 0x10A3, 0x10A3, 0x10A3, 0x10A3, 0x10A3, 0x08A3, 0x08C3, 0x08C3, 0x08C3, 0x08C3, 0x10C3,
  0x10C3, 0x10C3, 0x10C3, 0x10C3, 0x08A3, 0x10C3, 0x10C3, 0x10C3, 0x10C3, 0x10C3, 0x08A3, 0x08A3,
  0x10C3, 0x10C3, 0x10C3, 0x10C3, 0x10C3, 0x10C3, 0x10C3, 0x10C3, 0x10C3, 0x10C3, 0x10E3, 0x10E3,
  0x10E4, 0x10E4, 0x10E4, 0x10E4, 0x10E4, 0x1904, 0x1904, 0x10E4, 0x10E4, 0x1904, 0x1925, 0x1925,
  0x1904, 0x1904, 0x1904, 0x10E4, 0x10E4, 0x10E4, 0x10E4, 0x10E4, 0x1904, 0x1904, 0x1904, 0x10E4,
  0x10E3, 0x10E4, 0x10E4, 0x10E4, 0x10E4, 0x10E4, 0x10E4, 0x10E4, 0x1904, 0x1905, 0x1925, 0x1945,
  0x1945, 0x2145, 0x2165, 0x2165, 0x2145, 0x2145, 0x1945, 0x1945, 0x1925, 0x1925, 0x1904, 0x1904,
  0x18E4, 0x18E4, 0x1904, 0x18E4, 0x1904, 0x1905, 0x1905, 0x1925, 0x1925, 0x1925, 0x2145, 0x2125,
  0x2125, 0x2145, 0x2145, 0x1925, 0x1925, 0x1925, 0x1925, 0x2145, 0x2145, 0x2165, 0x2166, 0x2165,
  0x2166, 0x2165, 0x2165, 0x2165, 0x2165, 0x2166, 0x2166, 0x2166, 0x2166, 0x2166, 0x2166, 0x2166,
  0x2166, 0x2166, 0x2166, 0x2166, 0x2166, 0x2166, 0x2166, 0x2166, 0x2166, 0x2986, 0x2986, 0x2986,
  0x2986, 0x2186, 0x2186, 0x2186, 0x2986, 0x2186, 0x2186, 0x2186, 0x2166, 0x2166, 0x2166, 0x2165,
  0x2165, 0x2165, 0x2165, 0x2165, 0x2145, 0x2165, 0x2165, 0x2145, 0x2145, 0x2145, 0x2145, 0x2145,
  0x2145, 0x2145, 0x1945, 0x1945, 0x1924, 0x1925, 0x1945, 0x1925, 0x1925, 0x1945, 0x1925, 0x1925,
  0x1945, 0x2145, 0x1945, 0x2145, 0x2146, 0x2166, 0x2166, 0x2146, 0x2145, 0x2166, 0x2166, 0x2166,
  0x2166, 0x2186, 0x2166, 0x2166, 0x2166, 0x2166, 0x2166, 0x2166, 0x2166, 0x2166, 0x2166, 0x2166,
  0x2186, 0x2166, 0x2166, 0x2986, 0x29A7, 0x29A7, 0x29A6, 0x29A6, 0x29A6, 0x2986, 0x2986, 0x2986,
  0x2186, 0x2165, 0x2165, 0x2165, 0x2165, 0x2166, 0x2186, 0x2166, 0x2166, 0x2146, 0x2146, 0x2145,
  0x2145, 0x2165, 0x2165, 0x2186, 0x2986, 0x29A6, 0x2986, 0x2186, 0x2186, 0x2166, 0x2986, 0x2986,
  0x2166, 0x2165, 0x2165, 0x2165, 0x2165, 0x2145, 0x2186, 0x2166, 0x2145, 0x2145, 0x2145, 0x2145,
  0x1945, 0x1925, 0x1925, 0x1925, 0x1925, 0x1905, 0x1925, 0x1925, 0x1925, 0x1925, 0x1925, 0x1924,
  0x1904, 0x1905, 0x1904, 0x1905, 0x1905, 0x1904, 0x1904, 0x1904, 0x1925, 0x1945, 0x1905, 0x1905,
  0x1904, 0x1904, 0x1904, 0x1904, 0x10E4, 0x10E4, 0x10E4, 0x10E4, 0x10E4, 0x18E4, 0x18E4, 0x1904,
  0x1904, 0x1905, 0x1904, 0x1904, 0x1904, 0x1904, 0x1924, 0x2143, 0x2983, 0x29A3, 0x2142, 0x1922,
  0x1902, 0x10C3, 0x1901, 0x31E3, 0x31C2, 0x29A2, 0x31E2, 0x31C3, 0x2142, 0x1902, 0x2143, 0x1922,
  0x0882, 0x10A3, 0x08A2, 0x08A2, 0x10A3, 0x10A3, 0x10A3, 0x10A3, 0x10A3, 0x10A3, 0x0882, 0x08A2,
  0x0882, 0x08A2, 0x10A3, 0x10A3, 0x10C3, 0x10C3, 0x10C3, 0x10E3, 0x10C3, 0x10C3, 0x10C3, 0x10C3,
  0x10A3, 0x10A3, 0x10C3, 0x10C3, 0x08C3, 0x08A3, 0x08C3, 0x10C3, 0x10C3, 0x10C3, 0x10C3, 0x10C3,
  0x08A3, 0x08A3, 0x08A3, 0x08A3, 0x08A3, 0x10C3, 0x08A3, 0x10C3, 0x10C3, 0x10C3, 0x08A3, 0x10C3,
  0x10C3, 0x10C3, 0x10C3, 0x10C3, 0x10E3, 0x10C3, 0x10C3, 0x10E3, 0x10E4, 0x1904, 0x10E4, 0x10C3,
  0x10E4, 0x1904, 0x1904, 0x1904, 0x1904, 0x1924, 0x1924, 0x1904, 0x1904, 0x10E4, 0x10E4, 0x10E4,
  0x10E4, 0x10E4, 0x1904, 0x10E4, 0x1904, 0x1904, 0x1904, 0x10E4, 0x10E4, 0x10E4, 0x10E4, 0x10E4,
  0x10E4, 0x10E4, 0x10E4, 0x10E4, 0x10E4, 0x18E4, 0x1924, 0x1924, 0x1925, 0x2145, 0x2145, 0x2145,
  0x2145, 0x2165, 0x1945, 0x1945, 0x1925, 0x1904, 0x1904, 0x18E4, 0x1904, 0x1904, 0x18E4, 0x18E4,
  0x1905, 0x1905, 0x1904, 0x1905, 0x1925, 0x1925, 0x1925, 0x1925, 0x1925, 0x1925, 0x1925, 0x1925,
  0x1925, 0x1925, 0x1925, 0x2145, 0x1925, 0x2145, 0x2145, 0x2145, 0x2165, 0x2166, 0x2165, 0x2165,
  0x2145, 0x2166, 0x2166, 0x2166, 0x2166, 0x2166, 0x2166, 0x2166, 0x2166, 0x2166, 0x2166, 0x2166,
  0x2166, 0x2166, 0x2166, 0x2166, 0x2166, 0x2166, 0x2186, 0x2986, 0x2986, 0x2986, 0x2186, 0x2186,
  0x2186, 0x2986, 0x2185, 0x2186, 0x2186, 0x2186, 0x2186, 0x2186, 0x2165, 0x2145, 0x2165, 0x2165,
  0x2145, 0x2165, 0x2165, 0x2165, 0x2145, 0x2145, 0x2145, 0x1945, 0x1945, 0x1945, 0x1925, 0x1925,
  0x1924, 0x1925, 0x1925, 0x1925, 0x1925, 0x1925, 0x1945, 0x1945, 0x2145, 0x2145, 0x2145, 0x2145,
  0x2145, 0x2146, 0x2146, 0x2146, 0x2146, 0x2146, 0x2166, 0x2166, 0x2166, 0x2166, 0x2166, 0x2166,
  0x2166, 0x2146, 0x2166, 0x2166, 0x2166, 0x2166, 0x2166, 0x2166, 0x2166, 0x2146, 0x2146, 0x2166,
  0x2986, 0x2987, 0x29A6, 0x2986, 0x2986, 0x2166, 0x2166, 0x2186, 0x2165, 0x2165, 0x2165, 0x2166,
  0x2166, 0x2166, 0x2166, 0x2166, 0x2166, 0x2146, 0x2145, 0x2145, 0x2166, 0x2165, 0x2145, 0x2186,
  0x2986, 0x2986, 0x2986, 0x2186, 0x2166, 0x2166, 0x2986, 0x2166, 0x2145, 0x2166, 0x2166, 0x2165,
  0x2145, 0x2165, 0x2186, 0x2165, 0x2145, 0x1945, 0x1945, 0x1945, 0x1925, 0x1925, 0x1925, 0x1905,
  0x1905, 0x1905, 0x1925, 0x1925, 0x1925, 0x1925, 0x1925, 0x1904, 0x1904, 0x1904, 0x1904, 0x1904,
  0x1904, 0x1904, 0x1904, 0x1925, 0x2165, 0x2165, 0x1925, 0x1904, 0x1904, 0x1904, 0x1925, 0x1924,
  0x10E3, 0x10E4, 0x18E4, 0x10E4, 0x18E4, 0x18E4, 0x18E4, 0x1904, 0x1904, 0x1905, 0x1924, 0x1904,
  0x1905, 0x1905, 0x10C5, 0x2144, 0x29C3, 0x31C4, 0x2983, 0x2163, 0x10E1, 0x18E2, 0x10E2, 0x1901,
  0x2982, 0x2982, 0x31C2, 0x1901, 0x1902, 0x10E2, 0x1902, 0x1922, 0x08A2, 0x0882, 0x0882, 0x0882,
  0x10A3, 0x10A3, 0x10A3, 0x10A3, 0x08A2, 0x10A3, 0x10A3, 0x08A2, 0x08A2, 0x0882, 0x10A3, 0x08A2,
  0x10A3, 0x10C3, 0x10C3, 0x10C3, 0x10C3, 0x10C3, 0x10A3, 0x10A3, 0x10A3, 0x0882, 0x10C3, 0x08A3,
  0x08A3, 0x08A3, 0x10C3, 0x08A3, 0x08A3, 0x10C3, 0x10C3, 0x08A3, 0x08A3, 0x08A3, 0x08A3, 0x08A3,
  0x08A3, 0x10C3, 0x08A3, 0x10C3, 0x10C3, 0x08A3, 0x10C3, 0x10C3, 0x10C3, 0x10C3, 0x10C3, 0x10C3,
  0x10E3, 0x10E3, 0x10E3, 0x10E3, 0x10E3, 0x10E4, 0x10E4, 0x10C3, 0x10E3, 0x1904, 0x1904, 0x1904,
  0x1924, 0x1924, 0x1904, 0x1904, 0x10E3, 0x10E4, 0x10C3, 0x10E4, 0x10E4, 0x10E4, 0x1904, 0x10E4,
  0x1904, 0x10E4, 0x10E4, 0x1904, 0x10E4, 0x10E4, 0x10E4, 0x10E4, 0x10E4, 0x10E4, 0x10E4, 0x10C4,
  0x10E4, 0x10E4, 0x1104, 0x1904, 0x1925, 0x1945, 0x1925, 0x1945, 0x1925, 0x1945, 0x1945, 0x1925,
  0x1924, 0x1904, 0x1904, 0x1904, 0x1904, 0x1904, 0x10E4, 0x10E4, 0x1904, 0x1904, 0x1905, 0x1904,
  0x1904, 0x1924, 0x1904, 0x1924, 0x1925, 0x1925, 0x1925, 0x1945, 0x1925, 0x1925, 0x1925, 0x2145,
  0x1925, 0x1925, 0x2145, 0x2145, 0x2165, 0x2165, 0x2145, 0x2145, 0x2165, 0x2166, 0x2145, 0x2146,
  0x2166, 0x2166, 0x2146, 0x2145, 0x2146, 0x2146, 0x2146, 0x2146, 0x2166, 0x2166, 0x2166, 0x2166,
  0x2166, 0x2166, 0x2166, 0x2186, 0x2986, 0x2166, 0x2166, 0x2186, 0x2186, 0x2166, 0x2185, 0x2186,
  0x2186, 0x2186, 0x2165, 0x2185, 0x2165, 0x2145, 0x2145, 0x2145, 0x2165, 0x2165, 0x2165, 0x2165,
  0x2165, 0x2145, 0x2145, 0x2145, 0x1945, 0x1925, 0x1924, 0x1924, 0x1924, 0x1925, 0x1925, 0x1925,
  0x1925, 0x1925, 0x1945, 0x1945, 0x2145, 0x2146, 0x2146, 0x2145, 0x2145, 0x2145, 0x2145, 0x2146,
  0x2146, 0x2145, 0x2145, 0x2166, 0x2166, 0x2166, 0x2166, 0x2166, 0x2166, 0x2166, 0x2166, 0x2166,
  0x2166, 0x2166, 0x2145, 0x1945, 0x2166, 0x2146, 0x2146, 0x2145, 0x2166, 0x2986, 0x29A6, 0x2986,
  0x2186, 0x2166, 0x2186, 0x2186, 0x2145, 0x2165, 0x2145, 0x2165, 0x2165, 0x2166, 0x2166, 0x2166,
  0x2166, 0x2145, 0x1945, 0x2145, 0x2166, 0x2165, 0x2165, 0x2165, 0x2165, 0x2165, 0x2165, 0x2165,
  0x2145, 0x2145, 0x2165, 0x2165, 0x2166, 0x2165, 0x2145, 0x2145, 0x1945, 0x1945, 0x2145, 0x2145,
  0x2145, 0x1925, 0x1925, 0x1925, 0x2145, 0x1945, 0x1925, 0x1905, 0x1925, 0x1905, 0x1925, 0x1905,
  0x1905, 0x1905, 0x1905, 0x1904, 0x1904, 0x1904, 0x1924, 0x1924, 0x1924, 0x1924, 0x1924, 0x2165,
  0x2165, 0x1945, 0x1924, 0x1904, 0x1904, 0x1945, 0x2145, 0x1924, 0x1904, 0x1904, 0x10E4, 0x10E4,
  0x10E4, 0x10E4, 0x18E4, 0x1905, 0x1904, 0x1905, 0x1904, 0x1904, 0x1904, 0x1924, 0x2985, 0x29A4,
  0x31E4, 0x2983, 0x2183, 0x2142, 0x1922, 0x1101, 0x10C2, 0x1903, 0x10E2, 0x31E3, 0x2983, 0x10E1,
  0x1923, 0x1902, 0x10E1, 0x2142, 0x0882, 0x0882, 0x0882, 0x0882, 0x0882, 0x0882, 0x0882, 0x0882,
  0x0882, 0x0882, 0x10A3, 0x0882, 0x08A2, 0x08A2, 0x10A3, 0x08A2, 0x10A3, 0x10C3, 0x10C3, 0x10A3,
  0x10C3, 0x10A3, 0x10A3, 0x10A3, 0x10A3, 0x10A3, 0x10A3, 0x08A2, 0x08A2, 0x08A3, 0x08A3, 0x08A3,
  0x08A3, 0x10A3, 0x10C3, 0x08A3, 0x08A2, 0x08A3, 0x10C3, 0x08A3, 0x08A3, 0x08A3, 0x08A3, 0x08A2,
  0x08A3, 0x08A2, 0x08A3, 0x10C3, 0x10C3, 0x10C3, 0x10C3, 0x10C3, 0x10E3, 0x10E3, 0x10C3, 0x10C3,
  0x10C3, 0x10C3, 0x10C3, 0x10C3, 0x10E3, 0x10E4, 0x1904, 0x10E4, 0x1904, 0x1904, 0x1904, 0x1904,
  0x10E4, 0x10C3, 0x10E4, 0x10E4, 0x10E4, 0x10E4, 0x10E4, 0x10E4, 0x10E4, 0x10E4, 0x1904, 0x1904,
  0x10E4, 0x10E4, 0x10E4, 0x10E3, 0x10E4, 0x10E4, 0x10C4, 0x10C4, 0x10E4, 0x10E4, 0x1904, 0x1924,
  0x1925, 0x1925, 0x1925, 0x1925, 0x1925, 0x1945, 0x1925, 0x1924, 0x1925, 0x1905, 0x1904, 0x1904,
  0x1904, 0x1104, 0x18E4, 0x10E4, 0x10E4, 0x1904, 0x1905, 0x1904, 0x1904, 0x1904, 0x1924, 0x1904,
  0x1925, 0x1945, 0x1945, 0x1924, 0x1925, 0x1925, 0x1925, 0x1925, 0x1925, 0x1925, 0x2145, 0x2145,
  0x2145, 0x2145, 0x2145, 0x1945, 0x1945, 0x2145, 0x1945, 0x2145, 0x2166, 0x2166, 0x2166, 0x2145,
  0x2145, 0x2145, 0x2145, 0x2145, 0x2166, 0x2166, 0x2166, 0x2166, 0x2146, 0x2166, 0x2166, 0x2165,
  0x2186, 0x2166, 0x2166, 0x2166, 0x2186, 0x2166, 0x2165, 0x2165, 0x2186, 0x2165, 0x2165, 0x2185,
  0x2165, 0x1944, 0x2145, 0x2165, 0x2165, 0x2165, 0x2165, 0x2165, 0x2165, 0x2145, 0x2145, 0x2145,
  0x1925, 0x1924, 0x1945, 0x1925, 0x1925, 0x1945, 0x1925, 0x1925, 0x1925, 0x1925, 0x1945, 0x1945,
  0x2145, 0x2146, 0x2145, 0x2145, 0x2145, 0x2145, 0x2145, 0x2145, 0x2145, 0x2145, 0x2146, 0x2146,
  0x2166, 0x2166, 0x2166, 0x2166, 0x2146, 0x2166, 0x2166, 0x2166, 0x2166, 0x2166, 0x2145, 0x1945,
  0x1945, 0x2145, 0x2145, 0x2146, 0x2146, 0x2146, 0x2186, 0x2186, 0x2166, 0x2186, 0x2186, 0x2166,
  0x1945, 0x2145, 0x1945, 0x2145, 0x2145, 0x2166, 0x2166, 0x2145, 0x2145, 0x1945, 0x1945, 0x2146,
  0x2145, 0x2145, 0x2165, 0x2165, 0x2145, 0x2165, 0x2165, 0x2165, 0x2165, 0x2145, 0x2145, 0x2145,
  0x2165, 0x2166, 0x2165, 0x1945, 0x2145, 0x2145, 0x1945, 0x1945, 0x1945, 0x1925, 0x1925, 0x1925,
  0x1925, 0x2145, 0x1925, 0x1925, 0x1905, 0x1905, 0x1925, 0x1904, 0x1904, 0x1904, 0x1904, 0x1905,
  0x1904, 0x1904, 0x2145, 0x2165, 0x1924, 0x1924, 0x1945, 0x2165, 0x1944, 0x1944, 0x1944, 0x1925,
  0x1924, 0x2165, 0x2144, 0x1924, 0x1904, 0x1924, 0x1904, 0x18E4, 0x10E4, 0x10E4, 0x10E4, 0x1904,
  0x1904, 0x1904, 0x1905, 0x1905, 0x1103, 0x2183, 0x3A24, 0x29C3, 0x2182, 0x2162, 0x2162, 0x1902,
  0x1902, 0x1922, 0x10E3, 0x10A2, 0x10C1, 0x1920, 0x2142, 0x2142, 0x2143, 0x1922, 0x1923, 0x1101,
  0x0882, 0x0882, 0x0882, 0x0882, 0x0882, 0x0882, 0x0882, 0x0882, 0x0882, 0x0882, 0x08A2, 0x0882,
  0x0882, 0x0882, 0x08A2, 0x0882, 0x0882, 0x10A3, 0x10A3, 0x10A3, 0x10A3, 0x10A3, 0x10A3, 0x10A3,
  0x10A3, 0x10A3, 0x08A2, 0x08A2, 0x0882, 0x10A2, 0x10A3, 0x08A3, 0x08A3, 0x08A3, 0x08A3, 0x08A2,
  0x08A3, 0x08A3, 0x08A2, 0x08A2, 0x08A3, 0x08A3, 0x08A3, 0x08A3, 0x08A3, 0x10C3, 0x10C3, 0x10C3,
  0x10C3, 0x10C3, 0x10C3, 0x10C3, 0x10C3, 0x10C3, 0x10C3, 0x10C3, 0x10E3, 0x10E3, 0x10E3, 0x10E3,
  0x10E4, 0x10E4, 0x10E4, 0x10E4, 0x1904, 0x1904, 0x1904, 0x1904, 0x10E4, 0x10E3, 0x10E3, 0x10E3,
  0x10E3, 0x10E4, 0x10E4, 0x10C3, 0x10E3, 0x10E3, 0x10E4, 0x10E4, 0x10E3, 0x10E4, 0x10C3, 0x10E3,
  0x10E4, 0x10E4, 0x10E4, 0x10C4, 0x10E4, 0x18E4, 0x1904, 0x1904, 0x1924, 0x1925, 0x1925, 0x1925,
  0x1945, 0x1945, 0x1924, 0x1924, 0x1924, 0x1905, 0x1904, 0x1925, 0x1904, 0x1104, 0x1904, 0x1904,
  0x1904, 0x1905, 0x1904, 0x1904, 0x1904, 0x1925, 0x2145, 0x1924, 0x1925, 0x1945, 0x2145, 0x1945,
  0x2165, 0x2165, 0x2145, 0x1925, 0x1925, 0x2125, 0x2145, 0x2145, 0x1945, 0x1945, 0x1945, 0x2145,
  0x1945, 0x1925, 0x2145, 0x2146, 0x2146, 0x2166, 0x2166, 0x2145, 0x2145, 0x1945, 0x1945, 0x2145,
  0x2166, 0x2166, 0x2166, 0x2146, 0x2166, 0x2166, 0x2145, 0x2165, 0x2166, 0x2166, 0x2166, 0x2186,
  0x2166, 0x2165, 0x2165, 0x2165, 0x2165, 0x2165, 0x2165, 0x2165, 0x2165, 0x2145, 0x2165, 0x2165,
  0x2165, 0x2165, 0x2165, 0x2165, 0x2165, 0x2165, 0x2145, 0x2145, 0x2145, 0x1945, 0x1945, 0x2145,
  0x1945, 0x1925, 0x1925, 0x1925, 0x1925, 0x1925, 0x1945, 0x1945, 0x2145, 0x2145, 0x2145, 0x2145,
  0x1945, 0x2145, 0x2145, 0x2145, 0x2166, 0x2146, 0x2145, 0x2145, 0x2166, 0x2166, 0x2146, 0x2146,
  0x2145, 0x2166, 0x2146, 0x2145, 0x2166, 0x2145, 0x2145, 0x2145, 0x2145, 0x1945, 0x2145, 0x2145,
  0x2145, 0x2146, 0x2166, 0x2166, 0x2166, 0x2165, 0x2145, 0x1945, 0x1925, 0x1925, 0x1925, 0x1925,
  0x1925, 0x1945, 0x2145, 0x1945, 0x1945, 0x1945, 0x1945, 0x2145, 0x2145, 0x2145, 0x2165, 0x1945,
  0x1945, 0x2145, 0x2145, 0x2165, 0x2165, 0x2145, 0x2145, 0x2166, 0x2145, 0x2145, 0x2145, 0x2145,
  0x2145, 0x2145, 0x1945, 0x1945, 0x1925, 0x1925, 0x1925, 0x1945, 0x1925, 0x1925, 0x1925, 0x1925,
  0x1904, 0x1905, 0x1904, 0x1904, 0x1905, 0x1904, 0x1904, 0x1905, 0x1905, 0x1904, 0x1924, 0x1944,
  0x1923, 0x1924, 0x1944, 0x2144, 0x1924, 0x1944, 0x2145, 0x1924, 0x2144, 0x1924, 0x1944, 0x1924,
  0x1104, 0x10E4, 0x1904, 0x10E3, 0x10E4, 0x10E4, 0x10E4, 0x18E4, 0x18E4, 0x1904, 0x1904, 0x1904,
  0x1904, 0x1904, 0x1903, 0x1901, 0x31E3, 0x31E3, 0x29A3, 0x1922, 0x1902, 0x10E3, 0x10E2, 0x10E2,
  0x2143, 0x29A3, 0x2962, 0x2962, 0x2162, 0x1901, 0x1902, 0x1902, 0x0882, 0x0882, 0x0882, 0x0882,
  0x0882, 0x0882, 0x0882, 0x0882, 0x0882, 0x0882, 0x0882, 0x0882, 0x0882, 0x0882, 0x0882, 0x0882,
  0x0882, 0x0882, 0x08A2, 0x08A2, 0x10A3, 0x10A3, 0x0882, 0x08A2, 0x08A2, 0x08A2, 0x08A2, 0x10A3,
  0x08A2, 0x10A3, 0x10A3, 0x10A3, 0x08A2, 0x0882, 0x08A2, 0x0882, 0x08A2, 0x08A2, 0x0882, 0x08A2,
  0x0882, 0x10A3, 0x08A3, 0x08A3, 0x08A3, 0x10C3, 0x10C3, 0x08A3, 0x10C3, 0x10C3, 0x10C3, 0x10C3,
  0x10C3, 0x10C3, 0x10C3, 0x10C3, 0x10E3, 0x10E3, 0x10E4, 0x10E3, 0x10E4, 0x10E4, 0x10E4, 0x1104,
  0x1904, 0x1904, 0x10E4, 0x10E4, 0x10E4, 0x10E4, 0x10C3, 0x10C3, 0x10C3, 0x10C3, 0x10E4, 0x10E4,
  0x10E3, 0x10E4, 0x10E3, 0x10C3, 0x10E3, 0x10E3, 0x10C3, 0x10C3, 0x10E4, 0x10E4, 0x10E4, 0x10E4,
  0x10E4, 0x10E4, 0x1104, 0x1104, 0x1924, 0x1924, 0x1925, 0x1925, 0x1925, 0x1925, 0x1925, 0x1924,
  0x1924, 0x1904, 0x1904, 0x1904, 0x1904, 0x10E4, 0x1904, 0x1904, 0x10E4, 0x1904, 0x1904, 0x1904,
  0x1904, 0x1925, 0x1924, 0x1925, 0x1925, 0x1924, 0x1925, 0x1924, 0x1925, 0x1925, 0x1924, 0x1924,
  0x1945, 0x2165, 0x2145, 0x1925, 0x1945, 0x1945, 0x1925, 0x1925, 0x1945, 0x2145, 0x2145, 0x2145,
  0x2145, 0x2165, 0x2146, 0x2145, 0x1925, 0x1925, 0x1925, 0x1945, 0x2165, 0x2165, 0x2145, 0x2145,
  0x2165, 0x2165, 0x2165, 0x2145, 0x2165, 0x2166, 0x2166, 0x2165, 0x2166, 0x2165, 0x2145, 0x2165,
  0x2165, 0x2165, 0x2165, 0x2145, 0x2144, 0x2165, 0x2165, 0x2145, 0x2165, 0x2165, 0x2145, 0x2145,
  0x2165, 0x2145, 0x2145, 0x2165, 0x2165, 0x1945, 0x2145, 0x1925, 0x1924, 0x1924, 0x1925, 0x1925,
  0x1925, 0x1925, 0x1925, 0x1925, 0x1945, 0x1945, 0x1945, 0x2145, 0x2145, 0x1925, 0x2145, 0x2145,
  0x2145, 0x2145, 0x2145, 0x2146, 0x2166, 0x2166, 0x2146, 0x2166, 0x2166, 0x2146, 0x2145, 0x2145,
  0x2166, 0x2166, 0x1945, 0x1945, 0x1945, 0x1925, 0x1945, 0x2145, 0x2165, 0x2166, 0x2165, 0x2165,
  0x2165, 0x2145, 0x1945, 0x1925, 0x1925, 0x1925, 0x1925, 0x1945, 0x1925, 0x2145, 0x1925, 0x1925,
  0x2125, 0x2145, 0x1925, 0x2125, 0x2125, 0x1925, 0x1925, 0x1925, 0x1925, 0x2145, 0x2145, 0x2145,
  0x1925, 0x1945, 0x2145, 0x2166, 0x2166, 0x1945, 0x1925, 0x1925, 0x1925, 0x2145, 0x2145, 0x1925,
  0x1925, 0x1925, 0x1925, 0x1925, 0x1925, 0x1925, 0x1904, 0x1904, 0x1904, 0x1925, 0x1925, 0x1925,
  0x1904, 0x1904, 0x1904, 0x1925, 0x2145, 0x1904, 0x1924, 0x1924, 0x1904, 0x1924, 0x2145, 0x1924,
  0x1924, 0x1924, 0x1924, 0x1924, 0x1924, 0x1924, 0x1924, 0x1904, 0x1904, 0x10E4, 0x1904, 0x1904,
  0x10E4, 0x10E4, 0x1904, 0x10E4, 0x10E4, 0x1904, 0x1904, 0x1904, 0x1904, 0x1904, 0x10C4, 0x2143,
  0x3A24, 0x29A3, 0x1922, 0x1902, 0x10E2, 0x10C2, 0x1922, 0x2182, 0x29A3, 0x2182, 0x2143, 0x2143,
  0x1902, 0x10C1, 0x10E1, 0x1902, 0x0882, 0x0882, 0x0882, 0x0882, 0x0882, 0x0882, 0x0882, 0x0882,
  0x0882, 0x0882, 0x0882, 0x0882, 0x0882, 0x0882, 0x0882, 0x0882, 0x0882, 0x0882, 0x0882, 0x08A2,
  0x08A2, 0x08A2, 0x08A2, 0x10A3, 0x08A2, 0x10A3, 0x10A3, 0x08A2, 0x08A2, 0x10A3, 0x08A2, 0x08A2,
  0x08A2, 0x0882, 0x08A2, 0x0882, 0x0882, 0x08A2, 0x0882, 0x0882, 0x10A3, 0x10A3, 0x08A3, 0x08A2,
  0x08A3, 0x10C3, 0x10C3, 0x10C3, 0x10C3, 0x10C3, 0x10C3, 0x08A3, 0x10C3, 0x10C3, 0x10C3, 0x10C3,
  0x10C3, 0x10E3, 0x10E3, 0x10C3, 0x10C3, 0x10E3, 0x10E3, 0x1904, 0x1904, 0x1904, 0x1904, 0x10C3,
  0x10E3, 0x10C3, 0x10C3, 0x10C3, 0x10C3, 0x10C3, 0x10C3, 0x10E3, 0x10C3, 0x10E3, 0x10E3, 0x10C3,
  0x10C3, 0x10C3, 0x10C3, 0x10C3, 0x10C3, 0x10E3, 0x10E3, 0x10C3, 0x10E3, 0x10E4, 0x1104, 0x1104,
  0x1924, 0x1924, 0x1925, 0x1925, 0x1904, 0x1904, 0x1924, 0x1924, 0x1904, 0x1904, 0x1904, 0x1904,
  0x18E4, 0x18E4, 0x10E4, 0x18E4, 0x18E4, 0x10E4, 0x1904, 0x1904, 0x1904, 0x1924, 0x1924, 0x1924,
  0x1904, 0x1904, 0x1924, 0x1924, 0x1904, 0x1904, 0x1924, 0x1944, 0x2145, 0x2145, 0x1944, 0x1925,
  0x1925, 0x1925, 0x1925, 0x1925, 0x1925, 0x1945, 0x2145, 0x1945, 0x2145, 0x2145, 0x2145, 0x1945,
  0x1925, 0x1925, 0x1925, 0x1945, 0x1945, 0x1945, 0x1945, 0x2145, 0x2165, 0x2145, 0x2165, 0x2166,
  0x2165, 0x2165, 0x2166, 0x2165, 0x2145, 0x2145, 0x2145, 0x2145, 0x2145, 0x2145, 0x2145, 0x2145,
  0x2145, 0x2145, 0x2145, 0x2145, 0x2145, 0x2145, 0x2145, 0x2145, 0x2145, 0x2145, 0x2145, 0x2145,
  0x2145, 0x2145, 0x2145, 0x1925, 0x2145, 0x1925, 0x1925, 0x1925, 0x1925, 0x1925, 0x1925, 0x1925,
  0x1945, 0x2145, 0x1945, 0x2145, 0x2145, 0x1925, 0x2145, 0x2145, 0x2145, 0x2145, 0x2145, 0x2145,
  0x2145, 0x2145, 0x2145, 0x2166, 0x2166, 0x2145, 0x2145, 0x2145, 0x2146, 0x2145, 0x1945, 0x1945,
  0x1945, 0x1925, 0x1945, 0x1945, 0x2145, 0x2166, 0x2165, 0x2165, 0x2145, 0x1945, 0x1945, 0x1925,
  0x1925, 0x1925, 0x1925, 0x1925, 0x1945, 0x1925, 0x1925, 0x1925, 0x1925, 0x1925, 0x1925, 0x1925,
  0x1925, 0x2125, 0x1925, 0x1925, 0x1925, 0x1905, 0x1925, 0x1925, 0x1905, 0x1925, 0x1925, 0x1945,
  0x1925, 0x1945, 0x1945, 0x1925, 0x1925, 0x1925, 0x1945, 0x2145, 0x1945, 0x1925, 0x1925, 0x1925,
  0x1925, 0x1924, 0x1924, 0x1904, 0x1904, 0x1924, 0x1925, 0x1924, 0x1924, 0x1924, 0x1925, 0x2145,
  0x2145, 0x1925, 0x1925, 0x1904, 0x1904, 0x1925, 0x1924, 0x1904, 0x1904, 0x1904, 0x1904, 0x1904,
  0x1904, 0x1924, 0x1904, 0x1904, 0x1904, 0x1904, 0x1904, 0x1924, 0x1904, 0x1925, 0x1925, 0x1904,
  0x1904, 0x1904, 0x18E4, 0x1904, 0x10E4, 0x10E4, 0x10E3, 0x10E2, 0x2163, 0x2163, 0x2163, 0x2163,
  0x1902, 0x10E2, 0x1922, 0x1922, 0x1902, 0x1902, 0x1902, 0x1903, 0x2123, 0x1902, 0x2122, 0x1902,
  0x0882, 0x0882, 0x0882, 0x0882, 0x0882, 0x0882, 0x0882, 0x0862, 0x0882, 0x0882, 0x0882, 0x0882,
  0x0882, 0x0862, 0x0882, 0x0882, 0x0882, 0x0882, 0x0882, 0x0882, 0x0882, 0x0882, 0x08A2, 0x10A3,
  0x10A3, 0x08A2, 0x08A2, 0x08A2, 0x08A2, 0x0882, 0x0882, 0x10A3, 0x0882, 0x0882, 0x0882, 0x0882,
  0x08A2, 0x10A3, 0x0882, 0x08A2, 0x08A2, 0x10A2, 0x08A3, 0x08A3, 0x08A3, 0x10C3, 0x10C3, 0x10C3,
  0x10C3, 0x08A3, 0x10C3, 0x10C3, 0x10C3, 0x10C3, 0x10C3, 0x10C3, 0x10C3, 0x10C3, 0x10C3, 0x10E3,
  0x10E3, 0x10E3, 0x10E3, 0x10E3, 0x1103, 0x1904, 0x1904, 0x1904, 0x10C3, 0x10C3, 0x10C3, 0x10E3,
  0x10C3, 0x10C3, 0x10C3, 0x10C3, 0x10C3, 0x10E3, 0x10E3, 0x10C3, 0x10E3, 0x10E3, 0x10C3, 0x10C3,
  0x10C3, 0x10E3, 0x10E3, 0x10C3, 0x10E3, 0x10E4, 0x1104, 0x1104, 0x1904, 0x1904, 0x1924, 0x1925,
  0x1924, 0x1904, 0x1904, 0x1924, 0x1104, 0x1104, 0x1904, 0x10E4, 0x10E4, 0x18E4, 0x18E4, 0x10E4,
  0x1904, 0x10E4, 0x18E4, 0x1925, 0x1924, 0x1904, 0x1904, 0x1904, 0x1904, 0x1904, 0x10E4, 0x10E4,
  0x1904, 0x1904, 0x1924, 0x2145, 0x2145, 0x1924, 0x2145, 0x2145, 0x1925, 0x1925, 0x1945, 0x1945,
  0x1925, 0x1925, 0x1945, 0x2145, 0x1945, 0x1946, 0x1945, 0x1945, 0x1925, 0x1925, 0x1925, 0x1925,
  0x1945, 0x1945, 0x1945, 0x1945, 0x1945, 0x2145, 0x2165, 0x2165, 0x2165, 0x2165, 0x2165, 0x2165,
  0x2165, 0x2165, 0x2145, 0x2145, 0x2145, 0x2145, 0x2145, 0x2145, 0x2145, 0x2145, 0x1944, 0x1944,
  0x1924, 0x1924, 0x1925, 0x2145, 0x1925, 0x1924, 0x1925, 0x2145, 0x2145, 0x2145, 0x2145, 0x2145,
  0x2145, 0x1925, 0x1924, 0x1924, 0x1905, 0x1925, 0x1925, 0x1925, 0x2145, 0x2145, 0x1945, 0x2145,
  0x2146, 0x2166, 0x2146, 0x2145, 0x2145, 0x2145, 0x1925, 0x1925, 0x2145, 0x1945, 0x2145, 0x2145,
  0x2145, 0x2145, 0x2145, 0x2145, 0x2146, 0x2145, 0x2145, 0x1945, 0x1945, 0x1925, 0x1925, 0x1925,
  0x1945, 0x2145, 0x2165, 0x2145, 0x1945, 0x1945, 0x1945, 0x1925, 0x1945, 0x1945, 0x1945, 0x1945,
  0x1925, 0x1925, 0x1925, 0x1905, 0x1925, 0x1925, 0x1925, 0x1925, 0x1925, 0x1925, 0x1925, 0x1925,
  0x1905, 0x1905, 0x1905, 0x1925, 0x1905, 0x1925, 0x1945, 0x2145, 0x1925, 0x1925, 0x1925, 0x1905,
  0x1925, 0x1925, 0x1925, 0x1925, 0x1925, 0x1925, 0x1925, 0x1925, 0x1925, 0x1924, 0x1924, 0x1924,
  0x1924, 0x1924, 0x1924, 0x1924, 0x1924, 0x1904, 0x1925, 0x1925, 0x1924, 0x1925, 0x1924, 0x1904,
  0x1904, 0x1924, 0x1904, 0x1904, 0x10E4, 0x1904, 0x1904, 0x1904, 0x1904, 0x1904, 0x1904, 0x1924,
  0x1904, 0x1904, 0x1904, 0x1904, 0x1904, 0x1904, 0x1904, 0x10E4, 0x1904, 0x1904, 0x1905, 0x1905,
  0x18E4, 0x10E4, 0x10E3, 0x1103, 0x1103, 0x1102, 0x31E4, 0x29C3, 0x1941, 0x1943, 0x1923, 0x10C2,
  0x08A1, 0x10C3, 0x10E1, 0x10C1, 0x18E2, 0x18E2, 0x18E2, 0x08A1, 0x0882, 0x0882, 0x0882, 0x0882,
  0x0882, 0x0882, 0x0882, 0x0882, 0x0882, 0x0882, 0x0882, 0x0882, 0x0862, 0x0882, 0x0882, 0x0882,
  0x08A2, 0x0882, 0x0882, 0x08A2, 0x0882, 0x0882, 0x0882, 0x0882, 0x08A2, 0x08A2, 0x08A2, 0x08A2,
  0x0882, 0x0882, 0x08A2, 0x08A2, 0x08A2, 0x08A2, 0x0882, 0x08A2, 0x08A2, 0x0882, 0x0882, 0x0882,
  0x0882, 0x10A3, 0x08A2, 0x08A2, 0x08A3, 0x10C3, 0x10E3, 0x10C3, 0x10C3, 0x10C3, 0x08A3, 0x10C3,
  0x10C3, 0x10C3, 0x10E3, 0x10C3, 0x10C3, 0x10C3, 0x10C3, 0x10E4, 0x10E3, 0x10E3, 0x10C3, 0x10E3,
  0x1103, 0x10E4, 0x10C3, 0x10E4, 0x1904, 0x10C3, 0x10C3, 0x10C3, 0x10C3, 0x10C3, 0x10C3, 0x10C3,
  0x10C3, 0x10C3, 0x10C3, 0x10C3, 0x10C3, 0x10C3, 0x10C3, 0x10C3, 0x10C3, 0x10C3, 0x10C3, 0x10E4,
  0x10E4, 0x10E4, 0x1104, 0x1904, 0x1904, 0x1104, 0x1904, 0x1924, 0x1924, 0x1924, 0x1904, 0x1104,
  0x1924, 0x1905, 0x1104, 0x10E4, 0x10E4, 0x10C4, 0x10E4, 0x10E4, 0x18E4, 0x10E4, 0x10E4, 0x1904,
  0x1904, 0x1904, 0x1904, 0x1904, 0x1904, 0x10E4, 0x10E4, 0x10E4, 0x1904, 0x1904, 0x1924, 0x1924,
  0x1924, 0x1924, 0x1924, 0x1945, 0x1925, 0x1925, 0x1924, 0x1924, 0x1925, 0x2145, 0x2145, 0x1945,
  0x1945, 0x1925, 0x1945, 0x1945, 0x1925, 0x1945, 0x1925, 0x1945, 0x1965, 0x1945, 0x1945, 0x1945,
  0x2145, 0x2145, 0x2145, 0x2145, 0x2145, 0x2165, 0x2165, 0x2145, 0x2165, 0x2145, 0x2165, 0x2165,
  0x2145, 0x2145, 0x2145, 0x2145, 0x1944, 0x1924, 0x1924, 0x1924, 0x1924, 0x1924, 0x1924, 0x1924,
  0x1924, 0x1924, 0x1924, 0x1925, 0x1925, 0x1925, 0x1925, 0x1925, 0x1925, 0x1904, 0x1904, 0x1924,
  0x1905, 0x1925, 0x1925, 0x2145, 0x2145, 0x2145, 0x2165, 0x2145, 0x2145, 0x2145, 0x2145, 0x2145,
  0x1945, 0x2145, 0x1925, 0x1925, 0x1945, 0x2145, 0x1945, 0x1945, 0x2145, 0x2145, 0x2145, 0x2146,
  0x2145, 0x2145, 0x1945, 0x1945, 0x1945, 0x1925, 0x1945, 0x1925, 0x2145, 0x2145, 0x2166, 0x2145,
  0x2145, 0x1945, 0x1925, 0x1945, 0x1945, 0x1925, 0x1924, 0x1925, 0x1924, 0x1905, 0x1905, 0x1905,
  0x1925, 0x1925, 0x1925, 0x1925, 0x1925, 0x1925, 0x1925, 0x1925, 0x1905, 0x1905, 0x1905, 0x1905,
  0x1905, 0x1905, 0x1925, 0x2145, 0x1925, 0x1905, 0x1905, 0x1904, 0x1925, 0x1925, 0x1925, 0x1925,
  0x1925, 0x1925, 0x1945, 0x1925, 0x1925, 0x1925, 0x1925, 0x1924, 0x1904, 0x1924, 0x1904, 0x1904,
  0x1104, 0x1104, 0x1104, 0x1904, 0x1904, 0x1904, 0x1904, 0x1904, 0x1904, 0x1904, 0x1924, 0x1904,
  0x1904, 0x1904, 0x1904, 0x1904, 0x1904, 0x1904, 0x1904, 0x1904, 0x1904, 0x1904, 0x1924, 0x1904,
  0x1904, 0x1924, 0x1904, 0x10E4, 0x1924, 0x1904, 0x1904, 0x10E4, 0x1104, 0x10E3, 0x10E3, 0x1924,
  0x1924, 0x2164, 0x29A3, 0x29C2, 0x29A2, 0x29A3, 0x1921, 0x1902, 0x1902, 0x10E2, 0x2163, 0x10A1,
  0x10A1, 0x18E2, 0x10C2, 0x10C2, 0x0882, 0x0882, 0x0882, 0x0882, 0x0882, 0x0882, 0x0882, 0x0882,
  0x0882, 0x0882, 0x0882, 0x0882, 0x0882, 0x0882, 0x0882, 0x0882, 0x0882, 0x0882, 0x0882, 0x0882,
  0x0882, 0x0882, 0x0882, 0x0882, 0x0882, 0x10A3, 0x10A3, 0x08A2, 0x08A2, 0x08A2, 0x08A2, 0x08A2,
  0x08A2, 0x08A2, 0x0882, 0x10A3, 0x08A2, 0x0882, 0x08A2, 0x10A3, 0x10A3, 0x10A3, 0x08A3, 0x08A2,
  0x10C3, 0x10C3, 0x10C3, 0x10C3, 0x10C3, 0x10C3, 0x10C3, 0x10C3, 0x10C3, 0x10C3, 0x10E3, 0x10E3,
  0x10C3, 0x10E4, 0x10E3, 0x10E3, 0x10E3, 0x10E3, 0x08A3, 0x10C3, 0x10E3, 0x10E3, 0x10E3, 0x10C3,
  0x10E3, 0x10E3, 0x10C3, 0x08A3, 0x10C3, 0x10C3, 0x10C3, 0x10C3, 0x10C3, 0x10C3, 0x10C3, 0x10C3,
  0x10C3, 0x10C3, 0x10C3, 0x10C3, 0x10C3, 0x10E3, 0x10E3, 0x10E3, 0x10E4, 0x10E4, 0x10E4, 0x1104,
  0x1104, 0x1104, 0x1924, 0x1904, 0x1904, 0x1904, 0x1904, 0x1104, 0x1904, 0x1104, 0x10E4, 0x10E4,
  0x10E4, 0x10C4, 0x10C4, 0x10C4, 0x10C4, 0x10E4, 0x10C4, 0x10E4, 0x1904, 0x1904, 0x10E4, 0x10E4,
  0x1904, 0x10E4, 0x10E3, 0x10E4, 0x10E4, 0x1904, 0x1924, 0x1924, 0x1924, 0x1924, 0x1924, 0x1924,
  0x1925, 0x1924, 0x1924, 0x1924, 0x1924, 0x1945, 0x2165, 0x2165, 0x1945, 0x1925, 0x1925, 0x1925,
  0x1925, 0x1925, 0x1925, 0x1945, 0x1945, 0x1945, 0x2165, 0x1945, 0x1945, 0x2145, 0x1945, 0x1945,
  0x1945, 0x2165, 0x2145, 0x2145, 0x2145, 0x2165, 0x2145, 0x2165, 0x2145, 0x2145, 0x2145, 0x1944,
  0x1924, 0x1904, 0x1904, 0x1924, 0x1924, 0x1924, 0x1924, 0x1904, 0x1924, 0x1924, 0x1924, 0x1925,
  0x1924, 0x1924, 0x1925, 0x1924, 0x1925, 0x1924, 0x1904, 0x1925, 0x1925, 0x1925, 0x1925, 0x2145,
  0x2165, 0x2165, 0x2166, 0x2165, 0x2145, 0x1945, 0x1945, 0x2145, 0x2145, 0x2145, 0x1945, 0x1925,
  0x1945, 0x1945, 0x1925, 0x1925, 0x2145, 0x1945, 0x2145, 0x2145, 0x1925, 0x1945, 0x1945, 0x1945,
  0x1945, 0x1945, 0x1925, 0x1925, 0x2145, 0x2145, 0x2165, 0x2145, 0x1945, 0x1945, 0x1945, 0x1945,
  0x1925, 0x1924, 0x1924, 0x1924, 0x1924, 0x1905, 0x1925, 0x1925, 0x1905, 0x1925, 0x1925, 0x1925,
  0x1925, 0x1925, 0x1925, 0x2125, 0x1925, 0x1925, 0x1925, 0x1925, 0x1905, 0x1925, 0x1925, 0x1925,
  0x1925, 0x1925, 0x1905, 0x1904, 0x1904, 0x1905, 0x1925, 0x1925, 0x1905, 0x1925, 0x1925, 0x1925,
  0x1925, 0x1924, 0x1924, 0x1904, 0x1904, 0x1904, 0x1924, 0x1904, 0x1104, 0x10E4, 0x10E4, 0x1904,
  0x1904, 0x1924, 0x1904, 0x1924, 0x1924, 0x1924, 0x1904, 0x10E4, 0x10E4, 0x1904, 0x10E4, 0x1904,
  0x1904, 0x10E4, 0x10E4, 0x10E4, 0x10E4, 0x10E4, 0x10E4, 0x1904, 0x1904, 0x1904, 0x1904, 0x1904,
  0x1904, 0x1904, 0x1923, 0x2164, 0x1903, 0x1903, 0x1924, 0x10E3, 0x10E3, 0x2164, 0x2182, 0x29A2,
  0x2161, 0x1940, 0x2182, 0x2163, 0x2143, 0x1902, 0x2142, 0x10C1, 0x0881, 0x10C2, 0x10A2, 0x10C2,
  0x0882, 0x0862, 0x0882, 0x0882, 0x0882, 0x0882, 0x0882, 0x0862, 0x0882, 0x0862, 0x0862, 0x0882,
  0x0862, 0x0882, 0x0882, 0x0882, 0x0882, 0x08A2, 0x0882, 0x0882, 0x0882, 0x0882, 0x0882, 0x0882,
  0x0882, 0x0882, 0x0882, 0x0882, 0x08A2, 0x10A3, 0x10A3, 0x10A3, 0x10A3, 0x10A3, 0x0882, 0x10A3,
  0x10C3, 0x08A2, 0x10A3, 0x10A3, 0x10A3, 0x10A3, 0x08A2, 0x08A2, 0x10C3, 0x08A3, 0x08A3, 0x10C3,
  0x10C3, 0x10C3, 0x10C3, 0x10C3, 0x10C3, 0x10C3, 0x10C3, 0x10C3, 0x10E4, 0x10E4, 0x10E4, 0x10E3,
  0x10E4, 0x10C3, 0x10C3, 0x10C3, 0x10E3, 0x10C3, 0x10C3, 0x10C3, 0x10E3, 0x10C3, 0x10C3, 0x10C3,
  0x10A3, 0x10A3, 0x10C3, 0x10C3, 0x10C3, 0x10C3, 0x10C3, 0x08A3, 0x10C3, 0x10C3, 0x10C3, 0x10C3,
  0x10C3, 0x10E3, 0x10E3, 0x10C3, 0x10C3, 0x10C3, 0x10C3, 0x10E3, 0x10E4, 0x1104, 0x1904, 0x1104,
  0x1904, 0x1904, 0x1904, 0x1904, 0x1924, 0x1104, 0x10E4, 0x10E4, 0x10E4, 0x10C3, 0x10C3, 0x10C4,
  0x10E4, 0x1904, 0x18E4, 0x1904, 0x1904, 0x10E4, 0x10E3, 0x10E3, 0x10E4, 0x10E4, 0x10E3, 0x10E4,
  0x10E4, 0x1904, 0x1904, 0x1904, 0x1904, 0x1904, 0x1924, 0x1924, 0x1924, 0x1924, 0x1944, 0x2145,
  0x2145, 0x2145, 0x1945, 0x1945, 0x1924, 0x1924, 0x1925, 0x1925, 0x1925, 0x1925, 0x1925, 0x1945,
  0x1945, 0x1945, 0x2165, 0x1945, 0x1945, 0x2145, 0x1945, 0x1945, 0x1945, 0x2145, 0x2145, 0x2145,
  0x2145, 0x2144, 0x2145, 0x2145, 0x1945, 0x1924, 0x1924, 0x1924, 0x1904, 0x1904, 0x1904, 0x1904,
  0x1904, 0x1924, 0x1904, 0x1904, 0x1904, 0x1904, 0x1904, 0x1904, 0x1904, 0x1924, 0x1924, 0x1924,
  0x1924, 0x1925, 0x1924, 0x1925, 0x1925, 0x1925, 0x1925, 0x2145, 0x2145, 0x2145, 0x2145, 0x2145,
  0x1945, 0x1945, 0x1945, 0x1945, 0x1925, 0x1925, 0x2145, 0x1945, 0x1945, 0x1925, 0x1945, 0x1945,
  0x1925, 0x1925, 0x1945, 0x1945, 0x1925, 0x1925, 0x1925, 0x1945, 0x1945, 0x1925, 0x1925, 0x1945,
  0x1945, 0x1945, 0x1945, 0x2145, 0x2145, 0x2145, 0x1925, 0x1925, 0x1925, 0x1925, 0x1925, 0x1904,
  0x1925, 0x1925, 0x1925, 0x1925, 0x1925, 0x1925, 0x1925, 0x1925, 0x1925, 0x1925, 0x1925, 0x2145,
  0x1925, 0x1904, 0x1925, 0x1925, 0x1925, 0x1925, 0x1925, 0x1925, 0x1925, 0x1925, 0x1925, 0x1905,
  0x1905, 0x1925, 0x1925, 0x1904, 0x1905, 0x1925, 0x1925, 0x1905, 0x1905, 0x1904, 0x1904, 0x10E4,
  0x1104, 0x1104, 0x1904, 0x1904, 0x1104, 0x1904, 0x1904, 0x1924, 0x1924, 0x1924, 0x1924, 0x1904,
  0x1924, 0x1904, 0x10E4, 0x10E4, 0x1904, 0x10E4, 0x10E4, 0x10E4, 0x10E4, 0x10E4, 0x10E4, 0x10E3,
  0x10E4, 0x10E3, 0x10E4, 0x10E4, 0x10E4, 0x10E3, 0x1904, 0x1103, 0x1904, 0x1904, 0x2184, 0x29A4,
  0x2184, 0x1943, 0x1923, 0x10E3, 0x1903, 0x2143, 0x2983, 0x31E4, 0x1921, 0x2142, 0x1902, 0x10E2,
  0x1902, 0x10C1, 0x1901, 0x2143, 0x10C2, 0x10A2, 0x10A2, 0x10A2, 0x0862, 0x0862, 0x0862, 0x0862,
  0x0862, 0x0862, 0x0862, 0x0882, 0x0882, 0x0862, 0x0862, 0x0882, 0x0882, 0x0882, 0x0882, 0x0882,
  0x0882, 0x0882, 0x0882, 0x0882, 0x0882, 0x0882, 0x0882, 0x0882, 0x0882, 0x0882, 0x0882, 0x0882,
  0x0882, 0x08A2, 0x10A3, 0x08A2, 0x10A3, 0x08A2, 0x08A2, 0x10A3, 0x10A3, 0x08A3, 0x08A3, 0x08A3,
  0x10C3, 0x10C3, 0x08A2, 0x08A2, 0x08A2, 0x10C3, 0x10C3, 0x10C3, 0x10E3, 0x10C3, 0x10C3, 0x10C3,
  0x10C3, 0x10C3, 0x10C3, 0x10C3, 0x10E3, 0x10E3, 0x1904, 0x10E4, 0x1904, 0x10E3, 0x10C3, 0x10C3,
  0x10C3, 0x10C3, 0x10C3, 0x10C3, 0x10C3, 0x10C3, 0x08C3, 0x08A3, 0x10A3, 0x10A3, 0x10A3, 0x10C3,
  0x10C3, 0x10C3, 0x10C3, 0x10C3, 0x08A3, 0x10C3, 0x10C3, 0x10C3, 0x10C3, 0x10C3, 0x10C3, 0x10C3,
  0x10C3, 0x10C3, 0x10C3, 0x10C3, 0x10C3, 0x1904, 0x1904, 0x1904, 0x1104, 0x1904, 0x1924, 0x1904,
  0x1924, 0x1104, 0x10E3, 0x10C3, 0x10C3, 0x10C3, 0x10E3, 0x10E4, 0x1904, 0x1904, 0x1103, 0x10E3,
  0x1904, 0x10E4, 0x10E3, 0x10E3, 0x10E4, 0x10E4, 0x10E3, 0x1904, 0x1904, 0x1904, 0x1904, 0x10E4,
  0x18E4, 0x1904, 0x1904, 0x1924, 0x1924, 0x1924, 0x1924, 0x1924, 0x1944, 0x1904, 0x1904, 0x1904,
  0x1924, 0x1924, 0x1925, 0x1925, 0x1925, 0x1905, 0x1925, 0x1925, 0x1945, 0x1945, 0x1945, 0x1945,
  0x2145, 0x1945, 0x2145, 0x2145, 0x2145, 0x2145, 0x1944, 0x1944, 0x2145, 0x2145, 0x2145, 0x2145,
  0x2145, 0x1924, 0x1924, 0x1924, 0x1904, 0x1904, 0x1904, 0x1904, 0x1904, 0x1904, 0x1904, 0x1904,
  0x10E4, 0x10E4, 0x1904, 0x1104, 0x1924, 0x1924, 0x1924, 0x1924, 0x1924, 0x1924, 0x1924, 0x1924,
  0x1925, 0x1924, 0x1945, 0x1925, 0x2145, 0x2145, 0x2145, 0x1945, 0x1925, 0x1925, 0x1925, 0x1945,
  0x1925, 0x1925, 0x1945, 0x1945, 0x1945, 0x1925, 0x1945, 0x1945, 0x1945, 0x1945, 0x1965, 0x1945,
  0x1925, 0x1925, 0x1925, 0x1925, 0x1925, 0x2125, 0x1945, 0x1945, 0x1945, 0x1945, 0x1945, 0x2145,
  0x2145, 0x2145, 0x1925, 0x1925, 0x1925, 0x1905, 0x1925, 0x1925, 0x1925, 0x1924, 0x1945, 0x1945,
  0x2145, 0x2145, 0x2145, 0x1925, 0x1924, 0x1925, 0x2145, 0x2145, 0x1945, 0x1945, 0x1945, 0x1925,
  0x1925, 0x1924, 0x1925, 0x2145, 0x1924, 0x1924, 0x1925, 0x1905, 0x1905, 0x1904, 0x1904, 0x1904,
  0x18E4, 0x1905, 0x1905, 0x1904, 0x1904, 0x1905, 0x18E4, 0x18E4, 0x18E4, 0x18E4, 0x1904, 0x1904,
  0x1904, 0x1904, 0x1924, 0x1904, 0x1904, 0x1904, 0x1904, 0x1904, 0x1904, 0x1904, 0x1904, 0x1904,
  0x10E4, 0x10E4, 0x10E3, 0x10E4, 0x10E4, 0x10E4, 0x10E4, 0x10E4, 0x10E4, 0x10E3, 0x10C3, 0x10E4,
  0x10E4, 0x10E3, 0x1103, 0x1103, 0x1904, 0x1904, 0x2985, 0x1942, 0x31C3, 0x29A3, 0x2163, 0x1923,
  0x2164, 0x1942, 0x31E3, 0x31E3, 0x10C0, 0x1902, 0x1922, 0x2123, 0x10E2, 0x10C2, 0x10E1, 0x1922,
  0x1903, 0x10C2, 0x10C2, 0x18E3, 0x0862, 0x0862, 0x0862, 0x0062, 0x0862, 0x0882, 0x0882, 0x0882,
  0x0882, 0x0882, 0x0862, 0x0882, 0x0882, 0x0882, 0x0882, 0x0882, 0x0882, 0x0882, 0x0882, 0x0882,
  0x0882, 0x0882, 0x0882, 0x0882, 0x0882, 0x0882, 0x0882, 0x0882, 0x0882, 0x10A3, 0x08A2, 0x0882,
  0x08A2, 0x10A3, 0x0882, 0x10A3, 0x10C3, 0x08A3, 0x10C3, 0x08A3, 0x10C3, 0x10C3, 0x10C3, 0x10C3,
  0x10C3, 0x10C3, 0x10C3, 0x10C3, 0x10C3, 0x10C3, 0x10C3, 0x10C3, 0x10C3, 0x10C3, 0x10C3, 0x10E3,
  0x10E3, 0x10E3, 0x10E3, 0x1904, 0x10E4, 0x10E3, 0x10E3, 0x10E3, 0x10E3, 0x10E4, 0x10E4, 0x1904,
  0x10C3, 0x08C3, 0x08A3, 0x08A3, 0x10A3, 0x10A3, 0x10A3, 0x10C3, 0x10C3, 0x10C3, 0x10C3, 0x10C3,
  0x08A3, 0x08A3, 0x08A3, 0x10C3, 0x10C3, 0x10C3, 0x10C3, 0x10C3, 0x10C3, 0x10C3, 0x10E4, 0x10E4,
  0x10E4, 0x1904, 0x1904, 0x1904, 0x1924, 0x1924, 0x1904, 0x1104, 0x10E4, 0x10E4, 0x10E4, 0x10C3,
  0x10C3, 0x10C3, 0x10C3, 0x10E4, 0x10E4, 0x10E3, 0x10E3, 0x10E3, 0x10E4, 0x10E3, 0x10E4, 0x10E3,
  0x10E3, 0x10E4, 0x10E4, 0x1904, 0x10E4, 0x10E4, 0x1904, 0x10E3, 0x10E3, 0x1904, 0x1904, 0x1904,
  0x1924, 0x1924, 0x1103, 0x10E3, 0x1904, 0x1904, 0x10E3, 0x10E4, 0x1924, 0x1925, 0x1924, 0x1925,
  0x1925, 0x1904, 0x1925, 0x1925, 0x1945, 0x1945, 0x1945, 0x1945, 0x1945, 0x1945, 0x2145, 0x2165,
  0x2165, 0x2165, 0x2145, 0x2145, 0x2145, 0x1944, 0x1944, 0x1924, 0x1924, 0x1904, 0x1904, 0x1904,
  0x1904, 0x10E4, 0x10E4, 0x1904, 0x10E4, 0x10E4, 0x1904, 0x10E4, 0x10E4, 0x10E4, 0x1904, 0x10E4,
  0x10E4, 0x1904, 0x1104, 0x1904, 0x1904, 0x1924, 0x1924, 0x1924, 0x1924, 0x1925, 0x1924, 0x1924,
  0x1945, 0x1945, 0x1945, 0x1945, 0x1925, 0x1925, 0x1925, 0x2145, 0x1925, 0x1925, 0x1945, 0x1925,
  0x1945, 0x1925, 0x1945, 0x1945, 0x1945, 0x1945, 0x1945, 0x1925, 0x1925, 0x1925, 0x1925, 0x1925,
  0x1925, 0x1945, 0x1945, 0x1945, 0x1945, 0x1945, 0x1925, 0x1925, 0x2145, 0x1925, 0x1925, 0x1925,
  0x1925, 0x1925, 0x1925, 0x1925, 0x1925, 0x1924, 0x2145, 0x2145, 0x2165, 0x2145, 0x1925, 0x1925,
  0x1925, 0x1925, 0x2145, 0x2145, 0x2145, 0x2165, 0x2145, 0x1925, 0x1925, 0x1924, 0x1925, 0x1945,
  0x1945, 0x2165, 0x1925, 0x1905, 0x1905, 0x1904, 0x1904, 0x1904, 0x1904, 0x1904, 0x1904, 0x10E4,
  0x18E4, 0x10E4, 0x10E4, 0x18E4, 0x10E4, 0x10E4, 0x1904, 0x1904, 0x1904, 0x1904, 0x1924, 0x1904,
  0x1904, 0x10E4, 0x10E4, 0x1904, 0x1904, 0x1904, 0x10E4, 0x10E4, 0x10E4, 0x10E4, 0x10E4, 0x10E4,
  0x10E4, 0x10E4, 0x10E3, 0x10E4, 0x10E4, 0x10E3, 0x10C3, 0x10E4, 0x10E4, 0x18E4, 0x18E4, 0x1904,
  0x1903, 0x2165, 0x1943, 0x29A4, 0x2982, 0x2983, 0x2163, 0x1923, 0x1922, 0x1942, 0x2162, 0x2162,
  0x2142, 0x29A3, 0x2162, 0x10C1, 0x10E2, 0x10C2, 0x10E2, 0x10E2, 0x10C2, 0x10C1, 0x10E1, 0x2143,
  0x0882, 0x0862, 0x0862, 0x0862, 0x0862, 0x0862, 0x0882, 0x0862, 0x0862, 0x0862, 0x0882, 0x0882,
  0x0882, 0x0882, 0x0882, 0x0882, 0x0882, 0x0882, 0x0882, 0x0882, 0x0862, 0x0882, 0x0882, 0x0862,
  0x0882, 0x0882, 0x0882, 0x0882, 0x08A2, 0x08A2, 0x0882, 0x08A2, 0x08A2, 0x08A2, 0x08A2, 0x10A3,
  0x10A3, 0x08A3, 0x08A3, 0x08A3, 0x10C3, 0x10C3, 0x08A3, 0x08A3, 0x10C3, 0x08A3, 0x10C3, 0x10C3,
  0x10C3, 0x10C3, 0x10C3, 0x08A3, 0x10C3, 0x10C3, 0x10C3, 0x10C3, 0x10C3, 0x10E3, 0x10E4, 0x10E4,
  0x10E4, 0x10E4, 0x10E4, 0x10E3, 0x10E3, 0x10E3, 0x1904, 0x1104, 0x10E4, 0x10E4, 0x10E4, 0x08A3,
  0x10A3, 0x10A3, 0x10A3, 0x10C3, 0x10C3, 0x10C3, 0x10C3, 0x10C3, 0x10C3, 0x10C3, 0x10C3, 0x10C3,
  0x10C3, 0x10C3, 0x10C3, 0x10C3, 0x10C3, 0x10C3, 0x10E4, 0x10E4, 0x10E4, 0x10E4, 0x1904, 0x1904,
  0x1104, 0x1904, 0x1104, 0x1904, 0x1104, 0x1104, 0x10E4, 0x10C3, 0x10C3, 0x10C3, 0x10C3, 0x10C3,
  0x10C3, 0x10E3, 0x10C3, 0x10E3, 0x10E4, 0x10C3, 0x10E4, 0x10E3, 0x10E4, 0x1904, 0x10E4, 0x10E4,
  0x10E3, 0x10E3, 0x10E3, 0x10E3, 0x10E3, 0x10E4, 0x10E4, 0x10E4, 0x1904, 0x1904, 0x1904, 0x1904,
  0x1904, 0x1904, 0x10E3, 0x1904, 0x1904, 0x1904, 0x1904, 0x1904, 0x1924, 0x1904, 0x1945, 0x1925,
  0x1945, 0x1945, 0x1945, 0x1945, 0x1945, 0x1945, 0x1945, 0x2145, 0x2165, 0x1944, 0x2145, 0x2145,
  0x1944, 0x1924, 0x1924, 0x1924, 0x1904, 0x1904, 0x1904, 0x1904, 0x10E4, 0x10E4, 0x10E4, 0x10E3,
  0x10E3, 0x1904, 0x10E3, 0x10E3, 0x10C3, 0x10E4, 0x10E4, 0x10E4, 0x10E3, 0x10E4, 0x10E4, 0x1104,
  0x1904, 0x1904, 0x1924, 0x1924, 0x1904, 0x1904, 0x1924, 0x1924, 0x1925, 0x1925, 0x1945, 0x1945,
  0x1925, 0x2145, 0x2145, 0x1925, 0x1925, 0x1925, 0x1925, 0x1945, 0x1925, 0x1925, 0x1945, 0x1945,
  0x1945, 0x1945, 0x1945, 0x1925, 0x1945, 0x1925, 0x1925, 0x1925, 0x1945, 0x1945, 0x1945, 0x1945,
  0x1945, 0x1925, 0x1925, 0x1925, 0x1925, 0x1925, 0x1925, 0x1925, 0x1925, 0x1925, 0x1925, 0x1925,
  0x1905, 0x1945, 0x2145, 0x2165, 0x2165, 0x2145, 0x1925, 0x1925, 0x1925, 0x1925, 0x2145, 0x2145,
  0x2145, 0x2145, 0x2145, 0x1925, 0x1925, 0x1925, 0x1925, 0x1945, 0x1945, 0x2145, 0x1925, 0x1905,
  0x1905, 0x1925, 0x1904, 0x1904, 0x1905, 0x1905, 0x1904, 0x1904, 0x1904, 0x10E4, 0x1904, 0x1904,
  0x18E4, 0x10E4, 0x1904, 0x1904, 0x1904, 0x1904, 0x1924, 0x1904, 0x10E4, 0x10E3, 0x10E4, 0x1904,
  0x10E4, 0x10E4, 0x10E3, 0x10E3, 0x10E4, 0x10E3, 0x10E4, 0x10E4, 0x10E4, 0x10E3, 0x10E3, 0x10E4,
  0x10E4, 0x10E4, 0x10C3, 0x10E3, 0x10E4, 0x10E4, 0x10E4, 0x1904, 0x10E3, 0x2144, 0x29A5, 0x1942,
  0x29A3, 0x2983, 0x1102, 0x10E2, 0x1922, 0x1101, 0x2163, 0x1902, 0x1902, 0x2981, 0x2982, 0x2142,
  0x1902, 0x2164, 0x10C2, 0x10C2, 0x10C2, 0x10C1, 0x1922, 0x1922, 0x0882, 0x0862, 0x0862, 0x0862,
  0x0862, 0x0862, 0x0862, 0x0862, 0x0862, 0x0862, 0x0882, 0x0882, 0x0882, 0x0862, 0x0882, 0x0882,
  0x0882, 0x0882, 0x0882, 0x0882, 0x0882, 0x0882, 0x0862, 0x0862, 0x0882, 0x0882, 0x0882, 0x0882,
  0x0882, 0x0882, 0x0882, 0x0882, 0x0882, 0x10A3, 0x10A3, 0x10A3, 0x0882, 0x08A3, 0x08A2, 0x08A3,
  0x10C3, 0x08A3, 0x08A3, 0x08A3, 0x10C3, 0x10C3, 0x10C3, 0x10C3, 0x10C3, 0x08A3, 0x08A3, 0x08A3,
  0x08A3, 0x10C3, 0x10C3, 0x10C3, 0x10C3, 0x10C3, 0x10E3, 0x10E3, 0x10E3, 0x10E3, 0x10E4, 0x10E3,
  0x10E3, 0x10E3, 0x1904, 0x1103, 0x10E3, 0x1104, 0x10C3, 0x08A3, 0x10A3, 0x10A3, 0x08A3, 0x10C3,
  0x10C3, 0x10C3, 0x10C3, 0x10C3, 0x10C3, 0x10C3, 0x10C3, 0x10C3, 0x10C3, 0x10C3, 0x10C3, 0x10C3,
  0x10C3, 0x10C3, 0x10C3, 0x10E3, 0x10E4, 0x10E4, 0x1904, 0x1904, 0x1104, 0x10E4, 0x1104, 0x1904,
  0x1904, 0x1104, 0x10E4, 0x10C3, 0x10C3, 0x10C3, 0x10C3, 0x10C3, 0x10C3, 0x10C3, 0x10E3, 0x10E3,
  0x10E3, 0x10E3, 0x10E4, 0x10C3, 0x10E3, 0x10E4, 0x10E3, 0x10C3, 0x10E3, 0x10E3, 0x10E4, 0x10C3,
  0x10E3, 0x10E4, 0x10E3, 0x10E3, 0x10E4, 0x1904, 0x1904, 0x10E4, 0x1904, 0x10E4, 0x10E3, 0x10E4,
  0x1904, 0x1904, 0x1904, 0x1904, 0x1904, 0x1925, 0x1925, 0x1924, 0x1925, 0x1945, 0x1945, 0x1945,
  0x1945, 0x1945, 0x1945, 0x2145, 0x2145, 0x1924, 0x1924, 0x1924, 0x1924, 0x1924, 0x1924, 0x1904,
  0x1904, 0x1904, 0x1904, 0x1904, 0x10E4, 0x10E4, 0x10E3, 0x10E3, 0x10E3, 0x10E4, 0x10C3, 0x10C3,
  0x10C3, 0x10C3, 0x10E3, 0x10E3, 0x10E4, 0x10E4, 0x10E4, 0x10E3, 0x10E4, 0x1103, 0x1104, 0x1924,
  0x1924, 0x1904, 0x1924, 0x1924, 0x1925, 0x1925, 0x1945, 0x1925, 0x1945, 0x2145, 0x1925, 0x1945,
  0x1925, 0x1925, 0x1925, 0x1925, 0x1925, 0x1925, 0x1925, 0x1925, 0x1925, 0x1945, 0x1945, 0x2145,
  0x1945, 0x1925, 0x1925, 0x1925, 0x1945, 0x1945, 0x1945, 0x1945, 0x1925, 0x1925, 0x1925, 0x1925,
  0x1925, 0x1925, 0x1925, 0x1945, 0x1945, 0x1925, 0x1925, 0x1925, 0x1925, 0x1925, 0x2145, 0x2165,
  0x2145, 0x2145, 0x1945, 0x1925, 0x1925, 0x1925, 0x2145, 0x2145, 0x2145, 0x2145, 0x2145, 0x1945,
  0x1925, 0x1945, 0x1925, 0x1925, 0x2145, 0x2145, 0x1925, 0x1905, 0x1904, 0x1904, 0x1904, 0x1904,
  0x1904, 0x1925, 0x1904, 0x1904, 0x1904, 0x1904, 0x10E4, 0x18E4, 0x1904, 0x18E4, 0x10E4, 0x1904,
  0x1904, 0x1904, 0x1904, 0x1904, 0x1904, 0x1904, 0x1904, 0x1904, 0x10E4, 0x10E3, 0x10E3, 0x10E3,
  0x10E3, 0x10C3, 0x10C4, 0x10E4, 0x10E4, 0x10C4, 0x10C4, 0x10C3, 0x10E4, 0x10E3, 0x10C3, 0x10E3,
  0x10E4, 0x10C4, 0x10E4, 0x1904, 0x10E4, 0x10E3, 0x10E3, 0x1923, 0x2983, 0x2142, 0x10E2, 0x10E2,
  0x1102, 0x10E2, 0x2123, 0x18E2, 0x1902, 0x31E3, 0x2141, 0x29A3, 0x2163, 0x2163, 0x1902, 0x10E2,
  0x10A2, 0x10C1, 0x10C1, 0x10E2, 0x0862, 0x0062, 0x0882, 0x0862, 0x0862, 0x0862, 0x0862, 0x0862,
  0x0882, 0x0882, 0x0882, 0x0882, 0x0882, 0x0882, 0x0882, 0x0882, 0x0882, 0x0882, 0x0882, 0x0882,
  0x0882, 0x0862, 0x0862, 0x0862, 0x0882, 0x0882, 0x0882, 0x0882, 0x0882, 0x0882, 0x08A2, 0x08A2,
  0x10A3, 0x10A3, 0x10A3, 0x10A3, 0x0882, 0x08A2, 0x08A2, 0x08A2, 0x10C3, 0x08A3, 0x08A3, 0x08A3,
  0x08A3, 0x10C3, 0x10C3, 0x08A3, 0x08A3, 0x08A3, 0x08A3, 0x08A3, 0x08A3, 0x10C3, 0x10C3, 0x10C3,
  0x10E3, 0x10C3, 0x10C3, 0x10E3, 0x10E3, 0x10E3, 0x10C3, 0x10E3, 0x10E3, 0x10E3, 0x1103, 0x1903,
  0x1904, 0x1904, 0x08A3, 0x08A3, 0x10A3, 0x10A3, 0x08A3, 0x10C3, 0x10C3, 0x10C3, 0x10C3, 0x10C3,
  0x10C3, 0x10C3, 0x10C3, 0x10E4, 0x10C3, 0x10C3, 0x10E4, 0x10C3, 0x10C3, 0x10C3, 0x10C3, 0x10E3,
  0x10C3, 0x10C3, 0x10E4, 0x10E4, 0x1104, 0x10E4, 0x1104, 0x1904, 0x1104, 0x10E3, 0x10E4, 0x10C3,
  0x10C3, 0x10C3, 0x10C3, 0x10E4, 0x10E3, 0x10E3, 0x10E3, 0x10E3, 0x10C3, 0x10C3, 0x10C3, 0x10E3,
  0x10E3, 0x10E4, 0x10E3, 0x10C3, 0x10C3, 0x10E3, 0x10E3, 0x10E3, 0x10C3, 0x10C3, 0x10C3, 0x10E3,
  0x10E3, 0x10E4, 0x10E4, 0x10C3, 0x10C3, 0x10E3, 0x10E3, 0x10E3, 0x1904, 0x1924, 0x1925, 0x1924,
  0x1925, 0x1945, 0x1924, 0x1924, 0x1945, 0x2145, 0x2145, 0x1945, 0x1945, 0x1945, 0x1945, 0x1945,
  0x1945, 0x1924, 0x1924, 0x1924, 0x1904, 0x1924, 0x1924, 0x1904, 0x1904, 0x1904, 0x10E4, 0x10E4,
  0x10E4, 0x10E3, 0x10E3, 0x10E3, 0x10E3, 0x10E3, 0x10E3, 0x10C3, 0x10C3, 0x10C3, 0x10C3, 0x10C3,
  0x10C3, 0x10C3, 0x10C3, 0x10C3, 0x10E4, 0x10E3, 0x10E3, 0x1904, 0x1904, 0x1904, 0x1924, 0x1925,
  0x1924, 0x1904, 0x1924, 0x1924, 0x1945, 0x1945, 0x1925, 0x1925, 0x1945, 0x1925, 0x1925, 0x1925,
  0x1925, 0x1925, 0x1925, 0x1925, 0x1925, 0x1945, 0x1945, 0x1945, 0x1945, 0x1925, 0x1925, 0x2145,
  0x1925, 0x1945, 0x1945, 0x1945, 0x1925, 0x1925, 0x1925, 0x1925, 0x1925, 0x2145, 0x1925, 0x1925,
  0x1925, 0x1925, 0x1945, 0x1925, 0x1924, 0x1925, 0x2145, 0x2145, 0x1945, 0x1945, 0x2145, 0x2125,
  0x1925, 0x2145, 0x2145, 0x2145, 0x2145, 0x1945, 0x2145, 0x1925, 0x1925, 0x1945, 0x2145, 0x1925,
  0x1945, 0x1925, 0x1905, 0x1925, 0x1925, 0x1905, 0x2145, 0x1925, 0x1905, 0x1904, 0x1925, 0x1925,
  0x1104, 0x10E4, 0x10E4, 0x10E4, 0x18E4, 0x1904, 0x10E4, 0x10E4, 0x1904, 0x1904, 0x1904, 0x1924,
  0x1925, 0x1904, 0x1904, 0x10E4, 0x10E4, 0x10E4, 0x10E3, 0x10E4, 0x10E3, 0x10E3, 0x10C4, 0x10C3,
  0x10C3, 0x10C4, 0x10C3, 0x10C3, 0x10E3, 0x10C3, 0x10C3, 0x10E3, 0x10E3, 0x10E3, 0x10E4, 0x10E4,
  0x10E4, 0x10E4, 0x10E4, 0x2965, 0x2122, 0x1901, 0x1903, 0x10E3, 0x10C2, 0x10C2, 0x18E3, 0x10C2,
  0x2143, 0x29A2, 0x2161, 0x2983, 0x2142, 0x2142, 0x2163, 0x2142, 0x08A1, 0x08A2, 0x0882, 0x0882,
};
